回答番号,性別,年齢,問15_住みやすさ,問20_満足度_01,問20_満足度_02,問20_満足度_03,問20_満足度_04,問20_満足度_05,問20_満足度_06,問20_満足度_07,問20_満足度_08,問20_満足度_09,問20_満足度_10,問20_満足度_11,問20_満足度_12,問20_満足度_13,問20_満足度_14,問20_満足度_15,問20_満足度_16,問20_満足度_17,問20_満足度_18,問20_満足度_19,問20_満足度_20,問20_満足度_21,問20_満足度_22,問20_満足度_23,問20_満足度_24,問20_満足度_25,問20_満足度_26,問20_満足度_27,問20_満足度_28,問20_満足度_29,問20_満足度_30,問20_満足度_31,問20_満足度_32,問20_満足度_33,問20_満足度_34,問20_満足度_35,問20_満足度_36,問20_満足度_37,問20_満足度_38,問20_満足度_39,問20_満足度_40,問20_優先度_01,問20_優先度_02,問20_優先度_03,問20_優先度_04,問20_優先度_05,問20_優先度_06,問20_優先度_07,問20_優先度_08,問20_優先度_09,問20_優先度_10,問20_優先度_11,問20_優先度_12,問20_優先度_13,問20_優先度_14,問20_優先度_15,問20_優先度_16,問20_優先度_17,問20_優先度_18,問20_優先度_19,問20_優先度_20,問20_優先度_21,問20_優先度_22,問20_優先度_23,問20_優先度_24,問20_優先度_25,問20_優先度_26,問20_優先度_27,問20_優先度_28,問20_優先度_29,問20_優先度_30,問20_優先度_31,問20_優先度_32,問20_優先度_33,問20_優先度_34,問20_優先度_35,問20_優先度_36,問20_優先度_37,問20_優先度_38,問20_優先度_39,問20_優先度_40
1,1,74,3,2,2,2,2,2,2,2,2,2,2,5,5,4,4,4,2,2,2,2,2,2,5,5,2,2,2,2,3,3,3,3,2,2,2,3,3,2,2,2,2,2,2,2,2,2,2,2,2,2,2,2,2,2,5,5,2,2,2,3,2,2,2,2,2,2,2,2,2,2,2,2,0,2,2,2,2,2,2,2,2
2,1,70,2,5,5,5,5,5,5,5,2,5,5,5,5,5,5,5,4,2,4,5,5,5,5,5,5,5,2,2,5,5,5,5,5,5,5,4,5,5,5,5,5,5,5,5,4,5,1,2,1,5,5,2,5,5,5,5,2,1,1,5,5,5,5,5,4,5,1,2,5,5,5,5,5,5,1,5,5,5,5,5,5
6,2,40,1,5,2,5,1,1,1,5,2,5,5,5,5,1,1,1,1,1,1,5,5,5,2,2,1,5,2,2,3,2,5,5,5,2,1,5,5,2,5,5,2,1,5,2,2,1,1,1,2,5,5,2,2,5,1,1,2,1,1,2,1,2,2,2,2,5,2,1,5,5,5,5,5,2,1,5,5,2,5,5,2
7,2,33,2,3,5,2,2,3,3,2,2,2,2,2,3,4,2,2,2,2,2,2,3,2,2,2,2,2,2,2,3,2,3,3,2,2,2,2,2,2,2,3,3,1,5,3,3,1,1,3,2,3,2,2,3,1,3,3,2,2,2,2,2,3,3,3,2,2,2,2,3,3,2,2,3,3,2,2,2,3,3,2,2
8,2,50,2,5,3,5,3,5,5,5,3,5,5,3,3,3,5,4,3,3,3,4,4,3,5,5,2,5,2,3,3,5,5,3,5,3,3,3,2,5,2,4,4,3,4,4,2,2,2,2,2,2,2,2,1,2,3,3,2,2,2,2,2,2,3,2,3,2,2,2,3,3,2,2,3,3,2,2,3,3,2,1,2
11,1,72,2,2,2,2,2,3,2,3,3,2,5,3,2,4,2,3,2,1,2,3,2,2,4,2,3,3,2,3,4,4,4,3,3,3,4,3,3,5,2,3,3,2,2,2,2,1,2,2,2,3,2,2,1,1,2,3,2,1,1,1,1,2,2,2,2,2,2,2,2,3,3,3,3,2,2,3,3,3,3,2,1
12,1,72,2,5,5,5,5,5,5,5,5,5,5,3,5,5,5,5,4,2,2,5,5,5,5,5,5,5,2,2,4,2,5,5,5,4,2,5,5,5,5,5,5,5,5,5,5,5,5,5,5,5,5,3,5,5,5,5,3,2,2,5,5,5,5,5,5,5,2,3,2,3,5,5,5,2,3,5,5,5,5,5,5
13,1,40,0,4,3,2,2,4,4,3,3,3,5,3,3,4,3,4,3,3,2,3,3,2,3,3,2,2,2,2,4,4,4,3,3,3,3,3,2,3,2,3,2,2,4,2,3,1,1,2,2,2,5,3,2,1,2,1,2,1,3,3,2,1,2,3,3,3,4,4,2,2,2,3,2,2,2,2,3,2,3,2,2
14,1,25,2,5,2,3,3,3,2,1,1,2,5,2,2,1,1,5,3,1,2,2,3,4,4,5,2,3,2,3,4,5,1,4,2,2,1,1,2,5,2,4,2,1,4,1,1,1,2,3,2,3,2,3,3,4,3,5,1,4,2,3,1,1,4,5,1,1,1,1,3,5,3,2,4,4,4,4,4,5,4,1,4
15,1,20,2,2,2,2,3,3,2,3,3,3,2,3,3,3,3,4,2,1,2,3,2,2,3,3,2,2,2,2,3,2,3,2,2,2,2,2,3,2,2,3,3,2,2,2,2,2,2,3,2,2,2,3,3,3,3,4,3,2,2,2,2,3,3,3,2,2,3,3,2,2,3,3,3,3,2,3,3,3,2,2,2
16,2,72,2,5,5,5,5,5,5,2,2,2,5,1,5,2,5,5,2,1,5,2,5,2,5,5,5,5,1,5,5,5,2,2,5,2,5,2,5,5,5,4,3,5,5,5,4,5,4,3,2,4,4,4,4,4,5,5,4,1,5,2,2,2,5,4,5,2,1,4,4,5,4,2,5,2,4,4,5,5,5,1,1
17,2,72,2,2,4,4,5,2,5,2,2,4,1,3,2,3,4,4,2,4,5,5,5,3,4,5,2,5,2,1,1,1,5,1,2,2,2,2,5,2,2,1,5,1,2,2,5,2,5,2,3,2,3,2,2,2,1,1,1,1,5,5,5,1,1,5,2,5,2,1,1,1,5,1,2,2,2,2,5,2,2,1,5
19,1,45,1,3,3,3,4,4,3,3,2,2,3,3,2,3,3,4,2,3,2,3,4,2,3,3,2,3,3,3,4,3,3,2,2,3,3,3,2,2,3,3,3,2,1,1,1,1,2,3,2,3,2,2,2,3,2,1,2,2,3,2,1,3,1,1,2,2,2,2,1,2,2,2,3,2,2,1,2,3,2,3,2
21,1,58,2,5,3,2,3,5,5,2,3,4,5,5,5,2,2,2,2,2,3,4,2,2,2,3,2,2,2,2,3,3,4,4,5,3,3,3,3,3,2,4,3,2,2,3,2,5,5,2,3,4,5,5,5,2,2,2,2,2,3,4,2,2,2,3,2,2,2,3,2,2,2,2,5,2,2,2,3,3,3,1,2
22,2,41,2,5,0,3,3,4,4,2,2,2,2,2,4,3,4,4,4,1,3,3,2,5,5,5,4,4,3,4,4,3,5,2,3,4,4,4,3,3,3,5,0,1,0,4,3,1,1,2,1,2,2,3,2,1,1,2,1,1,1,2,2,5,5,5,1,1,1,3,4,3,5,3,3,1,1,1,4,3,3,5,3
23,2,58,2,5,5,2,5,5,5,2,5,5,5,5,3,3,3,3,3,5,5,3,5,5,3,5,0,0,2,2,3,0,3,2,5,2,2,0,5,5,5,5,5,2,3,3,3,2,2,2,2,2,5,5,2,3,2,3,2,2,2,3,5,5,3,3,2,2,2,2,2,0,2,3,5,3,2,2,5,3,2,2,0
24,1,30,2,5,5,5,2,5,5,5,2,5,5,5,3,2,2,2,5,3,5,5,5,5,5,5,5,4,2,5,4,4,4,5,4,4,4,4,5,5,5,4,2,1,4,4,2,1,1,2,1,4,2,2,2,3,2,3,3,2,3,4,4,4,4,4,2,3,1,2,4,4,4,4,4,4,4,2,4,4,4,1,2
29,2,35,3,3,3,3,5,3,3,5,3,3,3,5,4,4,5,5,5,5,4,5,5,5,5,5,5,5,5,5,5,5,5,5,5,5,5,5,5,5,5,5,5,2,2,3,3,1,1,3,2,2,2,2,1,1,3,3,3,2,2,2,3,3,3,3,1,1,1,1,3,3,3,3,3,3,3,3,3,3,3,3,3
30,1,51,2,2,3,3,4,3,3,3,2,5,5,5,4,2,5,5,2,5,2,1,5,5,3,4,5,2,5,4,4,5,2,5,5,2,3,5,5,5,5,5,4,2,4,4,1,1,1,2,3,5,5,5,2,3,5,5,2,5,2,2,5,5,4,4,5,2,5,3,3,5,2,5,5,2,2,5,5,5,5,5,2
31,2,63,2,5,3,3,3,5,5,3,3,4,4,3,2,3,3,2,2,2,0,2,2,2,0,5,0,0,2,2,3,3,4,5,5,2,2,2,5,3,5,1,3,5,3,4,3,5,2,3,1,2,2,3,3,3,3,2,2,1,0,2,2,3,0,5,1,1,1,2,3,1,2,4,5,3,3,3,5,3,5,1,3
33,1,52,2,3,4,2,3,2,2,2,2,2,3,3,2,4,3,4,2,2,4,4,4,5,4,5,4,5,2,3,4,3,5,5,3,3,3,3,5,5,4,2,2,2,3,2,2,2,1,2,1,2,2,2,2,1,1,2,3,3,5,5,5,5,5,5,5,5,2,1,2,5,5,5,5,3,3,3,5,5,2,1,2
34,1,62,2,3,2,2,3,2,3,3,2,3,2,3,3,2,2,4,3,1,2,2,2,2,3,3,3,3,3,3,3,3,3,2,3,2,2,2,2,3,3,3,1,2,2,2,2,2,2,1,1,1,1,2,2,3,2,2,2,1,1,1,1,2,2,3,2,2,3,2,3,2,1,2,3,3,2,3,2,3,2,1,1
35,2,48,2,2,3,3,3,3,4,2,2,3,3,3,2,3,5,2,3,1,4,3,3,2,3,3,5,2,5,2,4,2,4,5,5,3,3,5,2,3,5,5,5,2,3,2,2,2,1,3,3,3,2,3,3,2,5,3,2,2,1,1,1,1,1,2,1,1,1,1,1,3,1,3,5,3,2,3,3,2,5,2,1
38,2,62,2,2,5,5,3,3,3,5,3,2,5,5,2,4,5,4,3,2,3,5,5,5,5,5,2,2,3,3,4,4,4,5,5,2,3,5,5,5,5,2,5,2,5,5,2,2,2,5,1,2,5,5,2,2,5,3,2,2,3,5,5,3,3,3,2,2,2,2,3,5,3,5,5,2,2,5,5,5,5,2,5
39,2,72,2,5,5,5,5,5,5,5,2,5,5,5,5,5,5,5,5,5,5,5,5,5,5,5,5,5,2,5,5,3,3,5,5,5,2,5,5,5,5,5,5,5,5,5,5,5,5,5,2,5,5,5,5,5,5,5,5,5,5,5,5,5,5,5,5,5,2,5,5,2,2,5,5,5,2,5,5,5,5,5,5
40,1,30,2,2,3,3,2,3,2,2,2,2,2,2,3,3,3,4,3,2,2,3,3,3,3,3,3,2,2,2,3,3,3,3,3,2,2,2,3,3,3,2,2,2,3,3,3,2,1,2,1,2,2,2,1,3,3,2,3,1,2,2,2,3,3,3,2,2,2,2,3,3,2,3,3,2,2,2,3,3,3,1,2
42,2,41,2,4,1,2,2,4,2,5,2,1,4,4,5,4,3,3,2,2,3,5,5,1,5,5,5,3,2,4,4,2,3,5,5,2,4,3,3,2,2,5,1,2,4,3,3,2,2,5,2,2,1,2,2,2,2,3,3,1,2,2,2,3,5,5,5,2,2,2,3,3,2,3,5,2,2,2,2,3,3,2,3
43,2,67,1,5,5,5,5,5,5,5,5,5,5,0,0,0,0,2,5,1,0,0,0,1,0,0,0,0,2,0,0,0,0,0,0,0,0,0,0,0,0,0,0,5,5,5,5,5,5,5,5,5,5,0,0,0,0,0,5,1,0,0,0,1,0,0,0,0,2,4,4,2,4,1,4,0,0,0,0,0,0,0,0
45,1,40,2,4,4,4,3,3,4,3,4,3,3,3,3,4,3,4,4,2,3,3,3,3,0,5,3,5,2,3,3,4,4,4,4,3,2,3,3,3,0,4,4,2,2,2,2,2,2,2,2,2,2,2,2,2,2,1,1,2,2,2,2,2,0,3,2,3,2,2,2,1,2,1,2,2,2,2,2,2,0,1,1
46,1,51,3,3,2,3,2,3,5,2,3,4,5,5,4,4,4,4,4,5,4,4,4,4,5,4,3,4,5,3,4,3,3,4,4,4,4,4,4,5,5,5,5,2,3,3,3,2,5,2,2,1,5,5,1,3,2,2,2,5,2,2,1,5,5,1,1,1,1,2,3,2,1,1,1,1,1,1,5,5,5,5,5
47,2,69,2,5,5,5,2,2,2,3,3,5,5,5,3,5,5,2,2,5,5,5,2,5,5,2,5,2,2,5,5,5,5,5,5,5,5,5,5,5,5,5,5,5,5,5,5,0,2,5,2,2,1,5,5,2,5,5,2,2,5,5,5,2,5,5,2,5,2,2,5,5,5,5,5,5,5,5,5,5,5,5,5
49,2,65,4,4,3,5,5,3,3,4,4,4,5,4,4,4,5,5,4,4,3,5,5,5,5,5,5,5,5,5,4,5,5,5,5,5,4,4,5,5,5,4,5,2,3,5,5,2,2,2,1,1,5,2,3,1,2,2,2,2,2,5,5,5,5,4,1,1,1,1,2,5,5,3,5,5,2,2,5,5,4,1,5
51,2,44,3,2,2,2,2,2,2,2,4,4,4,4,4,4,4,3,2,4,3,4,3,3,5,5,2,4,2,4,4,5,4,5,5,4,4,4,5,5,5,4,2,2,2,2,2,2,2,2,1,1,1,2,2,2,1,1,2,1,2,1,2,2,5,5,1,1,2,1,1,5,1,5,5,1,1,1,5,5,5,1,2
52,2,42,2,2,2,2,2,2,2,2,3,2,2,2,2,2,2,3,3,2,5,5,5,2,2,5,2,2,2,2,2,2,2,2,5,2,2,5,2,2,2,5,5,2,2,2,2,2,1,2,1,1,1,2,2,2,2,2,2,2,2,2,5,3,2,2,1,1,1,1,2,2,1,2,2,3,2,2,2,1,2,2,3
60,1,73,2,3,2,3,2,3,3,3,3,3,3,2,3,3,3,4,2,3,3,3,3,2,3,3,3,3,2,3,3,2,4,3,3,2,2,2,3,3,2,3,3,2,4,2,3,2,2,2,2,2,2,2,2,2,2,2,3,1,2,2,2,3,2,2,2,2,2,2,2,3,1,2,2,3,3,3,2,2,3,2,2
62,1,31,2,0,2,1,2,4,4,3,2,2,2,2,2,2,2,2,2,3,3,3,2,1,2,2,1,2,4,4,2,1,5,4,5,5,5,5,5,5,5,5,5,0,2,1,2,2,1,2,1,2,2,2,2,2,2,2,2,1,1,1,1,4,2,2,1,1,1,1,1,2,5,1,5,1,1,1,1,1,1,1,1
65,1,73,2,5,5,5,5,5,5,5,5,3,5,5,5,5,5,5,5,5,5,5,5,5,5,5,5,5,5,5,5,5,4,4,5,5,5,5,5,5,5,5,5,2,3,3,3,1,1,2,2,3,2,2,2,3,3,3,3,2,2,1,2,3,4,2,2,2,2,2,2,2,1,2,3,3,2,2,3,2,3,2,2
68,2,68,2,2,2,5,2,3,2,2,2,2,2,2,3,3,2,3,3,2,2,3,3,3,3,3,2,3,2,2,3,3,2,3,3,3,3,3,3,3,3,3,3,2,2,5,2,2,2,2,2,2,2,2,2,2,2,2,2,1,2,2,2,2,2,2,2,2,2,2,2,2,2,2,2,2,2,2,2,2,2,2,2
69,2,78,0,2,2,0,5,5,2,5,2,2,5,5,2,5,5,5,3,2,2,5,5,1,5,5,5,5,0,2,2,2,2,5,5,5,2,2,2,2,2,2,2,0,0,5,0,0,0,0,0,0,0,0,0,0,0,0,0,0,0,0,0,0,0,0,0,0,5,0,0,0,0,0,0,0,0,0,0,0,0,0,0
70,2,44,0,3,3,4,3,3,4,2,3,2,5,5,3,2,3,3,3,3,4,3,2,2,3,3,3,3,4,3,3,4,4,4,3,3,3,3,2,2,3,3,4,2,3,3,3,2,1,3,2,3,5,5,2,3,2,2,2,2,1,2,3,3,2,4,2,2,2,3,3,3,2,3,2,2,2,2,3,3,3,2,3
71,1,68,0,3,3,2,2,3,4,3,3,3,4,3,3,4,3,3,3,2,3,3,4,3,3,3,4,4,2,3,4,4,4,4,4,3,4,4,3,4,3,3,4,2,3,2,2,2,1,2,2,2,2,2,2,2,2,2,2,2,2,2,1,2,2,2,2,2,2,2,2,2,2,2,2,2,2,2,2,2,2,2,2
72,1,33,3,4,2,2,3,3,5,3,4,4,5,2,5,2,2,3,3,2,5,5,5,2,2,3,3,3,1,2,1,4,4,3,3,2,3,3,3,3,3,4,3,1,2,3,3,2,5,3,2,2,2,2,2,2,3,2,2,2,1,3,5,3,3,3,3,3,1,1,2,1,2,3,1,3,2,2,3,2,2,2,2
76,2,76,3,2,2,2,2,2,3,3,3,3,3,3,3,2,3,3,3,3,3,0,0,0,0,0,0,0,5,3,0,4,4,4,3,5,2,5,5,5,5,5,5,3,5,5,0,5,2,5,2,2,2,2,5,3,2,5,2,1,2,0,0,0,0,0,0,0,5,2,0,2,2,3,2,5,3,5,5,5,5,5,5
77,2,76,3,5,4,2,4,5,5,2,3,3,5,5,2,2,5,5,2,2,5,5,5,2,2,5,2,5,2,2,4,2,4,5,5,2,2,2,5,2,2,5,3,5,5,2,5,5,5,2,3,3,5,5,2,2,5,5,2,2,5,5,5,2,2,5,2,5,2,2,5,2,4,5,5,2,2,2,5,2,2,5,3
78,1,69,2,2,3,2,2,3,3,5,3,3,5,2,5,2,3,2,2,1,3,2,4,5,5,2,2,3,2,2,3,4,4,4,4,2,2,2,5,4,2,2,2,2,2,3,3,2,2,3,1,2,2,3,1,3,1,3,3,4,2,4,2,5,5,3,2,2,3,3,3,2,2,2,2,3,3,3,5,4,3,3,2
79,1,46,2,2,3,5,3,2,2,5,3,5,5,5,3,2,3,3,3,2,3,3,5,5,5,5,3,3,5,3,3,3,4,5,5,2,3,3,5,5,5,5,4,2,2,4,2,2,1,3,1,3,5,5,2,3,1,2,2,2,2,2,5,4,5,5,1,1,2,1,2,1,1,5,5,2,1,1,4,5,5,5,1
80,1,61,1,4,3,3,2,4,5,4,2,2,3,4,2,3,4,4,2,2,2,4,3,2,3,5,3,4,3,3,3,3,3,3,3,3,3,3,3,3,3,3,3,2,3,4,3,5,5,2,1,5,2,2,2,2,1,1,3,3,2,2,2,3,1,2,1,2,2,1,3,2,2,1,2,2,1,5,3,2,2,1,1
82,1,62,3,3,3,3,3,3,3,3,3,3,3,3,3,3,3,3,3,3,3,3,3,3,3,3,3,3,3,3,3,3,3,3,3,3,3,3,3,3,3,3,3,5,5,5,5,5,5,5,5,5,5,5,5,5,5,5,5,5,5,5,5,5,5,5,5,5,5,5,5,5,5,5,5,5,5,5,5,5,5,5,5
83,2,70,1,2,3,2,3,2,2,2,2,5,5,5,2,2,3,3,2,2,2,5,5,2,2,5,5,2,2,2,3,2,2,5,5,2,2,2,1,5,2,3,2,2,3,2,1,2,2,2,2,2,2,2,2,2,2,2,2,2,2,5,5,2,2,5,2,2,2,2,2,2,2,2,2,2,2,2,2,5,2,2,2
84,2,43,3,5,5,0,4,4,4,4,4,4,4,4,4,4,0,4,4,3,4,0,0,4,4,4,4,4,4,4,4,4,4,4,4,4,4,4,4,4,4,4,4,2,2,2,2,2,2,2,2,2,2,2,1,1,0,1,1,1,1,2,2,2,2,2,2,1,1,1,1,1,1,1,1,1,1,1,1,1,1,1,1
86,1,21,2,2,2,2,1,2,5,3,2,5,5,2,2,3,5,5,2,1,1,2,5,2,5,5,2,2,1,3,2,5,1,5,2,2,2,2,5,5,2,2,2,2,2,2,2,2,1,1,2,2,5,3,1,2,5,5,1,1,2,3,1,2,5,4,2,1,2,1,2,3,4,5,3,4,2,2,5,5,2,2,2
90,1,64,2,5,3,5,3,4,5,3,3,5,5,5,4,3,3,5,5,3,4,3,5,5,5,3,3,5,3,3,4,4,5,4,4,3,5,5,5,5,3,5,5,5,3,5,3,4,5,3,3,5,5,5,4,3,3,5,5,3,4,3,5,5,5,3,3,5,3,3,4,4,5,4,4,3,5,5,5,5,3,5,5
92,2,57,3,5,5,5,4,5,5,5,4,3,5,5,5,4,4,5,5,5,4,4,5,5,5,4,5,5,5,5,5,5,4,4,5,2,2,2,5,5,5,5,5,5,5,5,2,5,5,2,2,2,2,2,2,2,2,2,3,2,1,1,2,2,5,2,2,2,2,2,2,5,2,2,4,4,3,3,3,5,5,5,5
93,1,26,2,5,5,2,5,5,5,5,5,5,5,5,2,5,5,3,5,5,5,5,5,5,5,5,5,5,5,5,5,5,5,5,5,5,5,5,5,5,5,5,5,5,5,5,2,5,1,5,1,5,5,5,5,2,5,5,5,5,5,5,5,5,5,5,5,5,5,5,5,5,5,5,5,5,5,5,5,5,5,5,5
95,1,37,2,2,2,2,2,2,2,2,2,2,2,2,2,2,2,2,2,2,2,2,2,2,2,2,2,2,2,2,2,2,2,2,2,2,2,2,2,2,2,2,2,2,2,3,4,2,2,2,2,4,4,4,2,4,4,2,2,2,3,3,3,3,3,4,3,3,2,2,4,4,4,4,4,1,1,2,2,4,4,4,4
97,1,65,3,4,3,5,3,4,4,3,3,2,2,2,4,3,4,4,3,2,4,3,2,5,3,4,2,3,2,2,3,3,3,4,3,3,3,2,2,2,3,2,2,1,3,5,2,2,1,2,2,3,3,2,1,2,2,2,2,2,2,2,2,5,2,3,2,2,2,0,3,3,3,3,3,3,3,3,3,3,3,4,4
103,2,35,3,5,5,5,2,4,4,2,2,5,4,5,5,2,5,5,5,2,4,5,5,5,5,5,5,5,5,4,2,2,4,5,5,2,3,5,5,5,5,4,5,2,2,5,2,2,2,1,2,3,2,5,5,3,2,5,5,2,1,5,5,3,5,5,5,5,5,2,3,2,2,5,5,3,2,5,5,5,5,2,5
104,2,77,1,4,4,4,4,4,3,3,2,3,3,3,3,4,4,3,3,2,3,4,3,3,4,4,3,3,2,2,4,3,4,4,3,3,3,3,4,3,3,3,4,1,2,3,1,1,2,2,2,2,2,2,2,2,2,2,3,3,2,1,2,2,1,1,2,2,1,2,1,2,2,1,2,2,2,2,2,2,2,2,1
105,1,56,4,5,5,5,0,0,0,0,3,3,5,0,4,4,4,4,4,2,4,4,5,5,4,5,5,4,0,0,0,0,0,0,0,0,0,0,0,0,0,0,0,5,5,5,1,1,1,1,1,1,1,0,2,3,3,3,3,2,2,2,5,5,5,1,3,3,0,0,0,0,0,0,0,0,0,0,0,0,0,0,0
106,2,33,2,5,5,5,2,5,5,2,5,5,5,5,5,2,5,4,5,5,4,5,5,5,5,5,5,5,5,5,5,5,5,5,5,4,2,2,5,5,5,5,5,1,1,3,2,1,1,1,1,1,2,3,3,3,3,2,1,1,1,1,3,4,4,4,2,2,1,2,4,3,1,3,2,2,2,2,2,2,2,1,2
108,1,32,2,5,5,5,3,3,5,2,4,5,3,2,2,3,4,2,3,2,3,4,2,3,3,3,4,3,4,3,3,3,4,4,4,4,3,2,3,3,3,4,4,2,3,2,2,2,2,3,2,3,2,3,2,2,2,3,2,3,3,2,3,2,3,2,2,2,2,2,3,2,1,2,2,2,2,3,2,2,3,1,1
109,2,55,2,5,5,5,5,5,5,5,5,5,5,5,5,5,5,5,5,5,5,5,5,2,5,5,5,5,5,5,5,5,5,5,5,5,5,5,5,5,5,5,5,5,5,5,5,5,5,5,5,5,5,5,5,5,5,5,5,5,5,5,5,5,5,5,5,5,5,5,5,5,5,5,5,5,5,5,5,5,5,5,5
114,1,51,3,5,3,2,3,3,3,3,3,3,3,3,2,3,2,3,2,2,2,2,3,2,2,2,2,2,2,2,3,2,4,4,4,1,2,2,4,4,3,3,3,2,2,2,2,3,3,2,2,2,2,2,2,2,2,3,2,2,2,2,2,3,3,3,3,3,3,3,2,3,1,1,1,3,3,3,3,2,2,1,1
116,2,71,2,2,3,3,2,3,2,2,3,3,2,3,3,3,3,2,3,2,3,2,3,2,2,2,3,5,2,2,3,3,4,3,2,2,3,3,5,5,5,5,2,5,2,2,2,5,5,2,1,2,5,2,2,5,5,2,2,1,5,2,5,5,2,2,2,5,1,1,2,2,1,5,2,2,1,2,5,2,2,2,2
120,1,78,1,4,2,2,2,2,2,2,3,3,3,3,3,2,2,2,3,2,3,3,3,3,3,3,2,3,2,2,3,3,3,3,3,2,2,3,4,4,4,3,4,3,3,3,3,3,3,3,3,3,3,3,3,3,3,3,3,1,1,2,2,3,3,3,3,3,1,1,4,2,2,3,3,3,2,2,4,3,2,2,3
121,1,76,3,4,3,3,2,4,4,3,4,4,4,3,2,2,2,4,2,1,5,5,5,5,3,4,4,4,2,2,4,4,5,5,3,2,2,4,5,5,3,4,4,1,2,3,2,1,1,3,3,3,3,2,2,3,3,2,3,3,5,5,5,5,4,4,3,3,3,3,4,3,5,5,3,3,3,3,5,5,4,4,4
122,1,31,2,4,1,5,4,1,1,4,4,5,5,5,5,4,4,4,4,1,5,4,4,4,5,5,5,4,5,1,4,1,5,5,5,4,4,4,1,5,5,5,4,4,4,4,4,1,1,4,1,4,4,4,4,1,1,1,1,1,4,1,1,4,4,4,4,1,4,1,1,4,4,1,4,1,1,1,4,4,4,1,4
123,1,52,1,5,3,5,3,3,5,3,4,3,2,2,4,4,4,4,3,2,2,5,5,5,5,3,4,3,3,2,5,3,4,3,5,5,5,5,5,5,3,4,5,5,1,5,1,1,5,3,2,1,3,3,1,3,3,3,2,1,3,5,5,5,5,2,2,1,1,2,5,2,1,1,5,5,5,5,5,5,1,2,5
124,2,62,3,5,5,5,5,5,5,3,3,5,5,5,5,5,5,5,3,2,3,3,5,5,5,5,5,5,5,5,5,5,3,5,5,5,5,5,5,5,5,3,5,5,5,5,5,5,5,2,2,2,2,5,5,5,5,5,5,1,2,1,2,2,2,2,2,2,1,2,5,5,2,2,2,2,2,2,5,5,5,1,2
125,2,71,2,0,0,0,0,0,0,0,0,0,0,0,0,0,0,0,0,0,0,0,0,0,0,0,0,0,0,0,0,0,0,0,0,0,0,0,0,0,0,0,0,0,0,0,0,0,0,0,0,0,0,0,0,0,0,0,0,0,0,0,0,0,0,0,0,0,0,0,0,0,0,0,0,0,0,0,0,0,0,0,0
128,2,34,2,2,5,5,5,2,3,3,2,2,2,5,4,4,3,2,3,3,2,2,2,2,2,3,2,3,3,3,4,3,4,4,3,4,3,4,2,3,3,4,3,2,5,5,2,2,5,2,2,2,2,5,1,2,5,3,2,2,3,3,2,2,2,3,5,3,3,3,2,2,2,2,3,2,2,2,3,3,3,1,3
133,1,75,1,1,3,4,3,2,1,3,1,2,2,3,4,3,2,1,2,1,4,4,2,3,3,4,3,2,2,2,0,2,3,3,3,1,4,3,2,3,4,4,4,1,3,4,2,1,1,2,1,1,1,2,1,1,1,1,1,1,1,2,2,1,3,2,2,1,1,1,0,1,1,2,1,3,1,1,1,2,2,1,2
134,1,57,2,5,2,3,3,5,5,5,3,3,5,3,4,4,4,4,4,2,2,3,5,3,3,3,2,5,3,4,4,3,3,5,5,4,4,3,3,4,5,5,5,2,3,2,3,2,2,4,2,2,3,2,1,3,3,3,1,2,2,1,2,2,1,3,2,2,2,1,1,2,2,3,2,2,1,2,3,2,2,2,3
135,1,72,2,5,3,5,3,3,5,3,3,3,5,3,2,3,3,3,3,2,5,3,3,2,3,3,2,3,2,2,3,2,3,3,3,3,3,3,5,3,3,3,5,5,3,5,2,2,5,2,2,2,5,3,2,2,2,3,2,2,5,3,2,3,2,3,2,3,2,2,2,2,3,2,5,3,2,2,5,2,2,3,5
138,1,67,2,3,3,3,3,3,3,3,3,3,3,4,3,4,4,4,4,2,2,4,4,4,4,4,4,3,3,3,4,3,4,3,4,2,3,4,3,4,3,3,4,2,2,2,2,2,1,1,1,1,1,1,2,2,2,3,1,1,1,1,5,5,5,5,1,1,1,2,2,2,1,0,2,3,1,2,2,2,0,1,2
140,2,33,3,3,5,5,3,2,2,3,3,5,5,5,3,3,5,3,3,4,3,5,5,1,3,4,5,5,5,3,4,5,4,5,3,4,4,5,5,5,5,4,5,5,5,5,5,5,5,5,1,5,5,5,2,5,5,5,5,2,5,5,5,5,5,5,5,5,5,5,5,5,5,5,5,2,2,5,5,5,5,2,5
142,2,67,3,5,5,5,5,5,5,5,5,5,5,5,5,2,5,5,5,5,5,5,5,5,5,5,5,5,5,4,5,5,5,5,5,5,5,5,5,5,5,5,5,2,3,4,4,2,2,3,2,4,5,5,5,3,5,4,2,2,2,2,2,3,3,2,2,2,2,2,3,3,2,2,2,2,2,2,2,2,5,3,2
143,1,48,2,4,3,2,4,3,2,2,2,3,2,3,4,4,3,3,2,2,3,4,4,4,2,4,3,3,2,2,4,4,4,4,3,2,2,2,2,3,3,3,4,1,2,4,2,2,4,4,1,2,2,2,1,2,3,3,3,2,2,2,1,1,4,5,2,2,2,2,3,2,2,2,3,2,2,3,4,2,2,3,1
146,1,23,2,3,3,3,3,3,3,3,3,3,3,2,3,3,3,3,3,3,3,3,2,2,2,2,3,2,3,3,3,4,3,3,3,4,2,3,3,3,3,2,3,1,1,1,1,1,1,1,1,1,1,1,1,1,1,1,1,1,1,1,1,1,1,1,1,1,1,1,1,1,1,1,1,1,1,1,1,1,1,1,1
147,1,67,4,5,4,5,5,5,5,5,5,1,3,4,3,1,3,3,4,1,1,3,5,1,4,2,4,4,3,1,4,4,3,4,4,1,4,4,4,4,4,5,4,3,2,3,2,3,2,3,1,2,2,2,1,3,1,2,1,2,3,2,2,3,5,2,1,5,2,2,2,2,2,2,1,3,1,1,1,2,3,5,5
148,2,67,2,5,5,4,4,4,2,4,2,5,5,5,5,4,0,5,5,2,5,5,5,3,3,5,4,5,5,5,4,5,4,5,5,3,3,5,5,5,5,5,5,1,5,2,1,1,1,1,1,1,1,0,5,1,5,5,2,1,2,2,2,1,2,5,2,2,1,2,2,5,2,5,5,3,2,5,5,5,5,5,5
149,2,41,2,2,3,2,3,2,2,2,3,2,2,2,2,3,5,2,2,2,2,5,5,2,5,5,2,2,5,2,4,3,4,4,5,2,2,3,2,5,5,5,5,1,2,2,2,1,2,2,2,2,2,2,2,2,3,2,2,2,2,3,3,2,3,3,1,5,2,2,3,2,2,2,3,2,2,2,2,5,2,2,2
150,2,25,2,2,5,2,5,2,2,5,3,3,2,2,2,3,2,2,2,3,2,3,3,2,3,3,3,2,2,2,2,3,4,3,4,4,3,3,3,3,2,3,3,2,2,2,3,1,1,3,2,2,1,2,1,1,2,3,2,2,3,2,2,2,2,3,2,2,2,2,3,2,2,2,2,2,2,2,2,2,2,2,2
152,2,54,2,2,1,2,5,5,5,5,2,2,3,3,3,1,2,2,3,1,2,3,2,1,2,2,2,2,1,2,4,2,3,5,5,5,3,5,2,3,2,3,4,1,2,2,5,2,2,2,3,2,2,1,1,4,3,4,2,1,1,1,1,2,1,1,1,1,1,1,1,2,1,2,5,5,2,2,1,1,2,1,1
155,2,54,2,5,5,5,5,5,2,2,3,3,5,5,5,3,5,5,3,2,4,4,5,5,5,5,5,5,5,3,4,5,5,5,5,4,3,5,5,5,5,5,5,5,5,5,5,5,2,5,2,2,2,5,5,5,5,5,2,2,2,2,5,5,5,5,5,2,2,2,2,5,5,5,5,2,2,2,5,5,5,5,5
156,2,53,3,2,2,2,2,2,2,2,2,3,2,2,2,2,2,2,2,2,2,2,2,2,2,2,2,2,2,2,2,2,2,2,2,2,2,2,2,2,2,2,2,1,5,5,5,1,1,5,2,2,5,5,5,5,5,5,5,5,5,5,5,5,5,5,5,5,5,5,5,5,5,5,5,5,5,5,5,5,5,5,5
157,1,60,3,4,4,4,4,4,4,4,4,4,4,4,4,4,4,4,4,4,4,4,4,4,4,4,4,4,0,0,0,0,0,0,0,0,0,0,0,0,0,0,0,2,2,2,2,2,2,2,2,2,2,2,2,2,2,2,2,2,2,2,2,2,2,2,2,2,0,0,0,0,0,0,0,0,0,0,0,0,0,0,0
159,1,26,0,2,2,2,2,2,2,2,2,2,2,2,2,3,2,2,2,2,2,2,2,2,2,2,2,2,2,2,2,2,2,2,2,2,2,2,2,2,2,2,2,2,2,2,2,1,1,2,1,2,2,2,2,2,3,2,2,2,2,2,2,3,2,2,2,2,2,2,2,2,2,2,2,2,2,2,2,2,2,2,2
162,1,35,1,2,2,2,2,2,3,3,2,5,5,2,3,2,2,3,2,3,3,3,2,2,2,3,2,3,2,2,2,2,3,4,3,3,2,3,2,2,2,4,2,1,2,2,2,1,1,3,1,2,2,2,1,2,2,2,2,1,2,2,1,1,2,2,2,1,2,2,2,3,2,1,2,2,2,2,2,3,3,1,2
164,1,71,2,2,3,2,2,3,2,3,3,3,3,2,2,3,2,4,2,2,3,2,4,3,4,3,2,3,2,2,3,4,4,3,5,2,2,2,4,2,3,3,3,2,3,2,2,1,1,3,1,1,1,2,1,2,2,2,2,1,2,2,2,2,2,2,1,1,1,1,3,2,1,3,5,2,1,2,4,2,2,1,2
166,2,40,0,2,5,5,2,2,2,3,3,3,5,3,5,2,2,5,2,2,2,2,5,2,5,5,3,3,2,2,2,2,4,3,5,2,3,3,5,5,3,5,5,2,5,5,3,2,2,3,2,2,2,2,3,3,2,5,3,2,3,5,5,3,3,3,2,2,2,1,3,3,2,3,5,3,2,2,3,3,2,3,3
167,1,67,2,5,5,5,4,4,5,5,2,5,5,5,3,3,4,4,5,2,5,3,5,3,5,5,5,5,2,2,3,2,3,3,5,3,3,5,5,5,5,5,5,3,3,2,2,2,1,2,1,2,2,2,2,2,2,2,5,2,5,2,5,2,5,5,5,5,2,2,2,3,2,5,5,2,2,5,5,5,5,5,5
169,2,74,3,5,5,5,5,5,5,5,5,5,5,5,5,5,5,5,5,5,5,5,5,5,0,5,1,1,5,5,5,5,5,5,5,1,1,5,5,5,5,5,5,5,5,5,5,5,5,5,5,5,5,5,5,5,5,5,5,5,5,5,5,5,0,0,0,0,5,5,5,5,5,5,5,1,1,5,5,5,5,5,5
170,2,74,2,0,0,0,0,0,0,0,0,0,0,0,0,0,0,0,0,0,0,0,0,0,0,0,0,0,0,0,0,0,0,0,0,0,0,0,0,0,0,0,0,0,0,0,0,0,0,0,0,0,0,0,0,0,0,0,0,0,0,0,0,0,0,0,0,0,0,0,0,0,0,0,0,0,0,0,0,0,0,0,0
172,1,69,1,5,5,5,5,5,5,5,4,4,4,5,5,4,4,4,2,1,2,4,2,5,5,5,5,5,5,3,5,5,5,4,4,4,4,4,5,5,5,5,4,5,5,5,5,5,5,5,2,2,1,5,5,2,2,1,2,0,2,3,2,5,5,5,5,5,5,2,5,5,5,2,2,2,1,2,5,5,5,5,2
173,1,58,2,3,4,4,4,4,5,4,4,4,4,4,4,3,3,4,2,4,3,4,4,2,4,4,3,4,4,2,4,4,4,4,4,2,2,2,2,2,4,3,3,2,4,3,3,3,5,1,1,1,1,2,3,2,3,2,2,1,3,3,4,3,3,3,2,2,3,2,3,2,2,2,2,3,3,3,4,4,1,2,3
174,1,79,3,5,5,2,5,5,5,5,3,4,5,5,2,3,3,3,3,2,3,3,5,0,0,4,5,3,3,4,5,3,3,5,5,3,3,4,5,3,2,3,2,5,5,3,5,5,5,5,2,2,5,5,2,2,2,1,2,2,2,2,5,0,0,1,5,2,2,1,5,2,2,5,5,2,2,2,5,3,0,3,3
177,1,29,1,2,5,5,2,5,5,5,0,2,5,4,3,3,5,3,1,2,3,3,5,1,3,5,5,5,2,3,2,5,4,2,5,2,2,4,5,5,5,5,5,2,3,4,2,1,1,3,3,4,4,3,4,3,4,3,4,2,1,2,2,1,2,3,0,2,2,2,3,3,2,3,3,3,2,2,3,1,3,1,2
180,2,20,2,2,2,2,3,3,3,3,4,0,0,3,3,3,3,3,2,2,2,4,3,4,2,2,2,2,2,2,3,3,3,2,1,4,4,4,4,4,4,4,3,2,2,2,2,1,1,1,1,0,0,2,1,1,1,2,2,2,1,1,1,1,2,2,2,1,2,2,1,2,1,2,1,1,1,1,1,1,1,1,2
181,2,58,2,2,2,2,2,1,1,1,2,5,5,2,3,2,2,2,1,1,2,2,2,2,5,5,5,5,1,2,3,3,3,3,3,3,3,3,5,5,5,3,5,1,2,2,2,1,1,1,1,1,1,2,2,2,1,1,1,1,2,2,2,3,3,3,1,1,1,1,3,2,1,2,2,1,1,1,2,2,2,1,2
182,1,38,2,2,5,5,2,4,2,2,1,0,2,2,2,3,3,2,3,2,3,2,2,2,2,2,2,2,2,2,3,2,2,2,2,2,2,2,2,2,2,2,2,1,5,5,2,1,2,2,2,0,2,2,2,1,2,2,3,1,1,4,4,4,1,3,4,4,2,2,3,3,2,3,4,3,3,3,3,3,3,2,2
183,2,28,3,4,3,3,4,4,4,4,4,4,4,4,3,4,4,3,4,3,4,4,3,3,3,3,4,3,4,4,4,3,4,4,4,4,4,3,3,3,4,4,3,1,2,3,2,1,1,2,1,1,1,1,2,1,1,2,2,2,1,1,2,3,3,3,1,2,1,1,1,2,1,2,1,1,1,2,3,3,1,1,2
185,1,22,1,5,1,1,2,5,5,2,2,1,5,5,2,2,2,3,2,1,5,3,5,1,3,2,2,2,2,2,3,2,4,5,2,2,2,3,2,2,5,5,2,1,1,1,2,1,1,2,1,1,1,1,2,2,1,2,1,1,1,1,1,1,2,2,1,1,1,1,2,2,1,2,2,2,1,1,1,1,2,1,2
186,1,25,3,5,5,2,3,3,3,3,3,3,4,3,3,2,3,3,3,2,3,3,4,3,3,4,3,3,3,4,4,3,4,3,3,3,3,3,3,3,3,3,3,5,5,3,3,2,2,2,2,2,2,3,1,3,3,2,2,2,3,2,2,3,3,2,2,2,2,2,1,3,2,3,2,3,2,2,3,3,3,2,2
187,2,81,2,5,5,5,5,5,5,5,2,5,2,5,5,2,2,2,2,2,5,5,5,5,5,5,2,2,2,2,5,5,5,5,5,5,2,5,2,5,5,5,5,0,0,0,0,0,0,0,0,0,0,0,0,0,0,0,0,0,0,0,0,0,0,0,0,0,0,0,0,0,0,0,0,0,0,0,0,0,0,0,0
188,2,23,1,2,2,2,2,2,2,2,2,2,5,2,5,1,2,2,2,2,2,2,1,2,2,2,5,5,2,2,2,2,3,2,2,2,2,2,2,2,2,5,5,2,2,2,2,2,1,1,1,2,2,2,2,2,2,2,2,1,1,2,2,2,2,5,1,1,1,1,5,2,2,2,2,1,2,2,2,2,2,2,2
190,2,30,2,2,2,2,2,3,2,2,2,2,2,2,2,3,2,3,2,2,2,2,2,2,2,2,2,2,2,2,2,2,2,2,2,2,3,2,3,3,2,2,2,2,2,3,3,2,2,2,2,2,2,2,2,2,2,2,2,2,2,2,2,3,2,2,2,2,2,2,2,2,2,2,2,2,2,2,3,3,2,2,2
193,2,35,2,2,5,2,2,2,2,2,2,5,5,2,2,3,2,2,2,2,2,5,5,2,5,5,2,2,1,2,3,2,3,2,5,2,3,2,5,2,2,2,3,1,3,3,2,1,1,2,1,2,2,2,2,2,3,3,2,1,1,1,1,2,3,3,1,1,1,1,2,5,2,2,5,2,1,2,5,2,3,1,1
194,1,69,1,5,3,5,2,5,5,4,2,3,5,5,4,2,5,4,5,1,5,4,5,2,4,4,2,2,2,5,4,5,4,5,5,3,2,3,5,5,5,5,3,1,3,2,2,1,1,2,2,2,2,2,2,3,3,3,3,1,2,2,3,3,3,2,3,3,2,2,3,3,2,2,3,2,2,2,3,3,3,3,2
196,1,68,2,5,4,4,4,5,5,5,4,3,5,5,5,5,5,4,4,1,5,4,5,5,5,5,4,5,5,5,0,5,5,5,5,0,3,4,0,5,0,5,5,5,3,4,4,5,5,5,2,3,5,5,5,5,5,4,4,4,5,2,5,5,5,5,2,5,2,2,0,5,2,5,5,0,3,3,0,5,0,2,4
198,1,27,1,5,5,5,2,3,1,4,2,2,2,5,5,2,5,5,3,2,2,2,5,2,2,5,5,5,5,5,1,5,5,5,5,2,2,2,5,2,2,2,2,1,3,3,2,1,1,2,2,4,3,2,1,2,1,1,1,2,2,2,1,2,2,1,1,1,1,1,2,3,2,1,1,2,2,2,4,2,2,2,2
199,2,73,2,5,2,5,2,5,5,2,3,3,3,2,5,2,5,5,2,2,5,5,5,2,0,5,2,2,3,2,3,2,3,3,5,2,2,5,5,5,3,3,3,2,2,3,2,0,2,2,2,2,2,2,5,2,5,5,2,2,5,5,5,5,0,5,2,2,2,2,2,5,0,5,5,5,3,5,5,2,2,2,3
200,1,48,3,3,3,3,3,4,4,3,4,4,4,3,3,4,5,4,3,2,4,3,4,2,5,3,3,3,5,2,4,5,4,3,5,3,4,4,3,3,3,3,5,2,2,2,2,2,1,2,1,2,2,2,2,2,2,5,5,2,1,2,2,2,0,5,2,2,2,2,2,2,2,2,2,2,2,2,2,2,3,1,5
205,2,32,2,2,2,2,3,2,3,3,3,2,5,3,3,3,3,3,2,4,3,5,5,2,5,5,5,5,5,3,5,3,4,4,4,2,3,5,5,5,5,4,4,2,3,0,3,2,2,2,1,1,5,1,2,2,2,2,2,1,2,5,5,2,5,5,5,5,5,2,5,2,2,2,1,2,2,5,5,5,5,1,1
206,1,56,2,2,2,2,3,2,2,2,2,2,2,3,4,3,3,3,4,1,3,2,2,2,2,2,1,2,2,3,4,3,2,2,2,2,2,2,4,3,2,3,3,2,3,3,4,2,1,1,1,2,2,3,3,3,3,3,3,2,1,3,3,4,4,4,1,1,2,2,4,3,3,3,4,3,3,4,4,2,4,4,4
208,1,67,2,2,2,2,2,2,2,2,2,2,2,2,2,3,1,2,2,4,2,4,1,1,2,4,1,1,2,2,3,2,2,1,2,2,1,2,2,2,4,5,3,0,0,0,0,0,0,0,0,0,0,0,0,0,0,0,0,0,0,0,0,0,0,0,0,0,0,0,0,0,0,0,0,0,0,0,0,0,0,0,0
210,1,45,2,3,3,2,2,2,2,2,2,2,5,5,5,2,3,3,4,1,2,3,5,4,4,4,3,3,2,4,3,5,4,4,5,4,4,4,3,4,5,5,4,1,3,4,1,1,1,2,1,2,2,3,2,1,2,3,2,1,2,1,2,4,2,1,2,1,1,1,1,2,1,2,4,1,1,1,2,1,2,2,1
211,1,60,2,2,3,3,2,2,3,3,3,2,3,2,3,2,2,2,2,3,3,2,2,2,3,3,3,2,2,3,3,2,2,2,2,2,3,3,3,2,2,2,2,4,3,3,4,0,3,3,3,4,3,3,2,2,3,4,4,3,2,3,3,2,3,2,3,2,4,3,3,4,4,4,4,4,3,3,3,4,4,4,4
212,1,23,2,2,2,1,2,5,5,5,2,2,5,5,2,2,2,2,2,2,3,5,5,1,5,5,2,2,2,2,2,2,3,5,2,2,2,2,2,2,5,5,3,2,3,1,2,2,2,3,2,2,2,2,2,2,2,2,2,2,2,2,2,1,2,2,2,1,1,2,1,2,1,2,2,2,2,2,2,2,2,2,1
214,1,52,3,4,4,5,3,4,4,4,4,4,4,4,3,2,2,2,4,2,4,4,3,5,4,5,3,3,3,4,3,3,4,4,4,4,4,4,4,4,4,4,4,1,2,4,2,1,1,1,1,1,1,2,3,4,4,4,2,4,1,1,3,5,2,5,3,3,2,1,3,3,1,1,1,1,1,1,1,2,1,1,2
215,1,70,2,5,5,5,5,5,5,5,5,5,5,0,0,0,0,0,0,2,0,0,0,0,0,0,0,0,5,5,5,5,5,5,5,5,5,5,5,5,5,5,5,2,2,3,2,2,2,2,1,2,2,3,3,2,3,2,2,2,2,2,3,3,3,2,2,2,2,2,2,2,2,2,2,2,2,2,3,2,2,2,2
217,1,23,3,2,3,2,3,3,3,3,2,3,5,4,2,3,5,5,2,2,2,4,5,2,5,5,5,5,5,2,4,4,4,5,5,4,4,4,5,5,5,5,5,2,3,3,2,1,1,2,2,2,2,2,2,3,5,5,3,2,1,2,3,3,3,1,1,2,2,2,4,4,1,2,2,2,2,2,2,2,2,2,2
218,1,46,2,3,5,5,4,3,3,2,2,5,5,3,3,3,3,5,2,5,2,5,5,5,5,5,5,5,5,2,5,5,5,5,5,5,5,5,5,5,5,5,5,2,5,5,2,2,3,3,2,2,2,5,2,3,3,5,5,5,3,5,5,5,5,5,5,5,5,2,5,5,5,5,5,5,5,5,5,5,5,5,5
220,1,48,3,5,4,5,2,3,5,5,2,4,4,5,2,4,3,5,2,1,5,4,5,5,3,5,2,5,2,3,4,4,4,4,5,3,5,3,5,5,5,3,4,5,4,5,2,2,2,4,2,2,2,5,2,3,2,3,2,2,5,2,5,5,2,5,2,5,2,2,1,2,2,2,5,2,2,2,5,5,5,2,2
221,1,37,2,5,5,5,2,3,3,3,3,5,5,5,3,3,3,2,3,2,3,5,5,5,2,5,2,2,5,3,5,3,3,3,5,4,4,5,5,3,5,5,2,2,3,3,2,1,1,3,2,3,2,2,2,3,2,3,3,3,2,3,3,3,3,2,2,3,2,2,3,3,2,3,2,2,2,3,3,2,2,2,3
222,1,32,2,5,3,5,4,3,2,5,3,5,5,5,5,2,5,3,4,1,4,5,5,5,5,5,3,3,2,2,2,5,5,5,5,2,2,2,1,5,5,5,5,5,2,5,2,1,1,5,1,5,5,5,5,3,5,2,2,2,1,1,5,5,5,5,1,1,1,1,1,5,5,5,5,2,2,2,3,5,5,5,5
223,2,35,2,5,5,5,5,5,5,5,2,5,5,5,0,2,5,5,2,2,5,5,5,5,5,5,2,5,2,2,3,2,2,2,5,3,3,3,5,5,5,5,5,2,3,3,3,2,2,2,2,2,2,3,2,2,2,2,2,2,2,2,2,2,3,3,2,2,2,2,2,2,3,3,3,2,2,2,3,3,3,3,2
228,1,73,4,4,3,3,3,3,3,3,3,3,3,3,3,4,4,4,4,2,4,4,4,4,4,3,3,4,3,3,4,3,4,3,4,4,4,4,3,4,4,4,4,2,3,3,3,3,3,3,1,2,3,3,3,3,3,3,3,1,2,3,3,3,2,3,1,2,1,3,4,3,2,4,2,1,2,2,3,2,3,1,1
229,2,33,2,2,2,2,2,2,2,2,2,2,2,2,2,1,2,2,2,2,2,2,2,2,2,2,2,2,2,2,2,2,2,2,2,2,2,2,2,2,2,2,2,5,5,5,5,2,2,3,3,5,5,5,5,3,5,5,5,5,5,5,5,5,5,5,5,5,5,5,5,5,5,5,5,5,5,5,5,5,5,5,5
235,2,65,3,2,5,2,4,5,5,5,4,4,5,5,5,3,5,5,5,5,4,3,4,2,5,3,2,5,2,2,4,4,4,4,4,4,4,5,5,5,4,5,4,1,5,3,4,2,2,3,2,2,2,5,5,2,5,5,5,5,1,1,1,2,2,1,2,5,2,2,4,1,1,2,2,1,0,5,5,5,5,0,4
236,1,61,1,2,2,1,2,2,1,2,1,2,2,2,2,2,2,2,2,2,2,2,2,2,2,2,2,2,1,2,2,2,3,3,2,2,2,2,2,2,2,2,2,1,2,2,2,2,2,2,1,2,2,2,2,2,2,2,2,2,2,2,2,2,2,2,2,2,2,2,2,2,2,2,2,2,2,2,2,2,2,1,2
238,2,56,2,3,2,5,3,3,3,5,3,5,5,5,5,3,5,5,2,2,2,5,3,5,5,5,2,5,2,5,3,5,3,5,5,3,3,5,5,3,5,3,3,2,2,3,3,2,2,3,2,2,2,2,2,2,2,2,2,2,2,3,2,3,3,3,2,2,2,2,3,3,2,3,3,2,2,2,2,2,3,2,2
241,2,59,1,2,3,2,3,1,1,2,2,3,5,2,5,2,5,5,5,1,1,5,5,5,5,5,1,5,1,1,5,2,3,5,5,5,4,4,5,3,3,5,5,5,5,2,2,5,2,2,1,1,1,1,1,3,2,2,2,1,1,1,2,2,2,2,1,1,1,1,5,5,2,2,2,5,1,1,5,1,3,5,5
242,2,42,2,5,5,5,2,5,5,5,2,5,5,5,2,2,2,5,3,5,4,4,5,5,5,5,4,4,5,5,4,5,4,5,5,3,3,5,5,5,5,3,4,2,2,3,2,2,2,2,2,2,2,2,1,3,2,3,2,1,2,2,2,3,3,3,1,1,5,5,2,5,2,5,5,2,2,5,5,5,5,2,2
243,2,44,1,2,2,2,2,2,2,2,2,2,2,2,2,2,2,2,2,2,2,2,2,2,2,2,2,2,2,2,2,2,2,2,2,2,2,2,2,2,2,2,2,2,2,2,1,1,2,2,1,2,2,2,2,2,2,2,2,2,2,2,2,2,2,3,2,2,2,2,2,2,2,2,2,2,2,2,2,2,2,2,2
244,2,55,3,5,5,5,5,4,4,5,3,5,5,5,5,4,4,5,5,2,4,4,5,5,5,5,5,5,5,5,4,5,4,4,4,5,4,4,5,5,5,5,5,1,5,5,5,1,1,5,2,5,5,5,2,5,2,5,5,5,1,1,5,5,5,5,1,1,1,2,2,2,1,1,1,5,1,1,2,2,2,2,2
246,2,76,2,5,5,5,3,2,2,2,2,5,3,5,5,5,5,5,2,2,5,2,5,5,5,5,5,5,2,2,4,4,5,5,5,5,5,5,5,5,5,5,5,0,0,0,0,0,0,0,0,0,0,0,0,0,0,0,0,0,0,0,0,0,0,0,0,0,0,0,0,0,0,0,0,0,0,0,0,0,0,0,0
248,1,39,3,3,2,2,2,3,4,3,4,2,4,3,2,3,2,3,3,3,2,3,2,2,3,3,3,3,3,3,2,2,3,2,3,2,2,2,2,4,3,3,2,2,2,3,3,2,1,2,1,2,2,2,2,2,3,3,3,3,2,3,3,2,3,3,2,2,2,3,3,3,2,3,3,3,2,4,3,1,2,2,4
249,2,51,2,5,5,5,2,5,5,5,2,5,5,5,5,2,5,5,2,2,5,5,5,5,5,5,5,5,5,5,5,5,5,5,5,2,2,5,5,5,5,5,5,5,5,3,3,2,2,2,2,2,2,2,2,3,2,5,2,2,2,2,2,3,3,3,2,2,2,2,3,3,2,3,5,3,3,3,3,3,3,2,2
250,2,58,3,3,5,5,3,4,3,5,5,5,4,5,5,4,4,4,5,5,5,5,4,5,4,4,5,5,5,4,4,4,4,4,5,3,4,4,4,5,5,5,4,1,5,4,2,2,1,4,2,4,2,5,1,2,2,2,2,1,2,2,1,2,2,1,2,2,1,2,2,2,2,2,2,2,1,2,2,2,2,1,2
251,1,59,2,2,2,2,2,2,2,2,3,2,2,2,3,3,3,3,3,3,2,2,2,2,2,2,2,2,2,2,2,2,3,3,3,3,3,3,2,2,2,3,2,2,2,2,2,2,2,2,2,2,2,2,2,2,2,2,2,2,2,2,2,2,2,2,2,2,2,2,2,2,2,2,2,2,2,2,2,2,2,3,2
252,2,67,2,2,2,2,2,2,2,2,2,2,2,2,3,2,2,2,2,2,3,3,2,2,2,3,2,2,2,2,3,2,2,2,2,2,2,2,2,2,2,2,2,2,2,2,2,2,2,2,2,2,2,2,1,2,2,2,2,1,2,2,2,2,2,2,2,2,2,2,1,2,2,2,3,2,2,2,2,2,2,2,1
254,2,74,2,5,4,4,3,3,5,5,3,2,2,3,4,3,3,3,3,2,2,4,4,4,3,5,4,4,5,2,4,3,3,4,4,4,4,4,5,5,3,4,4,2,2,3,3,2,2,3,1,3,2,2,1,3,2,2,2,2,2,2,1,1,2,5,1,1,5,2,4,2,2,2,2,2,2,2,5,5,2,1,1
255,1,62,2,5,3,3,5,5,5,5,2,5,5,5,5,2,5,2,2,5,5,5,5,5,2,5,5,5,5,5,4,5,5,5,5,2,2,5,5,5,5,5,2,2,2,2,2,2,2,2,2,2,2,2,2,2,2,2,2,2,2,2,2,3,2,3,2,2,2,2,4,2,2,4,4,3,3,3,3,3,3,2,3
256,1,66,2,5,5,5,5,5,5,5,5,5,5,5,5,5,5,5,5,5,5,5,5,5,5,5,5,5,5,5,5,5,5,5,5,5,5,5,5,5,5,5,5,1,2,2,2,2,1,2,1,1,1,1,2,2,2,2,2,2,2,2,2,2,2,2,2,2,1,1,1,2,2,2,2,2,2,2,2,2,2,2,2
263,2,46,1,2,2,2,2,2,3,5,0,5,5,2,0,1,1,1,1,1,1,1,5,2,5,2,2,5,1,1,3,1,5,3,3,2,4,4,2,2,2,2,2,1,3,3,2,2,1,5,1,2,2,2,2,2,2,2,2,2,2,2,2,3,3,3,2,1,1,1,2,2,1,1,2,2,1,1,3,3,2,1,2
265,2,28,1,2,2,2,2,2,2,2,2,2,2,2,2,2,2,2,2,2,2,2,2,2,2,2,2,2,2,2,2,2,2,2,2,2,2,2,2,2,2,2,2,2,3,2,3,2,2,2,1,2,2,2,1,2,1,2,2,2,1,2,2,2,2,2,1,1,2,2,2,2,2,2,2,2,2,2,2,2,2,2,2
269,2,51,2,2,2,1,5,2,1,5,3,5,5,5,5,2,5,5,2,2,2,5,2,1,2,5,1,2,2,2,3,5,3,5,5,2,3,3,5,5,5,5,5,2,3,3,3,2,2,2,2,2,3,2,2,2,2,2,1,1,2,3,2,2,2,3,1,2,1,1,3,3,2,3,3,3,1,1,3,3,3,3,2
270,2,79,2,2,2,2,2,2,2,3,2,2,2,2,2,2,3,3,3,2,2,2,3,2,3,2,2,2,2,2,3,2,3,3,2,3,3,3,2,3,2,3,3,2,2,2,2,2,2,2,2,2,2,2,2,2,2,2,2,2,2,2,2,2,2,2,2,2,2,2,2,2,2,2,2,2,2,2,2,2,2,2,2
271,2,43,2,5,5,5,5,5,5,5,2,5,5,5,5,2,2,2,2,2,3,2,5,5,3,5,5,3,3,3,5,2,5,5,5,3,3,3,5,5,5,5,5,5,5,5,5,5,5,5,2,2,2,5,2,5,5,5,2,2,2,2,2,5,5,5,2,1,1,1,5,2,5,5,5,2,2,2,5,5,5,5,5
272,2,57,3,5,5,3,3,5,4,3,3,4,5,5,3,4,4,4,4,3,3,5,5,2,3,4,3,3,4,4,3,4,4,5,3,4,4,4,5,5,5,4,4,3,4,4,2,4,2,2,1,2,5,5,2,3,2,3,2,2,2,5,5,3,3,3,2,1,1,2,3,2,2,5,3,1,1,2,5,5,5,2,3
273,1,71,2,2,5,5,5,0,0,0,0,0,0,5,5,4,5,5,2,1,2,3,5,5,5,5,2,3,2,3,4,3,3,5,5,3,2,3,2,5,2,4,4,1,5,5,3,1,1,2,1,3,2,5,5,2,5,2,2,2,2,2,5,5,5,5,2,2,2,2,3,3,3,5,5,3,2,3,2,5,5,2,3
275,1,35,2,5,5,5,5,5,5,5,5,5,5,5,5,5,5,5,5,5,5,5,5,5,5,5,5,5,5,5,5,5,5,5,5,5,5,5,5,5,5,5,5,1,1,5,2,1,1,4,2,3,3,3,3,3,2,3,1,2,2,1,3,2,4,3,3,1,3,2,3,2,1,1,2,1,3,2,1,4,2,3,4
276,1,40,1,2,5,2,5,2,2,5,1,5,5,2,2,1,2,2,5,3,5,2,5,3,2,5,5,5,2,2,4,4,5,5,5,3,3,3,5,5,5,5,3,1,3,3,2,1,1,2,1,2,1,2,1,2,2,2,2,1,1,1,2,2,3,2,1,1,1,1,1,2,1,2,3,1,1,1,1,2,2,2,1
278,1,66,2,3,3,3,3,3,2,3,2,3,3,3,3,2,3,3,3,2,4,3,3,3,3,4,3,3,2,3,3,3,3,3,3,3,4,3,3,3,3,3,3,2,2,2,2,2,2,2,2,2,2,2,2,2,2,3,2,2,2,2,2,3,2,2,2,2,2,2,2,2,2,2,2,2,2,2,2,2,2,2,2
280,1,54,4,4,3,2,4,4,4,3,3,4,4,3,2,4,4,3,3,2,3,3,3,2,3,3,3,3,3,4,4,3,4,4,3,3,3,3,3,3,3,4,4,2,2,2,2,1,1,2,1,1,1,2,2,2,1,2,1,3,2,2,2,2,1,2,2,1,1,1,1,2,1,1,2,1,1,1,1,2,2,1,1
281,2,57,2,2,2,2,2,2,2,2,2,2,2,3,3,3,3,3,3,3,3,3,3,3,3,4,4,4,3,3,2,3,3,2,3,2,2,2,3,3,3,3,3,1,1,2,2,2,2,1,1,1,1,1,1,1,1,1,1,1,1,1,1,1,1,1,1,1,1,1,1,1,1,1,1,1,1,1,1,1,1,1,1
283,2,56,3,5,5,5,5,5,5,5,5,5,5,5,5,5,5,5,5,5,5,5,5,5,5,5,5,5,5,5,5,5,5,5,5,5,5,5,5,5,5,5,5,2,2,5,5,5,5,2,1,1,1,2,2,2,2,2,2,2,2,2,2,2,3,2,1,1,1,1,3,2,2,3,3,3,2,2,3,3,3,2,3
284,1,66,2,0,0,0,0,0,0,0,0,0,0,0,0,0,0,0,0,0,0,0,0,0,0,0,0,0,5,5,3,4,3,5,4,2,3,5,5,5,5,5,3,0,0,0,0,0,0,0,0,0,0,0,0,0,0,0,0,0,0,0,0,0,0,0,0,0,5,5,2,4,2,5,2,3,2,5,5,5,5,5,2
286,1,60,3,5,5,5,3,3,3,3,3,3,3,3,3,5,3,3,3,3,3,3,3,3,3,3,3,3,2,3,5,5,4,3,5,5,5,3,3,3,3,3,3,5,5,5,3,3,3,3,1,2,1,2,2,5,2,2,3,3,3,2,2,2,2,2,2,2,1,1,5,5,2,3,5,5,5,2,2,2,2,2,2
290,1,69,1,5,2,2,3,3,3,2,3,3,5,5,3,3,4,4,5,2,3,3,4,5,3,3,3,5,2,2,3,3,4,4,5,5,3,3,5,5,5,3,3,2,3,2,2,2,2,2,2,2,2,2,3,3,2,3,3,1,2,2,2,2,2,2,1,2,2,2,2,2,2,2,3,2,2,2,2,2,2,3,3
294,1,36,2,3,2,3,3,3,3,2,3,2,3,2,2,2,3,3,3,2,3,3,2,2,2,3,3,3,3,3,3,3,4,3,3,2,2,4,3,3,4,3,3,2,2,2,2,2,1,2,2,1,2,2,1,2,2,3,2,2,1,2,3,3,3,2,1,1,1,1,2,2,1,2,2,2,2,1,3,2,1,2,2
301,1,69,3,2,2,3,3,4,3,3,2,3,5,3,4,3,2,4,3,3,3,3,4,2,3,5,2,3,2,2,4,3,4,3,3,2,3,3,4,4,3,2,3,1,3,2,2,3,1,1,1,2,5,2,1,1,2,1,2,1,2,1,2,3,2,2,2,1,1,2,2,2,1,2,1,3,1,1,1,1,2,2,2
302,2,69,1,3,2,5,3,2,2,3,3,2,5,3,5,3,3,2,5,3,3,3,4,5,3,2,2,2,3,2,4,4,4,3,4,3,4,3,3,3,5,3,3,3,3,5,3,2,2,2,2,2,2,3,2,2,2,0,5,1,2,2,2,5,3,3,1,2,2,2,2,5,2,3,3,3,1,2,3,5,5,2,3
303,2,22,2,2,1,5,2,5,5,2,2,5,5,5,5,2,3,5,1,2,1,1,5,1,2,5,2,5,5,1,2,3,2,5,5,2,2,5,5,5,5,5,5,2,2,2,2,1,1,2,1,1,1,1,2,2,1,3,1,1,1,1,1,2,2,1,1,1,1,1,1,1,1,1,1,2,1,1,1,1,1,1,1
305,2,32,2,5,2,2,2,0,3,3,3,5,5,3,3,2,5,3,3,2,3,4,4,5,4,4,4,5,5,3,4,3,4,4,5,3,3,3,5,4,5,5,3,2,3,3,3,1,1,2,2,3,2,3,3,3,3,3,3,3,2,2,2,3,2,2,3,2,2,2,3,2,2,3,3,3,2,2,3,2,3,2,2
306,2,48,2,2,2,2,2,2,2,2,2,2,2,2,2,2,2,2,2,2,2,2,2,2,2,2,2,2,2,2,2,2,2,2,2,2,2,2,2,2,2,2,2,2,3,3,3,1,1,3,1,2,3,3,3,3,3,3,3,1,2,2,2,2,3,3,3,3,3,3,1,3,2,3,3,3,3,3,3,3,3,3,3
307,1,74,4,0,0,0,0,0,0,0,0,0,0,0,0,0,0,0,0,0,0,0,0,0,0,0,0,0,0,0,0,0,0,0,0,0,0,0,0,0,0,0,0,0,0,0,0,0,0,0,0,0,0,0,0,0,0,0,0,0,0,0,0,0,0,0,0,0,0,0,0,0,0,0,0,0,0,0,0,0,0,0,0
313,1,27,1,5,5,5,5,5,5,5,5,5,5,5,5,1,0,5,1,1,1,2,5,2,2,5,5,5,5,2,2,2,5,2,5,1,2,2,2,0,2,5,2,0,0,0,0,0,0,0,0,0,0,0,0,0,0,0,0,0,0,0,0,0,0,0,0,0,0,0,0,0,0,0,0,0,0,0,0,0,0,0,0
316,2,71,2,3,2,2,2,3,2,2,2,2,3,3,2,2,3,3,3,3,3,3,4,3,3,5,3,3,5,0,4,3,4,3,3,3,3,3,5,5,3,5,2,2,2,3,3,2,2,2,2,2,2,1,2,2,2,2,2,1,2,2,2,2,2,5,2,2,5,0,2,3,2,2,2,2,2,2,5,5,3,5,2
318,1,75,2,2,2,1,2,2,2,2,2,3,3,2,2,3,2,3,3,2,2,2,2,1,3,3,2,3,2,2,3,2,3,3,3,3,3,3,3,3,3,2,3,2,2,1,2,2,2,2,2,3,3,2,2,3,2,3,3,2,2,2,2,1,3,3,2,3,2,2,3,2,3,3,3,3,3,3,3,3,3,2,3
322,2,73,1,2,2,5,2,5,5,2,3,2,2,5,3,3,5,2,5,3,5,5,5,2,3,3,2,2,1,2,3,5,3,3,5,2,3,3,2,2,2,2,2,1,2,5,2,1,1,2,1,2,1,5,1,2,2,5,5,1,5,5,1,1,1,2,1,1,1,1,2,5,2,2,5,2,1,1,2,2,2,2,1
323,2,79,1,5,5,2,2,1,5,2,2,1,2,3,5,2,5,2,1,1,2,1,2,1,5,5,2,2,1,2,5,5,3,5,5,2,2,5,2,5,2,1,1,5,5,2,2,2,5,2,1,2,1,2,5,2,5,2,1,1,2,1,2,1,5,5,2,1,1,2,5,5,3,5,5,2,2,5,2,5,0,1,2
324,2,27,2,5,5,5,3,5,5,5,2,5,3,5,5,2,5,5,2,2,3,2,5,5,5,5,5,5,5,2,5,5,3,5,5,3,3,3,5,3,5,5,5,5,5,5,3,5,5,5,2,5,2,5,5,3,5,5,3,2,2,3,5,5,5,5,5,5,5,2,5,5,1,5,5,2,2,2,5,3,5,5,5
325,2,62,2,2,2,1,1,2,5,2,3,2,2,5,5,2,2,3,3,2,2,3,3,1,2,3,2,2,1,2,4,2,3,2,5,2,2,2,2,2,2,2,5,2,2,2,2,2,2,3,1,5,2,5,5,3,2,3,2,1,1,1,2,2,2,2,1,1,1,1,2,2,2,5,5,2,2,2,2,2,2,2,5
331,2,37,2,2,5,5,2,2,2,5,2,5,5,5,5,3,5,4,3,2,3,3,5,5,2,5,5,5,2,2,3,5,3,5,5,3,3,2,5,5,5,5,5,1,5,5,2,1,1,5,2,5,5,5,5,1,5,2,2,2,1,2,5,5,2,5,5,5,2,2,2,5,2,5,5,2,2,2,5,5,5,5,5
332,1,71,3,5,4,5,5,4,4,5,4,4,4,4,3,3,4,3,4,5,4,4,4,3,4,4,4,4,0,0,0,0,0,0,0,0,0,0,0,0,0,0,0,2,3,2,2,1,1,2,1,3,1,2,3,3,3,3,2,1,2,1,3,3,3,3,2,1,0,0,0,0,0,0,0,0,0,0,0,0,0,0,0
334,2,27,2,5,5,4,4,4,4,5,4,4,5,4,4,3,5,5,3,5,4,4,5,3,5,5,5,5,1,5,5,5,5,5,5,4,4,4,4,5,5,5,5,5,5,3,2,1,1,3,1,2,5,2,3,2,1,1,1,1,2,2,3,2,4,4,1,1,1,1,4,5,2,1,5,1,1,1,2,2,5,5,5
335,2,62,2,3,2,2,2,3,2,2,2,3,3,3,3,3,4,4,3,3,2,2,3,3,3,3,2,3,2,2,3,3,4,4,4,3,3,3,5,3,3,3,3,2,2,3,2,2,2,3,2,3,2,3,3,2,3,2,3,2,2,3,2,2,5,5,5,5,2,2,5,2,2,2,2,5,2,2,5,5,5,5,5
336,2,72,3,3,3,3,3,3,4,3,4,3,3,3,3,4,5,3,3,4,3,3,4,4,5,5,5,5,5,5,3,3,3,3,3,3,3,3,5,5,5,3,5,2,3,3,3,2,1,3,1,2,2,2,2,2,5,2,3,2,2,2,2,1,5,5,5,5,3,3,3,3,3,3,3,3,3,3,5,5,5,3,5
338,1,38,3,4,4,4,4,4,4,5,4,4,5,5,5,3,3,3,1,1,5,4,5,2,4,4,2,2,2,3,4,2,3,3,5,3,3,3,5,5,5,5,5,1,3,3,3,1,1,3,2,3,5,3,3,1,3,3,3,3,1,1,3,3,1,1,1,1,3,1,1,3,3,2,3,1,1,2,4,4,2,1,1
339,1,24,2,5,2,3,4,4,5,3,1,5,5,2,2,1,5,1,2,1,5,5,5,5,3,5,1,1,1,1,4,4,2,2,2,3,3,2,2,2,2,5,4,2,3,2,1,2,1,5,1,4,4,2,2,4,2,1,4,1,2,2,4,4,3,1,1,1,2,3,3,3,2,2,4,1,1,2,4,4,3,2,1
342,2,57,2,5,5,2,5,5,3,2,5,3,5,3,5,4,5,5,2,2,4,3,4,3,5,5,2,5,5,5,3,4,4,4,4,3,3,5,5,5,2,5,4,5,5,5,5,5,2,2,1,1,2,2,2,3,5,5,2,1,1,2,1,2,5,5,1,1,1,1,5,2,1,2,1,2,1,1,5,5,5,2,2
343,1,71,1,5,5,2,2,5,5,2,2,2,5,2,2,2,2,2,2,2,2,2,5,2,2,5,2,2,2,3,0,2,5,5,5,2,3,3,5,5,2,5,2,0,0,0,0,0,0,0,0,0,0,0,0,0,0,0,0,0,0,0,0,0,0,0,0,0,0,0,0,0,0,0,0,0,0,0,0,0,0,0,0
344,2,74,1,2,2,5,2,1,2,2,2,3,2,0,0,0,0,0,0,0,0,0,0,0,0,0,0,0,0,0,0,0,0,0,0,0,0,0,0,0,0,0,0,0,0,0,0,0,0,0,0,0,0,0,0,0,0,0,0,0,0,0,0,0,0,0,0,0,0,0,0,0,0,0,0,0,0,0,0,0,0,0,0
347,2,57,3,5,3,4,4,4,3,3,3,4,5,4,5,4,3,4,4,4,2,2,4,4,5,5,4,5,2,3,3,4,4,5,3,4,4,4,5,5,2,4,4,5,3,5,2,2,2,2,1,1,5,2,5,2,2,5,1,1,2,2,2,2,5,5,1,5,2,2,2,2,1,5,2,1,1,2,5,5,3,2,2
348,2,42,0,5,5,5,2,5,5,5,5,5,5,5,5,3,5,5,2,2,3,2,5,5,5,5,5,5,5,5,5,2,5,5,5,2,2,3,5,5,5,5,5,5,5,5,2,2,2,2,2,2,2,2,2,3,2,2,2,1,1,1,3,3,3,3,2,1,1,1,2,2,1,2,2,2,2,2,3,3,3,1,1
351,2,77,2,3,2,2,3,4,3,2,4,4,5,3,3,4,3,3,3,3,3,4,4,2,3,5,3,4,5,3,4,2,3,4,5,4,3,3,5,3,5,5,2,2,2,3,5,2,2,3,2,2,2,2,2,2,2,2,2,2,2,2,5,2,2,5,5,2,5,2,2,2,2,2,5,2,2,2,5,5,5,5,2
352,2,37,2,2,2,2,2,2,2,2,2,2,2,2,2,2,2,2,2,2,2,2,2,2,2,2,2,2,2,2,2,2,2,2,2,2,2,2,2,2,2,2,2,2,2,2,2,2,2,2,2,2,2,2,2,2,2,2,2,2,2,2,2,2,2,2,2,2,2,2,2,2,2,2,2,2,2,2,2,2,2,2,2
355,1,66,2,5,2,3,2,5,5,2,5,2,3,4,5,3,0,5,3,2,4,3,4,2,3,4,5,5,5,5,3,3,4,4,5,4,3,3,5,5,5,4,4,5,3,3,4,5,5,2,5,2,3,4,5,4,0,5,3,3,2,2,3,2,4,5,3,3,2,2,3,4,2,1,4,3,3,3,4,4,4,3,3
357,1,38,2,2,3,2,4,3,3,4,2,2,1,1,1,1,1,3,3,4,3,2,2,4,4,4,1,1,1,1,4,3,3,3,3,4,4,4,3,3,3,3,4,2,3,3,1,1,1,1,3,4,4,4,4,4,4,2,2,1,1,4,4,2,1,1,4,4,4,4,1,2,3,2,3,1,1,1,3,2,2,2,1
358,1,59,3,5,5,5,3,5,5,5,5,4,4,3,3,3,4,3,3,2,3,2,3,3,3,3,3,3,3,3,3,3,4,3,3,3,4,4,3,3,3,3,3,0,0,0,0,0,0,0,0,0,0,0,0,0,0,0,0,0,0,0,0,0,0,0,0,0,0,0,0,0,0,0,0,0,0,0,0,0,0,0,0
359,2,68,1,3,3,3,3,3,3,3,4,3,3,3,3,3,3,4,3,2,3,3,3,3,3,3,3,3,2,2,3,4,3,3,3,3,3,3,3,3,3,3,3,2,3,3,3,2,2,2,1,2,2,2,2,3,3,1,3,1,1,1,1,1,2,2,2,2,2,2,3,2,2,2,2,2,2,2,3,2,2,3,3
364,1,34,2,2,2,3,2,5,5,2,2,2,5,5,2,2,2,2,2,2,2,2,3,3,3,3,2,2,2,2,3,3,2,3,3,2,3,2,5,5,5,5,2,2,2,1,3,2,2,2,2,2,1,2,2,2,2,2,2,2,2,2,1,1,1,1,2,2,2,2,1,1,2,1,1,2,1,2,2,2,1,1,2
368,1,23,2,5,5,5,5,5,5,5,2,5,5,5,5,5,5,5,2,1,5,5,5,5,5,5,5,2,2,2,5,5,3,5,5,4,3,3,5,5,5,5,5,1,3,3,2,1,1,2,1,3,2,3,4,3,2,3,2,1,2,2,3,3,3,4,2,2,1,2,3,3,2,2,3,1,2,2,3,3,3,2,4
371,2,65,2,5,5,5,2,2,5,2,4,5,5,5,5,4,5,4,2,2,4,3,5,2,3,4,2,5,5,5,3,2,2,5,5,3,2,2,5,5,5,3,5,1,2,2,2,1,1,2,1,2,1,2,1,2,2,2,2,1,2,2,0,1,2,2,1,1,1,2,2,2,2,2,2,2,2,2,2,2,2,1,2
372,2,39,1,5,5,5,3,3,3,2,2,5,5,5,5,2,3,2,2,1,3,2,5,5,5,5,2,5,5,2,3,5,2,2,5,3,2,2,5,5,5,5,3,2,3,3,2,2,2,2,2,3,2,5,5,3,3,3,3,2,2,2,2,2,3,3,2,2,2,2,3,3,3,3,5,3,3,3,3,5,3,2,3
375,2,65,3,3,2,2,3,3,3,3,3,3,3,3,3,3,3,3,3,3,3,3,3,3,3,3,3,3,3,3,3,3,3,3,3,2,3,3,2,3,3,3,3,2,3,3,2,2,2,2,2,2,2,2,1,2,1,3,3,2,2,2,2,2,3,3,1,2,1,2,3,2,2,2,3,3,2,2,4,3,2,2,3
376,2,35,2,5,5,5,5,5,5,5,2,5,5,5,5,2,5,5,5,2,5,5,5,5,5,5,5,5,5,5,5,5,5,5,5,5,5,5,5,5,5,5,5,5,5,5,5,5,5,5,2,2,2,5,5,5,5,5,5,5,5,5,5,5,5,5,5,2,5,5,5,5,5,2,2,2,2,2,2,5,5,5,2
377,1,38,2,3,5,3,2,3,3,5,2,5,5,5,5,1,1,1,2,2,2,2,2,5,5,5,2,2,2,2,4,4,5,5,2,1,2,5,5,5,5,5,4,5,5,4,3,1,1,3,1,1,5,5,4,2,2,2,2,1,3,3,3,5,2,5,1,1,1,1,2,1,5,5,2,2,2,5,5,5,5,5,1
380,1,44,2,5,5,2,3,3,2,5,3,2,5,5,5,4,3,4,3,2,2,3,3,3,3,3,3,3,2,1,3,3,4,4,5,4,4,3,3,3,2,4,3,0,4,2,2,2,2,5,2,3,2,2,2,2,2,2,2,2,2,2,2,3,2,2,2,2,2,2,2,2,2,2,3,1,1,2,3,3,3,2,2
384,2,64,2,2,2,3,3,3,3,2,2,4,3,3,4,4,2,3,3,4,2,4,4,2,4,3,4,4,4,4,4,4,4,3,3,2,3,2,3,2,2,3,4,2,2,2,3,2,2,2,1,1,1,2,2,2,3,5,2,1,2,2,1,2,2,2,1,1,2,2,2,2,1,2,5,3,1,1,3,2,3,2,4
385,1,68,3,3,3,2,4,4,4,2,1,5,4,4,2,1,1,4,2,2,4,3,3,3,4,4,2,2,2,2,3,3,3,3,5,2,3,5,4,5,3,3,4,2,3,2,2,1,1,3,2,5,2,3,3,2,2,1,2,1,2,2,3,3,3,1,2,3,2,3,3,2,1,2,5,5,5,5,5,5,5,2,2
386,2,74,1,5,5,5,5,5,5,5,1,2,5,5,5,2,5,5,2,1,5,5,5,5,5,5,2,5,1,1,3,5,5,5,5,5,2,2,5,5,5,5,5,5,5,5,5,2,1,2,1,2,5,5,5,2,5,5,2,2,5,5,5,5,5,5,2,5,1,2,2,5,5,5,5,5,2,2,5,5,5,5,5
388,1,34,3,4,4,2,2,3,3,2,2,2,2,2,1,4,2,2,2,1,3,3,3,4,3,2,2,2,3,2,4,4,2,4,5,1,1,2,5,3,3,4,4,1,3,2,3,1,1,3,3,4,4,4,4,2,3,4,4,4,2,2,1,1,4,4,2,2,2,3,1,1,3,1,4,4,4,3,4,4,4,2,2
390,2,39,3,5,5,5,3,3,3,3,2,5,5,3,2,3,5,2,5,5,4,4,4,5,5,5,5,5,5,5,5,5,5,5,5,5,5,5,5,5,5,5,5,5,1,5,1,1,1,1,2,2,2,5,1,1,2,5,5,2,2,5,5,5,5,5,5,5,0,0,0,0,0,0,0,0,0,0,0,0,0,0,0
392,2,32,3,5,2,3,2,5,5,2,3,5,5,5,5,2,3,3,3,3,3,5,5,5,3,5,5,5,2,5,3,3,4,5,5,4,4,3,3,5,5,5,5,5,3,3,3,5,5,3,2,5,5,2,2,3,2,2,2,2,2,2,2,3,3,4,2,2,5,2,3,2,2,2,3,2,2,2,2,3,5,5,3
393,1,72,0,2,2,2,2,2,2,2,2,2,2,2,2,2,2,2,2,2,2,2,2,2,2,2,2,2,2,2,3,2,2,3,2,2,2,2,2,2,2,2,2,2,2,2,2,2,2,2,1,1,2,2,2,2,2,2,2,1,2,2,2,2,2,1,1,2,2,1,2,2,1,2,2,2,2,1,2,2,2,2,3
395,2,59,2,2,1,1,1,1,1,1,2,2,2,2,2,1,5,2,2,2,3,3,1,1,3,5,2,3,1,1,4,2,4,5,5,2,2,2,5,5,5,0,0,2,1,1,1,1,1,1,1,2,2,3,2,2,3,3,2,1,2,2,2,2,4,4,4,2,1,2,2,3,1,4,3,3,2,2,2,4,3,2,3
400,1,26,2,2,2,5,2,3,2,2,3,2,5,3,3,1,5,5,2,1,2,2,5,5,5,5,1,5,1,1,2,5,5,5,5,3,3,3,5,5,2,5,5,2,2,5,2,1,2,2,1,2,5,2,1,1,5,5,1,1,2,2,5,5,5,5,1,5,1,1,2,5,5,5,5,1,1,1,5,5,2,5,5
401,1,63,2,3,3,4,2,3,3,2,3,3,3,2,2,2,3,2,3,2,4,3,3,3,2,3,4,3,2,2,3,2,4,3,3,2,2,4,3,3,3,3,3,2,3,2,4,2,2,3,2,2,2,3,3,3,2,2,2,2,2,2,2,2,3,3,2,2,2,2,3,2,2,3,3,3,3,2,3,3,3,3,3
402,2,65,3,5,5,5,3,5,5,5,3,5,5,5,3,4,5,5,2,2,3,4,4,5,4,5,5,3,5,5,5,3,4,5,5,5,5,5,5,5,5,3,3,2,2,5,2,1,1,1,1,5,5,5,2,2,5,5,2,2,2,2,5,5,2,5,5,2,5,5,5,2,1,5,5,5,5,5,5,5,5,2,2
403,1,64,2,2,2,2,3,2,3,3,3,4,2,3,3,4,3,4,3,2,2,3,3,2,3,3,3,4,4,4,2,2,4,4,5,4,4,4,3,5,5,4,3,2,2,2,1,1,1,3,2,1,2,3,2,2,3,3,3,2,2,3,3,3,4,4,2,2,1,1,3,3,1,3,5,1,1,1,3,5,5,2,3
404,1,72,3,3,3,0,2,3,0,0,3,4,2,3,2,4,3,3,2,2,3,3,4,3,2,3,4,3,2,2,3,3,4,3,3,3,4,3,2,4,3,4,3,2,3,0,3,2,2,0,2,1,2,2,2,2,3,2,3,2,2,3,3,0,3,3,2,3,2,2,4,3,2,2,3,2,2,2,3,3,2,2,3
405,2,45,3,2,2,5,2,3,3,2,3,5,5,5,2,4,2,3,2,2,3,3,3,5,2,5,2,2,2,2,3,4,4,5,5,3,3,4,3,3,3,3,3,2,2,5,2,2,2,3,2,5,5,2,2,2,2,3,3,3,2,2,5,2,2,5,2,2,2,2,3,2,2,3,2,3,2,2,2,3,2,2,3
406,1,54,2,2,2,2,3,3,3,2,2,2,3,3,4,4,1,3,3,2,3,3,3,2,2,3,2,3,1,2,3,3,4,4,3,3,2,2,5,5,3,3,4,2,2,3,2,2,1,2,2,2,2,2,2,2,2,3,3,2,2,2,2,2,2,2,1,1,2,2,3,2,1,2,2,2,2,2,3,5,3,2,2
407,1,27,3,3,2,1,2,4,4,4,2,2,5,2,1,2,4,2,4,1,3,2,5,1,2,2,1,1,2,1,4,4,4,3,4,4,4,5,2,2,3,2,1,4,3,1,3,1,1,2,3,2,5,3,3,3,1,3,1,4,1,3,5,2,2,3,1,1,3,4,1,1,1,2,3,1,1,5,4,2,3,2,1
408,1,68,2,5,5,5,2,5,5,2,2,3,3,5,4,3,4,4,5,3,3,4,4,5,5,5,5,3,2,3,4,5,4,4,5,3,4,4,5,5,0,3,5,2,2,3,3,2,2,1,1,3,2,2,2,3,3,2,2,1,1,2,5,2,3,2,1,1,1,1,1,4,1,1,5,2,1,1,5,3,0,2,3
410,1,27,1,5,5,2,5,5,5,5,5,5,5,2,5,3,5,3,2,2,2,2,2,2,2,2,2,2,2,2,3,2,4,5,5,2,2,3,5,5,5,5,5,5,5,5,5,1,1,1,1,1,1,1,2,2,2,2,2,2,2,2,2,2,2,2,2,2,2,1,2,2,2,5,5,5,5,2,5,5,5,5,5
411,2,49,2,5,5,5,2,5,5,5,3,4,5,4,5,2,5,5,2,2,2,5,5,0,5,5,5,5,2,2,4,2,4,5,5,3,4,4,5,5,5,5,5,5,5,5,3,2,2,3,2,1,2,2,2,3,2,3,2,2,2,2,1,2,3,3,2,2,1,1,2,1,1,3,2,2,2,2,3,3,3,2,3
412,1,39,1,5,2,5,3,5,5,3,2,5,5,5,5,3,5,5,2,4,3,5,5,1,5,5,5,5,5,2,3,1,5,5,5,4,2,5,5,5,5,5,5,2,2,5,3,1,1,1,2,2,2,2,2,2,5,5,1,1,1,2,5,5,2,5,5,1,1,1,2,2,2,5,5,2,2,2,5,1,5,5,2
413,2,52,2,5,5,3,3,3,2,2,2,2,5,5,3,3,3,3,3,2,5,5,5,2,5,5,3,5,5,2,5,2,2,3,5,3,3,3,2,3,2,4,5,3,3,3,2,2,2,2,2,2,2,2,2,2,2,2,2,2,2,2,2,2,2,3,2,2,2,2,3,2,2,2,2,2,2,2,2,2,2,2,2
414,2,71,1,2,2,2,2,2,2,2,2,2,2,2,2,2,2,2,2,2,3,3,2,2,2,2,2,2,2,2,3,3,4,3,3,3,4,3,2,3,2,2,3,2,2,2,2,2,2,2,2,2,2,2,2,2,2,2,2,1,2,2,2,2,2,2,2,2,2,2,1,2,1,2,2,2,2,2,2,2,2,2,2
415,1,71,1,2,2,2,2,5,5,2,2,2,5,3,3,1,5,5,2,1,3,3,5,3,5,2,2,2,2,2,2,2,3,3,5,3,3,2,2,2,2,2,5,1,2,1,2,2,2,2,2,2,2,1,2,0,2,0,0,1,1,1,3,2,2,1,1,2,1,1,2,1,2,2,2,1,1,2,1,1,2,1,2
416,2,21,2,5,5,2,2,2,2,2,2,2,2,5,5,2,2,3,2,1,1,5,2,1,2,5,2,3,1,1,1,1,1,5,5,3,3,3,5,5,3,4,3,5,5,2,2,2,2,2,2,2,2,5,5,2,2,3,2,1,1,5,2,1,2,5,2,3,1,1,1,1,1,5,5,3,3,3,5,5,3,4,3
417,2,74,2,3,5,3,3,2,3,3,2,3,3,4,4,3,4,5,4,2,5,5,5,2,5,5,4,4,2,3,3,5,4,5,4,5,5,3,5,5,5,5,5,1,5,2,3,1,2,2,1,2,2,2,2,2,2,5,2,1,5,5,5,2,5,5,1,5,2,1,5,5,2,5,5,5,5,5,5,5,5,5,5
418,1,44,2,4,4,5,4,4,4,5,3,4,4,4,4,4,5,4,4,3,4,4,4,4,4,4,4,4,3,4,4,4,4,4,4,4,4,4,4,4,4,4,4,2,4,5,1,1,1,5,1,1,2,4,2,2,5,3,2,2,1,1,1,1,1,1,1,1,1,2,1,2,1,1,2,2,1,1,1,2,2,1,1
423,2,65,2,2,2,2,2,2,2,2,2,2,2,2,2,2,2,2,2,2,2,5,5,5,2,5,5,2,5,5,5,5,5,5,5,2,2,5,2,5,2,5,2,2,2,2,2,2,2,2,2,2,2,2,2,2,2,2,2,2,2,5,5,5,2,5,5,2,5,5,5,5,5,5,5,2,2,5,2,5,2,5,2
425,2,39,3,3,3,5,5,3,3,3,5,5,5,5,5,4,4,5,5,5,5,5,5,5,5,5,5,5,5,5,4,5,5,5,5,5,3,5,5,5,5,5,3,2,3,5,5,2,2,5,5,4,4,5,5,1,5,5,5,5,5,5,5,5,5,5,5,3,5,5,2,5,5,4,5,4,2,5,5,5,5,5,2
427,2,69,2,5,3,2,5,5,5,2,2,3,5,5,3,2,3,5,5,2,2,5,3,3,5,5,5,2,1,2,5,4,4,5,5,0,2,2,5,5,5,5,5,2,3,2,3,1,1,2,2,2,2,2,2,3,2,3,3,1,2,2,2,2,3,2,1,1,1,1,3,2,2,3,5,0,3,3,5,5,5,2,5
429,2,42,3,2,4,2,4,3,3,3,2,3,5,5,5,4,5,3,2,2,2,2,3,2,5,5,5,5,2,4,2,3,5,2,3,3,4,3,2,2,2,2,2,1,1,3,1,1,2,3,2,1,2,3,3,1,2,2,1,2,2,3,2,3,2,2,3,3,2,2,2,2,2,2,2,3,1,2,3,3,3,2,3
431,2,72,2,5,5,4,2,5,5,2,2,3,5,5,2,4,2,4,3,2,5,5,4,5,5,4,5,2,2,5,4,5,5,4,5,5,3,5,3,5,2,5,3,2,5,2,5,5,5,2,2,2,5,5,2,2,5,5,2,2,5,5,1,5,5,5,5,5,2,5,2,5,5,2,5,5,2,5,2,5,5,5,2
433,2,72,1,2,3,2,3,3,3,2,3,2,5,2,3,4,3,4,2,1,3,3,5,5,5,5,4,5,5,2,4,5,3,5,5,1,2,5,2,2,5,5,5,2,3,2,2,2,2,3,2,2,5,2,2,2,2,2,2,1,2,1,5,5,5,5,1,5,5,2,2,5,2,3,5,4,4,5,3,3,5,5,5
434,2,61,3,3,3,3,4,3,3,3,4,4,4,3,3,3,5,5,5,2,3,3,5,4,5,5,5,5,4,5,5,5,5,5,5,5,5,5,5,5,5,5,5,3,3,3,2,2,2,2,1,2,2,2,2,3,2,0,2,1,2,2,2,3,3,3,2,2,2,5,5,5,5,5,5,5,5,5,5,5,5,5,5
435,2,55,1,3,3,5,2,2,2,2,2,2,3,2,2,1,5,2,3,1,2,3,2,2,5,5,3,3,2,3,3,2,3,3,5,2,3,2,2,3,2,5,3,1,3,4,3,1,1,2,1,1,1,2,2,1,2,2,1,1,2,2,1,3,5,5,3,3,1,2,3,2,1,2,5,3,3,4,4,3,2,5,3
436,2,70,2,5,2,2,3,2,1,3,3,3,2,5,2,3,3,4,3,2,4,4,4,3,3,3,2,3,2,2,4,4,4,4,5,2,4,4,3,2,4,4,4,1,2,2,2,2,1,1,1,1,2,5,1,2,2,1,2,2,1,1,1,1,2,1,1,1,1,1,1,1,1,2,5,2,2,1,2,2,1,1,1
439,1,79,2,5,2,5,2,5,5,5,2,5,5,5,5,5,5,3,5,2,5,5,5,5,5,5,5,5,2,5,3,5,3,5,5,3,2,5,5,5,5,3,3,5,2,5,2,2,2,2,2,2,5,5,2,2,2,2,2,2,2,5,5,5,5,5,2,2,2,2,3,5,5,5,5,5,5,5,5,5,2,2,5
442,2,72,2,5,5,2,2,5,5,5,2,2,5,5,5,3,5,5,2,2,5,5,5,5,5,5,2,5,5,5,5,5,5,3,5,5,2,5,5,5,2,5,5,5,5,3,3,5,5,5,2,2,5,5,5,2,5,5,2,2,5,5,5,5,5,5,2,5,5,5,5,5,5,2,5,5,2,5,5,5,2,5,5
443,2,58,1,5,2,2,2,5,2,3,2,3,4,5,5,2,3,3,2,3,2,5,3,5,5,3,3,4,5,2,2,4,4,5,2,2,2,2,5,2,5,5,2,5,4,4,4,5,4,4,4,2,2,2,5,4,3,2,3,2,4,5,2,5,2,2,2,1,5,4,4,2,2,2,3,4,4,4,5,4,5,5,3
444,2,41,3,4,4,4,2,4,3,5,2,5,4,5,5,2,5,3,2,2,4,5,5,2,5,5,5,5,5,5,4,3,5,5,5,2,3,5,4,4,3,4,3,2,3,4,3,1,1,5,4,5,1,5,5,2,2,2,2,2,1,5,5,4,5,5,5,5,5,5,1,2,2,5,5,3,2,5,3,1,2,1,2
445,2,74,3,2,2,2,2,2,2,2,2,2,2,2,2,3,2,3,2,2,2,2,2,2,2,2,2,2,2,2,3,2,2,3,2,2,2,2,2,3,3,2,3,2,2,2,2,2,1,2,2,2,2,2,2,2,2,2,1,1,2,2,2,2,2,2,2,2,2,2,2,2,2,2,2,2,2,2,2,2,2,2,2
447,1,75,1,3,3,2,3,3,4,2,2,3,3,3,2,2,2,3,3,2,3,4,3,3,3,2,2,3,0,0,0,0,0,0,0,0,0,0,0,0,0,0,0,2,2,2,2,2,2,2,1,2,2,2,2,3,2,2,2,1,2,2,2,2,2,2,1,2,0,0,0,0,0,0,0,0,0,0,0,0,0,0,0
448,2,73,1,2,2,2,2,2,2,2,2,2,2,2,2,2,2,2,2,2,2,2,2,2,2,2,2,2,2,2,2,2,2,2,2,2,2,2,2,2,2,2,2,2,2,2,2,2,2,2,2,2,2,2,2,2,2,2,2,2,2,2,2,2,2,2,2,2,2,2,2,2,2,2,2,2,2,2,2,2,2,2,2
450,2,24,2,2,2,2,2,2,2,2,2,5,5,5,5,2,2,2,3,2,2,2,5,2,5,5,5,5,5,3,3,2,5,5,5,3,3,5,5,5,5,5,3,2,2,2,3,1,1,2,1,2,2,2,2,3,2,2,1,2,2,2,2,2,2,2,5,1,2,1,2,2,2,5,2,2,2,2,2,2,2,2,2
451,1,68,3,3,3,3,3,3,3,3,3,3,3,3,3,3,3,3,3,2,3,3,3,2,3,3,2,3,3,3,3,3,3,3,3,3,3,3,3,3,3,3,3,3,2,3,3,3,3,3,2,2,3,3,2,2,2,2,3,3,3,3,3,3,3,3,3,3,2,2,2,3,2,3,3,3,3,3,3,3,3,3,3
454,1,67,1,2,2,5,2,2,2,2,2,2,3,3,3,2,2,2,3,2,2,2,4,4,5,5,2,5,1,2,5,5,3,5,2,2,3,3,5,5,5,5,5,2,2,5,2,2,2,2,2,2,2,2,2,2,2,2,2,2,2,2,2,2,5,5,2,5,1,2,5,5,2,5,2,2,1,1,5,5,5,5,5
456,2,39,0,5,5,5,3,5,3,0,0,1,5,4,5,5,5,2,2,2,4,5,4,3,4,5,4,4,4,4,4,2,4,2,4,1,3,3,2,4,2,4,2,5,5,5,3,5,3,0,2,4,2,3,3,3,2,2,3,1,1,1,4,3,2,1,3,1,3,3,4,1,1,3,2,0,3,5,2,3,5,0,2
457,1,55,1,3,3,4,1,2,3,2,2,1,4,3,5,3,4,4,2,2,2,4,5,2,4,3,2,2,4,5,4,5,4,4,4,3,2,1,4,2,2,4,4,2,3,4,2,2,1,5,2,1,1,2,5,2,2,2,2,2,2,1,5,3,1,1,2,2,1,5,1,5,1,1,3,2,2,1,1,2,2,1,1
458,1,57,1,2,2,3,2,3,2,3,2,2,4,2,3,4,5,2,4,2,2,2,5,2,2,5,2,3,2,3,4,2,4,5,4,2,4,4,2,4,3,3,4,2,2,2,2,2,3,2,2,2,1,2,2,2,2,2,2,2,2,2,2,2,2,5,2,2,2,1,2,2,2,2,5,3,2,2,5,3,3,3,3
461,2,41,4,4,3,2,3,4,4,4,4,5,5,3,2,4,3,3,3,2,5,3,3,5,5,5,3,3,2,3,3,4,4,5,4,4,3,5,3,5,5,4,4,1,3,4,1,1,1,1,1,4,4,2,1,1,2,1,1,1,3,3,1,4,4,4,1,1,2,1,4,1,1,4,2,2,1,4,3,3,3,1,1
464,2,57,2,5,2,5,2,5,5,2,2,2,5,5,2,3,5,3,2,5,1,2,5,5,5,2,5,2,2,2,2,2,4,3,5,3,3,2,5,5,5,5,5,2,2,5,2,1,1,2,2,2,2,2,2,2,2,2,2,1,2,2,1,1,2,2,1,1,1,1,2,1,2,2,2,2,2,2,2,2,2,2,2
465,1,30,2,0,5,5,5,4,4,3,3,2,3,3,2,4,2,2,3,3,3,3,2,2,5,4,4,4,4,4,2,3,3,3,5,4,4,3,3,3,2,2,3,0,5,5,5,1,1,3,1,4,2,2,2,2,3,2,2,1,1,3,2,2,5,2,1,1,1,1,3,4,2,2,5,1,1,3,2,2,2,2,2
467,1,65,1,3,3,4,4,2,3,3,2,3,3,3,5,2,3,3,2,2,2,3,4,3,4,4,2,3,2,2,3,2,2,4,4,2,2,2,3,3,2,3,3,2,2,3,2,2,1,3,2,2,2,2,2,3,1,2,2,1,2,2,2,2,2,2,2,2,2,2,2,3,3,2,2,3,3,3,3,2,2,2,3
471,1,64,2,3,2,3,2,3,3,3,3,4,4,2,3,3,2,3,3,2,3,3,3,2,3,3,3,3,2,3,4,2,4,3,3,3,4,4,3,3,2,3,3,2,2,3,3,2,1,3,2,2,2,2,3,2,0,2,1,1,1,2,2,2,2,2,2,2,2,1,3,2,2,2,2,3,2,2,2,2,3,1,3
472,1,57,2,5,2,5,2,5,5,5,2,2,5,5,5,2,5,3,2,2,3,3,5,5,2,2,5,5,2,2,3,2,5,5,5,2,2,2,5,3,2,5,5,2,2,3,1,2,2,2,1,2,2,2,2,3,2,3,2,1,3,3,5,3,3,3,2,2,1,2,3,2,2,3,3,2,2,2,3,2,2,2,3
474,2,70,2,2,3,2,3,3,3,2,2,2,2,3,2,4,3,3,2,2,2,3,3,2,3,3,2,3,2,3,3,3,3,3,3,3,3,3,2,3,2,3,3,1,2,3,2,1,1,3,2,2,2,2,2,2,2,2,2,2,2,2,2,2,2,2,2,2,2,2,2,2,2,2,2,2,2,2,2,2,2,2,2
476,2,43,4,4,5,5,4,4,4,4,4,4,4,4,4,4,4,4,3,2,2,3,5,2,3,4,4,4,4,3,4,4,4,4,4,2,4,5,5,5,5,4,3,2,5,5,4,1,1,4,3,4,4,2,2,2,2,4,2,1,3,3,5,4,3,4,1,1,3,2,3,1,1,2,1,4,1,5,5,5,5,1,3
477,1,22,2,5,5,2,2,5,5,2,2,5,5,5,2,2,2,2,2,1,5,2,5,5,5,5,2,3,2,2,4,2,3,2,5,2,2,5,2,5,2,5,5,2,5,2,2,1,1,2,1,2,2,1,1,2,2,3,2,2,1,1,1,5,5,2,1,1,2,2,2,3,2,2,5,2,2,2,2,2,5,1,2
478,1,45,2,3,3,2,3,3,4,2,3,3,2,3,2,4,2,2,2,2,3,3,2,2,3,2,3,2,2,2,4,2,3,3,2,2,2,2,3,3,2,3,2,2,2,3,2,2,2,3,2,2,2,2,3,2,2,3,3,3,2,2,3,3,2,3,2,3,2,3,2,3,3,3,3,3,2,2,3,3,3,2,2
479,1,72,2,2,2,1,3,3,3,2,2,3,3,3,3,2,2,2,1,1,3,4,4,2,5,5,2,2,2,2,4,2,3,4,5,2,2,3,5,2,2,4,2,2,3,2,3,2,2,1,1,1,2,1,2,2,2,2,1,1,2,2,2,3,2,2,1,2,1,1,2,1,2,2,5,2,3,2,5,3,3,1,2
483,1,46,1,2,2,2,2,2,1,2,2,2,3,2,2,2,2,2,2,2,2,5,5,2,2,2,2,3,2,2,1,2,2,2,2,3,2,2,2,2,2,2,5,1,2,5,2,1,1,1,1,1,1,2,1,5,1,2,2,1,2,2,2,5,5,5,2,2,2,2,2,2,2,1,1,1,1,1,1,1,5,2,5
488,1,51,1,3,3,4,3,3,3,3,3,3,2,3,3,2,3,3,2,1,3,3,2,2,3,3,2,2,2,2,3,2,4,3,2,2,2,3,2,3,3,2,3,2,3,3,3,2,1,1,1,2,1,2,3,3,1,2,2,1,1,1,1,2,2,1,1,1,1,2,1,2,2,2,2,2,2,2,2,1,2,2,1
489,2,56,2,5,5,2,5,5,5,3,3,3,5,3,5,2,5,5,3,3,4,5,5,2,5,5,5,5,2,2,3,5,4,3,5,3,3,5,5,5,5,5,5,2,5,2,5,2,2,2,2,3,2,2,2,2,2,3,2,2,2,2,3,2,5,5,5,5,2,2,3,5,2,2,5,2,2,2,5,5,5,5,5
490,2,79,1,3,2,2,3,5,5,2,2,3,5,5,3,5,2,3,3,2,5,5,5,2,2,2,2,2,2,2,3,5,3,5,5,3,3,3,2,5,5,5,3,2,2,2,2,5,5,2,2,2,5,5,2,5,2,2,2,2,5,5,5,2,2,2,2,2,2,2,2,5,2,5,5,2,2,2,2,5,5,5,2
492,2,49,2,2,2,2,2,2,2,2,2,2,5,2,2,2,2,2,5,2,5,2,2,2,3,5,2,5,2,2,5,2,3,5,5,3,3,2,5,5,5,3,3,2,3,3,3,2,1,3,2,3,2,2,2,3,2,3,1,1,2,2,3,3,2,3,2,2,2,2,3,3,2,4,3,2,3,3,2,0,3,1,1
493,1,54,2,5,3,2,2,2,3,3,2,4,5,5,1,1,2,3,1,2,3,3,4,3,4,5,3,5,2,2,3,2,3,3,3,2,2,2,5,5,2,3,4,2,2,2,3,1,1,2,1,1,2,5,1,3,2,2,2,1,2,2,1,1,1,1,1,1,2,2,2,3,2,1,2,2,2,2,5,5,2,1,1
494,2,51,0,5,2,2,3,2,1,2,2,3,3,3,1,3,3,4,1,2,3,2,5,2,3,3,3,3,1,2,4,3,4,2,3,2,3,2,3,3,2,4,3,1,2,3,2,2,2,2,2,2,1,1,1,2,2,2,2,2,2,2,2,2,2,2,1,1,2,1,2,2,2,2,2,2,2,2,2,2,2,1,2
495,2,53,2,3,5,5,5,3,2,5,2,5,5,5,3,3,5,5,3,2,5,5,5,5,5,5,3,5,5,3,4,3,4,5,5,3,3,5,5,5,5,5,5,2,5,5,5,2,2,5,2,5,5,5,2,3,5,5,2,2,2,2,5,5,5,5,2,2,2,2,2,5,2,5,5,2,2,5,5,5,5,5,5
497,2,49,2,2,5,2,2,2,2,3,2,2,2,5,3,2,5,5,4,2,2,2,5,5,5,5,2,3,2,2,3,5,5,5,5,4,3,3,5,5,2,5,3,2,5,5,2,2,2,2,2,5,2,5,2,2,5,5,1,2,2,5,5,5,5,5,2,2,2,2,2,5,5,5,5,1,1,1,5,5,2,1,1
500,2,74,1,2,3,3,4,3,5,3,3,4,3,4,4,4,5,4,4,4,5,3,3,3,5,5,4,4,3,3,4,3,4,5,4,4,4,4,5,4,4,4,5,2,2,2,2,2,2,2,1,2,2,2,2,2,5,2,1,1,2,2,1,2,5,2,2,2,2,2,2,2,2,5,2,2,2,2,5,2,2,2,5
501,1,68,2,2,5,2,4,4,4,2,5,4,5,5,5,1,2,4,2,4,5,4,5,5,5,5,2,5,2,3,5,5,2,5,5,2,4,4,2,5,2,5,2,2,5,2,1,1,1,4,1,1,5,5,5,2,2,2,2,1,5,1,5,5,5,1,3,2,2,2,5,2,3,2,5,2,1,1,2,5,4,5,3
503,1,46,3,3,3,3,4,4,2,3,3,3,3,2,2,2,3,4,3,2,3,3,3,2,3,3,3,3,2,2,4,3,4,3,3,4,3,3,3,3,3,3,3,2,2,3,2,2,2,2,2,2,2,4,3,3,3,4,3,2,3,3,3,3,4,4,3,2,2,2,2,3,2,3,3,1,3,3,3,3,3,3,3
516,1,66,3,4,4,2,4,4,5,5,4,4,5,5,5,4,4,4,5,2,5,5,4,4,4,4,4,4,2,3,4,4,4,3,5,4,4,4,5,4,3,5,4,2,4,3,3,2,5,5,1,1,5,5,2,2,1,3,5,2,5,5,3,3,3,4,2,2,2,2,3,3,2,3,5,1,1,1,5,3,2,2,3
517,1,26,2,2,1,3,3,2,2,3,2,2,2,2,2,3,1,2,2,1,2,4,5,3,4,2,3,3,2,2,4,2,3,3,2,2,2,2,3,3,3,3,4,2,4,3,3,1,1,2,2,3,2,2,1,2,1,3,1,2,1,1,1,1,2,1,1,2,1,1,1,2,2,1,2,2,2,2,1,1,1,2,1
518,2,59,2,2,2,2,4,2,2,3,3,2,2,3,2,2,2,2,2,2,2,3,3,2,2,3,2,3,2,2,4,3,4,3,2,2,3,3,3,3,3,3,3,2,3,3,1,3,2,2,1,2,2,2,2,3,3,3,3,3,2,2,3,3,3,3,3,3,3,3,2,2,2,2,4,4,3,3,3,3,3,2,3
519,1,63,2,5,5,2,3,4,4,5,2,2,4,3,4,3,5,5,5,2,2,2,4,3,4,4,3,3,2,2,3,3,4,3,5,2,2,5,4,5,2,3,5,3,3,2,2,1,1,4,1,3,2,2,1,1,3,5,4,1,1,1,3,3,2,1,4,3,2,2,1,1,1,1,5,3,3,5,1,5,1,1,3
520,2,45,3,5,2,2,3,5,5,3,4,5,5,2,4,1,1,3,2,3,2,2,3,2,3,4,2,4,2,3,4,3,3,4,5,2,4,3,4,4,4,4,4,2,3,3,3,2,5,3,1,2,1,3,1,4,1,2,1,1,1,1,2,2,3,4,1,1,1,1,1,3,1,2,3,2,1,2,3,3,4,1,1
521,1,70,1,3,2,2,3,3,3,3,3,2,3,3,3,3,3,3,3,3,3,3,3,4,3,4,3,3,3,3,3,3,3,3,3,3,3,3,3,3,3,3,3,3,3,3,3,3,2,3,2,3,3,3,2,3,3,3,3,2,3,3,3,3,3,2,3,3,2,2,3,3,3,3,3,3,3,3,3,3,3,3,3
525,2,43,1,4,4,3,4,4,4,3,4,3,3,4,4,3,3,4,3,4,3,3,4,4,4,5,3,4,3,3,4,4,3,3,3,3,4,3,2,3,3,3,3,1,2,2,1,1,2,2,1,2,1,1,1,1,2,2,1,1,2,2,1,1,2,4,2,2,2,2,1,1,2,3,2,3,1,2,3,2,2,1,3
527,2,44,2,2,5,2,2,2,2,5,2,5,5,5,5,2,5,2,2,2,5,5,5,2,5,5,2,2,2,2,3,5,3,5,5,2,2,5,5,5,5,5,5,1,2,2,2,2,2,2,2,2,2,5,2,2,5,2,2,2,2,2,2,2,2,5,1,1,2,2,2,5,2,2,4,3,2,2,2,5,5,2,1
530,2,63,2,5,5,5,5,5,5,2,2,3,5,0,0,0,0,0,0,0,0,0,0,0,0,0,0,0,4,0,0,0,0,0,0,0,0,0,0,0,0,0,0,5,5,5,5,5,5,5,2,2,5,2,2,2,2,2,2,5,2,2,2,2,5,5,2,2,1,2,2,5,2,2,2,5,2,2,5,5,5,2,5
531,1,54,2,3,5,5,4,4,4,4,4,5,5,5,5,4,4,4,3,3,3,5,5,5,5,5,5,5,5,5,4,5,5,5,5,3,3,3,5,5,5,5,5,2,5,5,2,2,2,2,2,2,2,2,2,1,2,2,2,2,2,2,2,2,2,2,2,2,2,2,2,2,2,2,2,2,2,2,2,2,2,2,2
533,1,56,2,2,3,2,2,2,3,2,4,3,3,3,3,2,2,4,3,3,2,2,2,2,3,2,3,3,2,2,4,2,3,3,2,3,2,3,3,3,3,2,3,1,3,3,3,1,1,2,2,3,2,3,2,3,2,3,2,3,3,3,3,3,3,3,2,2,2,2,4,3,3,3,4,3,3,3,3,3,3,3,3
536,2,67,2,2,3,3,4,3,3,4,3,3,3,5,5,3,5,4,5,4,5,3,5,5,3,5,4,4,2,4,4,5,4,4,5,4,4,4,5,5,5,5,5,1,3,2,2,2,2,2,1,2,2,5,5,2,5,5,5,1,5,2,5,5,5,5,2,2,2,2,2,5,2,5,5,2,2,2,5,5,5,5,5
537,1,71,1,2,0,2,2,3,3,2,4,2,5,2,2,3,3,2,2,2,2,2,3,2,5,5,2,2,5,2,3,2,3,3,5,3,3,3,5,5,3,5,2,2,0,3,2,1,1,3,1,2,1,1,2,2,2,2,2,1,2,2,2,2,3,3,1,1,1,1,2,2,2,2,2,1,1,1,2,2,2,2,2
540,2,37,3,5,2,2,4,4,4,3,4,5,5,3,3,3,3,3,4,3,3,5,2,2,3,5,3,5,3,3,3,5,5,5,5,4,4,3,3,3,3,3,3,2,5,3,2,1,1,2,1,2,2,2,2,2,2,2,2,2,2,2,5,3,3,5,2,2,2,2,2,5,5,5,5,2,2,2,2,2,2,2,2
541,2,73,1,5,3,3,3,5,5,3,2,3,5,3,3,3,3,2,2,2,3,3,3,3,3,4,2,3,3,2,4,3,3,4,3,3,3,2,3,4,4,4,4,1,2,2,2,1,1,2,2,1,2,2,2,2,2,2,2,1,2,1,2,1,1,2,1,1,1,1,2,2,2,2,2,2,2,2,2,1,2,1,1
542,1,29,2,5,5,5,2,5,5,2,2,5,5,5,5,2,2,2,2,1,2,2,5,5,5,5,5,5,5,2,3,3,5,5,5,5,5,2,2,5,5,5,3,2,3,3,2,2,2,2,2,5,5,5,2,2,2,2,2,1,3,2,5,5,5,3,2,2,0,0,0,0,0,0,0,0,0,0,0,0,0,0,0
543,1,62,3,5,5,5,5,5,5,5,4,5,5,5,0,4,5,4,4,1,5,4,5,5,5,5,5,4,5,4,4,4,5,4,5,4,4,5,4,5,5,5,4,5,5,5,5,5,5,5,1,5,5,5,0,1,5,3,1,1,5,4,5,5,5,5,5,2,5,1,1,2,5,4,5,1,1,5,2,5,5,5,3
544,2,31,1,5,5,2,2,5,5,2,2,5,5,5,5,2,5,2,2,2,3,5,5,2,5,5,2,5,2,2,3,5,2,2,5,3,2,2,2,5,5,5,5,2,5,2,2,1,1,1,1,2,2,2,2,2,2,2,2,1,1,2,2,2,2,2,2,2,1,1,2,2,2,1,2,2,1,2,2,2,2,2,2
546,1,52,3,5,5,5,3,5,5,5,4,4,5,3,3,4,3,4,2,2,4,3,3,3,3,4,3,3,2,2,4,3,4,3,3,2,2,3,3,3,3,4,3,5,5,5,4,5,5,5,2,2,5,3,4,4,4,4,4,4,2,3,3,3,3,3,3,3,3,3,3,3,2,3,3,3,3,3,3,3,3,2,3
547,2,65,2,2,3,2,2,4,4,2,4,3,3,2,3,2,2,2,3,4,4,4,4,2,3,3,2,2,2,2,3,3,3,2,3,2,2,2,2,3,3,3,3,2,3,3,3,1,1,2,1,3,2,3,2,3,2,3,3,2,2,2,2,3,3,2,2,3,2,3,3,4,3,4,4,4,4,4,4,4,3,2,2
550,1,79,2,2,3,3,3,3,3,3,3,3,2,2,2,2,3,2,2,1,3,3,3,5,5,5,4,5,2,3,4,2,5,4,3,3,2,2,5,2,2,2,4,2,2,3,3,2,2,2,2,2,2,2,2,2,2,2,2,2,2,2,2,5,5,5,3,5,2,2,4,2,5,2,2,2,2,2,5,2,2,2,2
556,1,67,2,5,2,5,2,2,5,5,5,5,5,5,2,5,2,2,5,2,5,5,5,5,5,5,5,5,5,2,2,2,2,5,2,2,2,2,5,5,5,5,5,2,2,2,2,2,2,2,2,2,2,2,2,2,2,2,2,2,2,2,2,2,2,2,2,2,2,2,2,2,2,2,2,2,2,2,2,2,2,2,2
557,1,70,3,3,4,2,4,3,2,2,2,4,5,5,5,4,5,4,5,4,5,5,5,5,5,5,5,5,2,2,4,5,4,5,5,2,4,3,5,5,2,3,3,1,2,5,2,2,1,3,2,3,2,2,5,2,3,4,5,2,2,2,2,2,4,4,2,2,2,2,2,5,2,4,3,3,1,2,3,5,5,2,2
559,1,69,2,3,3,2,4,3,4,3,3,3,3,3,2,2,3,4,3,1,2,2,3,2,3,3,3,3,2,2,4,3,3,3,5,3,3,3,5,3,3,3,3,3,2,2,3,3,3,3,1,2,2,2,2,3,2,3,2,1,2,2,3,2,2,2,2,2,1,2,3,3,2,3,3,2,2,2,4,3,2,2,2
560,1,75,2,5,4,4,2,4,5,5,2,5,5,3,5,2,5,4,2,2,3,4,5,2,5,5,5,3,2,3,4,5,5,5,5,5,3,5,5,5,5,5,5,3,2,3,1,3,2,1,1,3,3,3,1,2,2,2,2,1,2,2,3,3,3,3,3,2,2,2,2,2,3,3,5,5,3,5,5,5,5,5,5
562,2,58,2,5,4,5,5,5,5,3,3,4,5,4,5,4,4,4,2,2,5,4,4,5,4,3,3,5,2,3,4,2,4,5,5,3,2,5,5,4,5,3,3,2,2,3,3,2,2,2,1,2,2,1,2,2,1,2,2,1,2,2,2,2,3,2,1,2,1,1,2,5,1,5,5,2,2,5,5,5,5,2,2
564,2,51,2,5,5,5,5,5,5,5,5,5,5,5,5,5,5,5,5,2,4,4,5,5,5,5,5,5,5,3,5,5,5,5,5,5,5,5,5,5,5,5,5,5,5,5,5,5,5,5,2,2,2,2,2,3,2,3,2,1,1,1,2,2,3,3,2,1,1,1,2,2,2,2,2,2,2,2,3,3,5,1,2
566,2,23,1,3,3,3,2,2,2,4,2,2,4,4,3,2,3,3,3,2,3,3,3,3,3,5,2,3,2,3,5,5,3,5,5,2,3,3,5,4,3,3,4,2,2,3,2,3,4,1,4,4,1,2,2,4,3,2,2,3,2,2,2,2,2,4,3,2,4,2,4,4,2,5,5,3,2,2,5,2,2,2,1
567,1,68,0,3,3,2,2,2,3,2,3,2,3,2,2,3,3,3,3,4,3,3,4,4,3,3,2,3,2,2,3,3,3,3,5,3,3,5,2,5,2,3,3,2,2,2,3,3,2,3,2,3,2,3,3,2,2,2,2,2,2,2,2,2,3,2,2,2,2,2,3,2,2,2,5,2,2,5,3,5,2,3,2
568,2,25,1,5,5,5,2,2,2,2,2,2,2,2,5,2,5,5,2,2,2,5,5,5,5,5,5,5,5,5,2,2,2,5,5,5,2,5,5,5,5,5,5,5,5,5,2,2,2,2,2,2,2,2,5,2,5,5,2,2,2,5,5,5,5,5,5,5,5,5,2,2,2,5,5,5,2,5,5,5,5,5,5
569,2,40,2,3,2,5,3,3,2,2,2,5,5,5,2,2,5,2,5,1,3,5,5,1,5,5,2,5,1,1,3,3,2,5,5,2,3,5,4,5,5,5,5,2,3,5,2,2,2,3,3,5,5,5,3,3,5,3,5,3,2,5,5,3,5,5,1,1,1,3,2,2,3,5,5,2,2,5,1,2,5,5,2
570,2,71,2,5,5,5,5,5,5,5,5,5,5,5,5,5,0,5,3,1,5,2,5,5,5,5,5,2,2,5,5,5,3,5,5,5,3,3,5,5,5,3,5,1,5,5,5,1,1,2,1,2,1,1,1,5,2,2,2,1,2,2,2,5,3,5,2,2,1,1,4,2,2,2,2,5,2,2,5,5,5,1,5
572,2,65,2,5,5,2,3,5,5,5,2,4,2,5,4,4,5,4,4,1,5,5,4,4,2,5,2,4,1,5,4,4,4,4,4,1,2,2,4,5,5,4,3,2,3,3,2,2,1,2,3,1,1,2,1,3,3,2,2,1,3,3,2,4,3,4,2,2,2,3,4,2,1,2,3,4,4,4,4,4,4,2,3
573,2,42,2,3,2,5,4,4,4,4,4,5,4,5,4,4,2,4,2,1,3,1,4,5,1,5,4,4,2,2,2,4,4,4,3,3,4,3,3,4,5,5,2,1,2,5,1,2,2,2,2,2,2,5,3,1,3,3,4,5,3,4,5,3,4,5,2,2,3,3,3,2,2,4,3,3,2,3,3,2,5,5,4
575,1,32,1,3,5,5,3,3,5,4,3,5,5,5,3,3,3,3,3,2,2,2,5,5,5,5,5,5,5,2,3,5,5,5,5,3,2,5,3,5,5,5,5,2,5,5,2,2,2,2,2,2,2,2,2,2,2,2,2,3,3,3,2,5,5,5,2,2,5,2,2,0,5,5,5,2,3,5,2,5,5,2,2
576,2,72,2,2,2,2,2,5,5,2,1,2,5,5,5,5,2,2,5,2,5,4,5,5,5,5,2,5,2,4,4,5,5,4,5,4,4,4,5,5,2,5,4,2,2,2,2,5,5,2,1,2,5,5,5,5,2,2,5,2,5,4,5,5,5,5,2,5,2,4,4,5,5,4,5,4,4,4,5,5,2,5,4
579,2,71,2,2,2,3,3,2,2,2,1,2,2,2,2,3,3,3,2,3,2,2,3,2,3,2,2,2,5,3,3,5,3,4,3,2,2,2,5,5,5,3,2,2,2,3,3,2,2,2,1,2,2,1,2,3,3,3,2,3,2,2,3,2,3,2,2,2,5,3,3,5,3,4,3,2,2,2,5,5,5,3,2
583,2,68,1,5,2,5,2,5,2,2,2,2,5,2,2,3,3,5,0,2,5,5,3,5,5,5,2,5,2,2,5,5,5,3,3,2,2,5,5,5,2,5,5,1,2,2,2,1,1,2,2,2,2,2,2,2,2,5,2,2,2,2,2,2,2,2,2,2,2,2,1,2,2,2,2,2,2,2,5,2,1,1,1
584,1,65,2,0,0,0,0,0,0,0,0,0,0,0,0,0,0,0,0,0,0,0,0,0,0,0,0,0,2,2,4,2,3,3,3,3,4,4,4,4,4,4,4,0,0,0,0,0,0,0,0,0,0,0,0,0,0,0,0,0,0,0,0,0,0,0,0,0,2,2,1,3,3,3,3,2,2,2,4,4,4,4,4
587,2,28,2,5,5,5,5,5,5,5,5,5,5,5,5,5,5,5,5,5,5,5,5,5,5,5,5,5,5,5,5,5,5,5,5,5,5,5,5,5,5,5,5,2,2,2,2,2,2,2,1,1,1,2,2,2,2,2,2,1,2,1,2,2,2,2,2,2,2,2,2,2,2,2,2,2,2,2,2,2,2,2,2
600,2,72,2,5,2,2,3,0,2,2,0,2,2,0,5,2,0,4,2,3,3,3,2,2,3,5,2,2,2,2,3,2,4,5,5,2,2,2,5,5,2,2,5,2,2,3,2,0,2,2,0,2,2,0,5,0,0,4,2,2,2,2,2,3,2,2,2,2,2,2,2,3,2,5,5,2,2,2,5,5,2,2,5
601,2,63,3,5,3,5,3,3,4,5,3,3,5,5,5,4,4,5,4,5,5,5,5,5,5,5,5,5,5,5,3,3,4,5,5,5,3,5,5,5,5,5,5,1,3,2,0,1,1,2,1,2,2,5,1,2,2,3,2,1,2,2,2,5,5,2,1,1,1,2,2,2,2,2,2,2,2,2,2,2,2,1,2
603,2,38,2,2,2,1,3,5,5,2,3,4,4,5,5,2,3,4,4,3,4,3,4,2,2,4,4,4,2,5,3,2,4,4,3,3,4,4,4,4,4,4,4,4,2,2,2,5,5,5,1,1,1,5,5,2,2,3,2,1,1,1,2,3,2,4,1,1,1,5,2,2,1,2,3,2,3,2,2,3,2,1,2
605,1,64,2,5,5,2,2,5,5,2,2,2,5,3,4,3,3,3,2,2,3,3,3,2,3,4,2,2,5,2,4,3,4,3,5,2,2,2,5,3,3,5,4,3,2,3,3,3,3,3,2,3,2,2,2,2,2,2,3,1,2,2,1,3,2,2,2,2,2,2,3,2,2,3,4,3,2,2,3,2,2,2,2
607,1,35,2,5,2,5,2,4,4,5,4,2,4,3,5,3,2,5,4,2,5,2,3,4,3,4,5,5,5,3,2,5,4,4,5,4,3,5,4,5,2,3,3,2,3,4,2,1,1,1,2,4,2,2,2,2,3,3,2,2,1,2,3,2,2,2,1,1,1,1,3,2,2,1,2,2,2,2,3,2,3,1,1
608,1,32,3,2,5,5,3,2,2,5,2,5,5,5,4,3,5,5,2,2,2,2,3,4,3,4,5,3,5,5,3,4,3,4,5,4,3,5,5,5,5,5,5,0,4,4,3,2,2,4,1,3,2,4,1,2,2,3,3,1,2,3,2,1,2,2,2,2,2,1,4,2,2,2,3,2,2,3,2,3,3,2,1
609,1,65,2,2,3,3,3,3,4,3,4,3,2,3,5,3,5,4,3,4,5,5,3,2,3,5,2,4,2,2,4,2,4,4,5,4,4,4,2,3,3,3,5,2,3,2,3,2,1,3,1,1,2,2,5,3,5,2,2,1,5,5,2,2,4,5,2,1,1,2,2,2,2,2,5,1,1,1,4,3,3,2,5
610,2,77,3,5,0,2,1,5,5,2,3,2,5,3,4,4,4,5,4,2,5,3,5,2,5,3,2,5,2,5,4,5,4,5,5,2,2,3,5,5,2,5,4,5,0,2,1,5,5,1,1,2,5,2,1,2,2,5,2,1,5,2,5,2,5,2,2,5,2,5,2,5,1,5,5,2,2,2,5,5,2,5,2
611,2,28,2,5,2,2,2,2,2,2,2,5,5,2,2,2,5,5,2,2,2,5,5,2,2,5,5,5,2,2,5,2,5,5,5,2,2,2,5,5,5,5,5,2,2,2,2,1,1,1,1,1,1,1,1,1,1,2,2,1,2,2,2,1,2,2,2,2,1,1,2,2,2,2,2,1,1,1,2,2,2,1,1
612,1,29,2,2,2,2,3,2,3,3,3,2,3,3,3,3,3,3,3,2,3,3,2,3,4,4,0,0,3,3,4,3,3,3,4,4,0,3,3,4,3,4,4,2,2,2,3,1,2,2,2,3,2,2,2,2,2,2,2,1,2,2,2,2,2,2,2,2,2,2,2,2,2,2,2,2,2,2,2,2,2,2,2
613,1,26,1,2,2,1,2,3,3,3,2,1,1,2,2,1,1,1,2,1,3,3,2,1,2,3,1,2,1,3,4,3,2,2,2,4,4,2,1,2,1,2,3,1,2,1,2,1,1,2,2,3,3,2,2,1,1,1,2,1,1,1,2,1,2,1,3,2,2,1,1,2,2,2,2,1,1,2,2,1,2,2,2
614,1,75,1,5,5,2,2,5,5,2,4,2,5,2,2,4,5,2,2,1,5,5,5,1,5,5,5,5,1,1,3,5,2,5,5,4,3,3,5,5,5,5,5,2,0,0,2,1,1,0,1,2,2,2,1,2,1,2,2,1,1,1,1,1,2,2,1,1,1,1,2,5,2,2,2,1,1,2,3,3,2,2,2
615,1,76,3,3,3,3,2,3,3,3,3,2,4,3,2,2,3,3,3,2,3,4,4,2,3,4,2,3,2,2,4,4,4,4,4,3,4,4,3,3,4,3,3,2,2,3,3,2,1,2,1,2,1,2,2,3,2,3,2,2,2,3,3,3,3,5,2,2,2,2,2,2,2,2,2,3,2,2,3,3,3,2,2
616,1,67,2,5,5,5,2,5,5,5,2,5,5,5,5,2,2,2,2,2,2,3,5,5,5,3,5,5,5,5,3,2,3,5,5,3,3,3,5,5,3,4,5,2,3,3,3,2,2,3,2,2,2,5,5,2,2,2,2,2,2,2,5,5,5,2,5,5,5,5,2,2,2,5,5,2,2,2,5,5,2,2,2
617,1,21,3,4,3,1,4,4,4,2,4,2,2,4,5,4,5,5,4,5,4,5,3,5,3,5,3,4,2,4,5,3,3,5,5,2,2,3,5,2,4,4,4,1,1,4,1,1,1,2,1,1,1,2,5,1,5,5,1,5,1,5,1,5,3,5,1,1,1,1,5,2,1,5,5,2,2,3,5,2,1,1,1
619,1,70,2,5,2,5,4,3,5,2,2,3,3,5,5,4,4,4,2,2,3,5,4,5,5,5,4,4,2,4,4,4,4,5,4,4,4,4,5,5,4,4,5,2,2,2,2,2,1,2,1,1,1,2,2,2,1,2,2,2,2,1,1,5,5,5,1,1,2,1,1,1,1,5,1,1,1,1,2,2,1,1,2
620,1,56,1,5,5,2,2,2,5,2,3,3,3,2,1,1,1,2,1,2,1,2,5,2,2,2,1,1,1,1,2,2,2,1,5,1,2,3,2,2,2,1,1,2,2,2,1,2,2,0,1,2,2,2,1,1,1,2,1,2,1,2,5,2,2,2,1,1,1,1,2,2,2,1,2,1,1,2,2,2,2,1,1
621,2,43,3,2,2,2,2,2,2,2,2,3,2,2,2,3,3,3,2,2,2,3,5,3,5,5,3,3,3,2,3,3,4,5,3,3,2,5,5,5,5,2,3,2,2,2,2,1,1,1,1,1,2,2,2,2,2,2,2,1,1,2,5,1,5,5,1,1,2,2,3,2,1,5,2,2,3,5,5,5,5,5,2
623,2,54,2,5,2,2,2,2,3,5,3,3,3,4,2,3,4,4,3,1,2,5,2,3,3,4,3,3,1,1,3,4,4,4,4,4,3,3,4,3,2,5,3,1,3,3,3,1,1,3,1,1,1,2,1,2,2,2,2,1,2,5,2,3,3,3,2,1,1,1,1,1,1,2,1,1,1,1,5,3,2,2,2
624,1,35,2,5,5,5,5,5,5,5,3,5,5,5,5,5,5,5,4,2,5,5,5,5,5,5,5,5,2,3,5,5,5,5,5,4,4,4,5,5,5,5,5,2,4,4,4,2,2,4,1,2,2,2,2,4,2,4,1,1,3,4,2,2,4,4,1,1,1,1,4,3,1,4,2,1,1,1,2,4,4,1,2
626,2,28,2,5,5,5,5,5,5,5,3,5,5,5,3,3,5,3,5,2,5,5,5,2,5,3,5,5,5,3,5,2,5,5,5,5,3,5,3,3,5,5,5,2,2,2,2,1,1,2,1,2,2,2,1,2,1,2,1,1,1,2,2,2,2,2,1,1,1,1,2,2,1,1,2,2,1,1,2,2,1,1,2
627,1,23,2,2,5,2,2,2,2,2,3,3,3,3,5,2,4,4,3,2,2,1,2,2,5,5,3,2,2,3,4,4,4,5,3,3,2,2,5,5,3,3,2,2,5,2,2,2,1,4,1,1,1,5,5,4,2,2,3,4,3,3,3,3,5,5,1,3,1,1,2,1,1,5,2,2,2,2,5,5,3,5,3
629,2,58,1,2,2,2,2,2,2,5,5,2,5,5,5,2,2,5,2,2,2,5,2,2,2,2,2,5,5,5,5,5,3,5,5,1,2,2,2,5,5,5,5,2,2,2,2,2,2,3,2,2,2,0,0,0,0,0,0,0,0,0,0,0,0,0,0,0,0,0,0,0,0,0,0,0,0,0,0,0,0,0,0
631,2,60,2,5,5,2,2,5,3,0,5,5,5,5,2,4,5,2,2,2,5,4,5,2,5,5,5,5,5,5,4,5,3,5,5,5,5,2,5,5,5,5,5,2,5,0,0,2,2,0,2,0,2,5,5,2,5,5,2,2,5,2,5,5,5,5,5,5,2,5,2,5,2,5,5,0,5,5,5,5,5,5,5
632,2,67,1,2,2,2,2,2,3,2,3,2,2,2,2,2,4,2,2,3,2,2,3,2,2,2,2,3,2,2,2,2,3,3,2,3,3,3,2,2,2,2,2,2,2,2,2,2,1,2,1,2,2,2,2,2,1,2,2,1,2,2,2,2,2,2,2,1,2,2,2,2,2,2,2,2,2,2,2,2,2,2,2
633,1,68,2,5,2,2,3,2,2,3,2,2,5,2,3,3,3,3,2,2,3,2,2,2,3,5,2,3,2,3,3,2,3,3,5,3,3,2,5,3,2,2,2,5,2,2,2,2,2,2,2,2,5,2,2,2,2,2,2,1,2,2,2,2,2,5,2,2,1,2,2,2,2,2,5,2,2,2,5,2,2,2,2
634,2,73,3,4,4,3,3,2,3,2,4,3,3,3,4,4,4,4,3,2,4,4,4,3,3,4,3,3,5,3,3,5,4,3,0,2,4,4,3,4,3,4,4,2,2,3,3,2,2,3,1,2,2,1,2,2,2,2,2,2,2,2,1,2,2,1,2,2,0,0,0,5,2,3,5,4,2,2,2,3,3,0,3
636,1,67,3,3,2,1,2,3,4,2,3,2,3,3,3,2,2,3,4,2,3,2,2,2,2,3,2,3,2,3,2,3,2,2,2,3,2,2,4,2,2,3,2,2,3,4,3,2,1,3,2,3,2,2,1,3,3,3,2,3,2,3,3,3,3,2,3,2,3,2,4,2,3,3,3,3,3,3,2,3,3,2,3
640,1,69,3,4,4,4,3,4,4,4,4,4,4,4,4,4,4,4,4,2,3,3,4,4,4,4,4,4,4,4,4,4,4,4,4,4,4,4,4,4,4,4,4,3,3,3,2,1,1,2,1,1,2,2,2,3,3,2,1,1,2,2,3,2,1,2,1,1,2,1,1,1,2,1,1,2,1,2,2,2,2,2,2
642,1,69,2,5,5,5,5,5,5,5,4,4,4,4,4,4,4,5,2,4,4,4,4,4,5,0,3,3,3,3,5,0,4,5,4,2,2,2,2,2,4,4,3,5,5,5,5,5,5,5,4,4,4,3,2,3,2,4,3,1,2,4,2,2,5,5,2,2,2,1,4,2,2,4,2,4,4,4,4,4,2,1,3
643,2,61,2,5,3,5,5,3,3,5,4,4,4,5,5,3,3,4,3,5,3,5,5,5,3,5,3,3,3,3,5,5,4,5,5,5,3,3,5,5,5,3,3,2,3,5,3,2,2,5,1,2,2,5,2,3,3,5,3,2,2,5,5,3,3,5,2,2,1,2,5,5,2,3,5,2,2,2,5,4,5,5,2
644,2,60,2,3,3,5,3,3,2,3,3,3,3,3,4,4,4,4,4,3,4,3,4,3,3,3,3,3,3,3,4,4,4,3,3,4,3,3,3,4,4,4,3,2,2,3,5,1,2,2,1,1,2,2,5,3,3,3,2,2,2,2,2,2,3,3,3,2,2,2,3,3,2,3,5,3,2,2,3,3,2,2,3
646,1,65,2,5,5,2,2,3,3,2,3,4,5,5,2,2,3,4,5,4,4,4,4,2,2,2,2,2,2,2,4,3,3,4,5,4,4,4,4,5,5,5,5,2,2,3,2,1,1,1,1,1,1,2,2,2,1,1,5,1,1,1,1,2,2,2,2,2,2,2,2,3,1,4,5,2,1,1,2,5,5,5,5
651,1,34,3,4,1,1,1,4,4,1,3,1,1,3,4,4,1,2,4,1,1,1,4,1,3,4,4,4,3,4,4,4,1,3,5,1,2,2,1,2,3,4,4,1,4,2,2,1,1,2,1,4,4,2,4,2,1,3,1,1,1,1,2,1,4,2,4,3,4,1,1,3,2,5,3,4,2,2,3,2,1,1,1
657,1,41,2,5,2,2,1,3,3,5,2,2,2,3,2,2,2,5,2,1,2,5,5,2,5,3,2,2,2,2,3,5,3,3,3,4,3,4,3,5,5,2,3,2,4,4,4,1,1,5,3,2,2,2,3,3,3,5,4,4,4,5,5,4,5,2,1,2,2,4,2,5,2,2,3,1,2,2,2,5,5,1,2
659,2,57,2,2,3,2,3,3,3,2,3,3,5,5,5,4,3,3,3,1,2,3,3,3,3,3,3,3,3,3,3,3,4,4,4,3,3,3,3,3,2,3,3,2,2,3,2,1,1,2,1,2,2,3,2,2,3,3,3,1,2,2,2,2,3,3,2,2,1,2,2,2,2,3,2,1,1,1,3,3,2,1,2
661,1,64,2,2,2,3,2,2,3,2,2,3,3,3,2,3,2,3,3,2,2,3,3,2,3,3,3,3,2,3,2,3,3,3,3,2,2,3,3,3,3,4,3,2,3,2,3,2,2,2,1,1,2,1,2,3,2,3,2,2,2,3,3,2,3,3,2,2,1,2,3,2,2,3,3,2,3,3,3,3,3,2,2
663,1,58,0,5,5,0,2,5,5,5,2,5,5,5,5,2,3,5,3,1,5,3,5,2,5,5,2,3,1,2,3,5,5,4,5,3,3,3,5,5,5,5,5,2,3,0,2,2,5,5,2,2,5,5,2,2,2,2,2,1,2,2,5,2,3,2,2,2,1,2,2,2,2,1,5,2,2,2,2,5,5,2,2
664,2,40,2,2,2,2,2,2,2,2,3,2,2,2,2,1,3,3,2,2,2,3,3,2,3,2,2,3,2,2,2,2,3,3,2,4,3,3,2,3,3,2,3,1,3,3,2,2,1,1,1,3,3,3,3,2,1,2,1,1,2,1,1,2,2,3,1,1,1,1,2,2,2,3,3,1,2,1,3,3,3,2,3
665,1,64,1,3,3,2,2,3,2,2,2,2,3,3,3,4,3,3,3,2,3,3,3,3,3,3,3,3,2,3,3,3,3,3,3,3,3,3,3,3,3,3,3,2,2,3,3,2,3,3,3,3,2,3,3,3,3,3,3,3,3,3,3,3,3,3,3,3,3,3,3,3,3,3,3,3,3,3,3,3,3,3,3
666,2,61,2,2,3,3,4,4,4,3,4,3,3,3,2,3,3,3,3,2,4,3,3,2,3,3,3,2,2,2,4,3,4,3,3,3,4,4,3,3,3,3,4,1,2,2,2,1,1,1,1,2,1,2,1,2,2,2,2,1,2,2,2,2,2,2,1,1,1,2,2,2,2,2,2,2,1,1,2,2,2,2,2
674,2,42,2,3,2,3,5,3,3,3,3,3,3,3,5,3,2,2,3,2,2,3,3,3,3,5,2,2,2,2,3,2,3,3,3,3,2,2,3,3,3,3,3,2,2,2,3,2,1,1,2,3,2,2,2,2,2,2,2,2,2,3,2,2,3,3,2,2,2,2,3,3,2,2,2,2,2,2,3,3,2,2,2
675,1,42,1,2,2,2,2,2,2,2,2,2,2,2,2,2,2,2,2,2,2,2,2,2,2,2,2,2,2,2,2,2,2,2,2,2,2,2,2,2,2,2,2,2,2,2,2,2,2,2,2,2,2,2,2,2,2,2,2,2,2,2,2,2,2,2,2,2,2,2,2,2,2,2,2,2,2,2,2,2,2,2,2
677,1,46,0,5,5,2,5,2,0,4,2,5,5,5,5,2,5,4,4,2,4,4,5,5,5,5,5,4,5,5,4,4,2,4,5,3,3,3,5,5,5,4,5,5,5,5,5,1,0,2,1,5,5,5,5,2,2,2,1,1,1,1,2,2,5,5,1,1,2,1,2,2,2,3,3,1,1,2,3,5,5,1,1
679,1,72,2,3,2,2,2,2,2,2,3,3,3,3,3,3,3,3,3,3,3,3,4,4,3,4,3,3,3,3,4,3,4,4,4,3,3,3,3,3,3,3,3,2,2,2,2,2,2,2,2,2,2,2,2,2,2,2,2,1,1,2,1,2,3,3,3,3,2,2,3,2,2,2,3,2,2,2,2,2,3,3,3
680,2,63,3,5,5,5,5,3,3,5,4,4,3,3,3,2,3,5,3,2,5,5,5,5,5,4,2,2,5,5,4,4,4,5,5,4,4,4,5,5,5,4,5,2,2,4,4,2,2,2,1,1,2,2,2,2,2,2,2,1,2,2,5,5,5,2,1,2,2,1,1,1,2,2,2,2,1,1,2,2,3,1,2
683,1,32,2,2,2,2,3,2,3,3,3,2,3,2,3,3,2,3,2,2,3,3,2,2,3,3,3,3,1,3,4,3,4,2,2,4,2,3,1,4,2,4,4,2,1,2,2,2,1,1,1,2,1,2,2,2,3,2,2,3,2,2,3,4,2,2,1,1,2,1,1,2,1,1,2,1,2,2,3,5,2,1,1
684,2,43,2,3,3,3,2,3,3,2,3,2,5,5,2,3,3,2,2,1,4,3,5,1,3,4,5,5,5,3,4,5,3,5,5,3,2,2,5,3,5,5,3,1,2,2,2,1,1,3,1,2,0,2,2,2,2,2,1,1,2,2,2,2,2,2,2,2,2,2,2,2,2,2,2,2,2,2,2,2,2,2,2
686,1,61,2,5,5,5,2,5,5,5,5,5,5,5,3,4,5,4,5,2,5,5,5,5,5,5,5,5,2,3,5,4,4,5,5,2,2,5,5,5,5,5,5,2,2,3,3,2,2,3,2,2,2,2,3,2,2,2,2,2,2,2,3,3,4,3,2,2,2,2,3,2,2,3,2,2,2,2,3,3,2,2,2
687,1,34,2,2,2,5,5,2,2,5,2,5,5,5,2,5,2,2,5,2,3,5,2,2,2,5,5,5,2,5,2,2,5,5,2,4,4,4,5,2,5,4,5,2,1,3,3,2,1,3,2,2,2,2,2,3,2,2,2,2,2,2,2,2,2,3,3,2,1,1,2,2,2,2,2,2,1,2,3,1,2,1,2
689,1,58,2,4,5,2,4,3,2,3,3,3,2,3,2,2,2,2,2,2,2,2,3,3,2,3,2,3,2,2,3,2,3,3,5,2,3,3,2,2,2,2,3,2,5,3,2,1,3,2,2,2,3,2,3,3,4,4,3,2,3,3,2,2,3,3,4,4,3,3,4,4,2,3,5,4,2,2,4,3,3,4,2
691,2,68,3,5,5,5,2,5,5,2,2,5,5,5,5,3,3,3,3,2,2,5,5,5,5,5,2,5,5,5,2,5,3,3,5,2,2,2,5,5,5,5,5,2,5,5,2,5,2,2,2,2,2,2,2,2,2,2,2,2,2,5,5,5,5,5,2,2,2,2,2,2,1,2,2,2,2,2,2,2,2,2,2
694,1,45,2,2,2,5,3,3,2,2,2,3,2,2,2,4,3,3,2,2,2,3,3,2,2,2,2,2,5,2,4,3,3,3,2,3,2,2,2,5,2,2,2,2,3,5,2,2,2,3,1,2,2,3,2,1,2,1,3,2,3,2,2,3,3,4,2,2,5,2,1,2,1,2,3,1,1,2,2,5,3,1,2
697,2,67,2,5,3,5,2,2,5,2,3,3,2,3,2,2,2,2,3,2,3,3,3,5,3,3,3,3,2,3,3,3,2,3,3,3,4,3,3,5,5,3,2,5,3,5,3,3,5,2,2,2,2,2,2,3,3,3,2,2,2,2,2,5,3,3,2,2,2,2,3,3,3,5,2,2,2,3,3,5,5,2,3
700,2,71,2,3,3,3,3,3,3,4,3,4,3,3,3,4,4,4,3,2,3,3,3,3,4,4,3,3,3,3,4,3,3,4,4,3,3,3,4,4,3,4,3,3,2,3,2,2,3,2,2,2,3,2,3,3,2,2,2,3,3,2,2,2,2,2,3,2,2,2,2,2,2,2,2,2,2,2,3,3,3,2,3
701,2,62,2,2,2,3,3,3,3,2,2,3,3,3,3,3,3,2,2,2,2,3,3,2,3,3,3,3,3,3,3,3,3,4,3,2,2,3,3,3,3,4,3,2,2,2,2,2,2,2,2,2,2,2,2,2,1,3,2,1,2,2,2,2,2,2,2,2,1,2,2,2,2,2,2,2,2,2,3,3,2,2,2
707,1,70,3,3,4,3,4,3,5,2,4,2,3,2,2,3,2,3,3,2,2,5,4,2,3,2,3,3,3,2,3,2,4,3,5,3,4,2,3,2,2,2,3,2,2,3,2,3,5,3,1,3,2,1,2,3,3,3,2,2,2,2,2,2,2,2,1,1,1,2,2,3,1,2,5,2,2,3,2,3,3,2,2
708,1,74,2,3,3,2,3,3,3,2,2,3,3,3,3,3,3,3,2,3,3,3,5,2,3,5,3,3,2,2,2,2,3,2,5,2,2,3,5,5,5,5,3,2,3,3,2,3,2,3,3,2,2,0,2,1,2,2,3,3,3,3,2,3,3,3,3,2,2,3,3,3,2,3,5,3,3,2,5,5,5,5,2
709,1,68,2,5,5,5,5,2,2,5,2,5,5,2,5,5,2,5,5,2,5,2,5,5,5,5,2,5,2,2,5,5,5,5,5,2,3,3,5,5,3,3,3,5,5,5,5,2,2,5,1,5,5,2,5,5,2,5,5,2,5,2,5,5,5,5,2,5,1,2,5,5,5,5,5,2,2,2,5,5,5,2,2
710,1,62,2,5,5,5,2,5,2,5,5,5,5,5,5,4,4,5,3,2,5,4,5,4,5,5,5,5,2,2,4,5,5,5,5,3,3,5,5,5,3,3,5,3,3,3,3,3,3,2,2,2,3,5,5,2,2,5,3,2,3,2,2,2,2,3,2,2,2,2,2,2,2,2,2,2,2,2,4,3,2,2,2
711,1,66,3,3,3,3,3,3,5,5,3,4,4,4,5,4,5,5,0,2,2,5,5,5,5,5,5,3,2,2,4,3,4,4,4,4,4,4,5,5,5,5,5,3,3,3,3,3,5,5,3,1,2,2,5,4,5,3,0,2,3,5,5,5,5,5,5,2,2,2,2,2,1,1,1,1,1,1,5,5,5,5,5
713,1,63,2,3,2,2,5,5,5,3,3,3,3,5,5,3,3,3,2,2,3,3,5,2,3,4,2,5,5,2,2,2,3,3,5,3,2,5,5,3,3,3,3,2,3,3,4,2,2,2,2,2,2,2,3,3,2,2,3,3,2,3,3,2,2,2,3,2,2,3,3,3,2,2,5,2,3,5,5,4,3,3,2
717,1,73,1,2,2,2,2,2,2,2,3,2,2,2,2,3,3,3,2,2,3,3,3,3,3,3,2,3,2,2,3,3,3,3,3,3,3,3,3,3,3,3,3,2,2,2,2,2,2,2,2,2,2,2,2,2,2,2,2,2,2,2,2,2,2,2,2,2,2,2,2,2,2,2,2,2,2,2,2,2,2,2,2
718,2,50,3,2,5,2,5,4,4,2,4,5,5,5,5,3,3,4,3,2,4,4,5,5,5,5,5,5,2,3,5,4,4,5,5,2,3,3,2,5,5,4,3,1,5,2,5,1,1,2,2,5,5,5,5,2,2,2,2,2,1,2,5,5,5,5,5,5,1,1,2,1,1,2,2,2,1,1,2,5,5,1,2
720,1,30,1,5,5,2,5,5,5,5,2,5,5,5,5,2,5,5,2,2,5,5,5,5,5,3,5,5,5,2,3,2,5,5,5,2,2,5,5,5,5,5,5,2,3,5,3,2,1,2,2,5,2,2,2,3,2,3,2,3,2,2,2,5,3,2,2,2,2,2,3,2,2,2,2,2,2,2,3,5,3,2,2
723,2,32,2,5,5,2,5,3,3,5,1,5,5,3,5,2,5,5,2,5,5,3,5,5,5,5,5,5,5,5,4,5,4,5,5,1,1,1,5,5,5,5,5,2,2,3,2,1,1,2,1,2,2,2,5,1,5,5,2,5,2,5,5,5,5,5,5,2,2,2,5,5,1,5,5,5,2,2,5,5,5,5,5
726,2,23,3,2,2,2,2,3,2,2,2,5,5,5,2,2,2,2,2,2,3,3,5,2,5,5,2,2,2,2,3,5,3,5,5,3,2,3,5,5,2,5,5,2,4,4,3,2,3,2,3,5,5,5,2,3,3,3,3,3,2,3,5,3,5,5,2,2,2,2,2,5,2,5,5,2,2,2,5,5,3,5,5
727,1,73,2,2,3,5,4,3,4,5,4,4,5,5,5,4,5,4,4,5,4,5,5,5,4,5,3,5,5,4,4,5,5,5,5,4,5,5,5,5,5,5,5,2,2,5,2,2,1,5,2,2,5,5,5,3,5,3,4,5,3,5,5,5,3,3,2,5,5,3,3,5,5,5,5,2,5,5,5,5,5,5,5
728,2,30,2,2,1,2,1,3,2,2,2,2,3,4,4,1,3,2,2,1,2,2,5,5,2,5,5,2,2,2,2,2,3,3,2,4,3,3,5,5,5,2,2,2,3,3,1,1,2,3,3,4,1,1,2,3,2,2,2,2,2,3,5,5,3,5,5,2,2,2,4,2,1,2,2,2,2,2,5,5,3,1,2
729,2,22,3,5,2,2,4,3,1,2,3,2,5,5,5,3,5,4,4,2,5,3,3,5,4,4,2,4,5,4,4,2,5,3,5,3,4,3,3,5,5,5,3,5,3,2,4,2,2,2,2,3,5,5,5,2,5,2,2,3,5,2,2,5,2,2,3,2,5,1,3,3,5,2,5,3,1,2,2,5,5,5,3
733,2,32,2,5,2,3,5,5,5,2,2,2,5,2,3,1,2,2,2,1,3,5,5,2,3,4,2,5,2,2,3,2,3,3,5,1,2,2,2,2,5,5,3,2,2,1,3,2,2,2,1,2,2,2,1,3,2,2,2,2,2,3,2,2,2,3,1,1,1,2,2,3,3,3,5,2,3,1,3,3,5,1,1
734,1,66,2,5,5,5,5,3,3,5,3,3,4,5,4,3,5,3,3,2,3,5,4,3,3,3,4,4,5,3,3,4,4,4,4,3,3,3,5,5,5,3,5,2,3,3,2,2,1,4,1,2,2,5,1,3,3,2,3,1,2,3,1,2,2,3,2,2,2,2,2,2,2,2,2,3,2,2,2,2,3,2,4
737,1,37,2,5,3,5,4,2,3,3,3,3,5,5,5,2,5,2,3,2,5,3,5,5,5,2,3,5,5,3,2,2,5,5,5,1,1,5,5,5,3,5,5,3,3,2,1,2,1,2,2,2,1,2,2,4,2,4,2,2,1,2,3,2,2,2,2,2,2,2,4,4,3,5,5,4,4,5,2,2,2,2,2
738,2,39,0,5,5,5,5,5,2,5,4,5,5,5,5,4,5,5,5,2,5,5,5,5,5,5,5,5,5,5,4,5,5,5,5,4,3,5,5,5,5,5,5,2,5,5,2,1,1,0,1,5,5,2,5,2,5,5,5,2,1,2,5,5,5,5,1,1,1,1,2,2,2,5,5,2,2,5,5,5,5,1,5
740,1,41,2,4,4,3,3,3,4,4,3,4,3,5,4,4,4,4,4,3,2,3,5,5,5,5,4,4,5,4,4,5,4,5,5,4,4,4,5,5,5,4,4,2,2,2,2,2,2,2,2,2,2,5,2,2,2,2,2,2,1,5,5,5,5,5,1,1,5,1,1,5,1,5,5,1,1,1,5,5,5,1,1
741,2,51,2,2,2,5,2,5,5,5,5,5,5,2,2,2,5,5,2,2,5,5,3,3,5,5,5,5,5,5,5,5,5,5,5,5,5,5,5,5,5,5,5,2,2,5,5,2,2,2,2,2,2,2,2,2,5,5,2,2,2,2,1,1,2,5,5,5,2,2,2,2,2,2,2,2,2,2,5,5,5,2,5
743,2,20,2,3,5,5,3,3,2,3,2,2,5,5,5,3,4,3,2,1,3,5,5,2,3,5,4,4,2,2,3,2,3,4,5,4,3,3,4,4,5,5,5,3,3,3,3,2,2,2,2,2,2,3,2,3,1,3,3,1,2,2,2,3,3,3,1,1,2,2,3,2,2,2,2,1,2,2,3,2,3,3,3
748,1,70,3,3,3,2,2,3,5,5,4,2,5,5,3,3,5,4,4,2,5,3,4,4,5,3,2,3,4,3,4,4,4,5,4,4,4,4,5,5,4,4,4,2,3,4,4,2,2,2,1,3,2,5,2,3,5,2,2,2,5,3,2,2,5,2,3,3,2,2,3,2,2,5,2,2,2,2,5,5,3,2,2
750,2,64,2,5,5,5,5,5,5,5,5,5,5,5,5,5,5,5,5,5,5,5,5,5,5,5,5,5,5,5,5,5,5,5,5,5,5,5,5,5,5,5,5,5,5,5,5,5,5,5,5,5,5,5,5,5,5,5,5,5,5,5,5,5,5,5,5,5,5,5,5,5,5,5,5,5,5,5,5,5,5,5,5
753,2,64,2,3,1,2,3,3,3,1,5,2,5,1,1,1,1,1,1,2,2,2,2,1,2,3,1,1,1,2,3,4,4,2,3,1,3,2,2,5,1,2,3,1,4,3,2,1,1,3,2,1,1,3,3,3,3,3,3,1,1,1,1,3,1,1,3,3,0,0,0,1,1,2,1,4,1,2,2,2,3,1,1
758,2,63,1,2,3,2,3,3,2,3,3,2,2,3,3,3,3,3,3,3,3,3,4,4,4,4,3,3,2,2,4,3,3,3,2,4,4,4,2,2,2,3,2,2,1,2,2,2,2,1,1,2,2,2,2,2,2,2,1,1,1,1,1,1,1,1,1,1,1,1,1,1,1,1,2,1,1,1,2,2,1,2,2
759,1,70,0,4,4,4,4,4,4,4,4,4,4,4,4,4,4,4,4,4,4,4,4,4,4,4,4,4,4,4,4,4,4,4,4,4,4,4,4,4,4,4,4,2,2,2,1,2,2,2,2,2,2,3,3,3,3,3,3,3,3,3,3,3,3,3,3,3,2,2,2,2,2,2,2,2,2,2,1,1,2,2,2
760,2,77,1,2,2,2,2,2,5,5,2,2,3,3,2,2,2,2,2,4,3,4,4,3,3,4,2,3,2,2,4,3,4,4,5,2,3,3,3,4,2,3,3,1,1,2,2,1,1,2,2,2,1,1,1,2,2,2,2,1,1,1,1,1,1,1,2,2,2,2,1,2,2,1,5,2,2,2,1,1,2,1,2
761,1,68,1,2,2,3,5,2,3,2,2,2,2,3,3,2,2,2,3,1,1,2,5,3,3,3,3,3,2,2,3,3,3,4,4,4,3,3,3,3,3,3,3,2,3,3,5,2,3,3,2,2,2,2,2,2,2,2,2,2,2,2,5,2,2,3,3,2,2,2,2,3,2,2,2,1,1,1,1,2,2,2,1
763,1,74,3,5,3,5,2,5,2,4,3,3,5,5,3,2,3,3,3,2,5,3,3,3,3,3,2,5,2,3,3,2,5,3,5,2,2,3,5,5,2,5,4,2,2,2,2,2,2,2,1,3,2,2,2,2,3,2,2,2,2,2,2,2,2,3,2,2,2,2,3,2,2,3,3,3,3,2,2,2,3,3,2
764,1,42,2,3,5,3,3,4,3,2,2,5,5,5,3,4,2,3,1,2,2,2,4,3,3,4,2,2,2,3,2,4,3,3,3,2,2,2,2,2,2,2,2,1,4,2,3,1,2,3,2,5,2,2,2,1,3,2,3,2,3,3,2,3,3,2,2,3,2,1,3,2,2,1,2,4,3,3,3,3,3,2,2
767,2,57,3,5,3,5,5,5,5,5,5,5,5,5,4,3,3,3,3,2,3,3,3,2,5,5,5,5,2,2,3,3,3,2,2,3,3,3,3,5,5,3,5,5,4,4,4,3,3,4,2,4,3,5,2,3,2,2,3,1,3,4,3,4,4,4,3,3,3,3,4,4,2,3,3,4,3,4,4,4,4,2,3
769,1,67,2,2,2,1,1,1,1,2,2,1,2,2,2,2,3,2,2,1,3,2,4,5,3,3,2,2,2,2,5,2,4,4,3,2,2,2,2,2,2,2,4,2,2,1,1,1,1,2,2,1,2,2,2,2,1,2,2,1,1,2,1,5,3,2,2,2,2,2,5,2,2,2,3,2,2,2,2,2,2,2,2
771,1,78,2,2,2,2,2,2,2,3,3,2,3,3,2,3,3,4,2,2,2,2,0,0,3,3,2,2,2,2,2,3,4,3,5,2,2,2,2,5,5,3,3,1,3,3,3,1,1,2,2,2,2,2,2,2,2,3,2,2,2,2,0,0,2,2,1,2,2,3,2,2,2,2,5,3,2,3,3,5,5,2,3
772,1,64,2,2,2,2,2,2,2,2,2,2,2,2,2,2,2,2,2,2,2,2,2,2,2,2,2,2,2,2,2,2,2,2,2,2,2,2,2,2,2,2,2,2,2,2,2,2,2,2,2,2,2,2,2,2,2,2,2,2,2,2,2,2,2,2,2,2,2,2,2,2,2,2,2,2,2,2,2,2,2,2,2
773,2,42,3,5,5,2,5,5,5,1,2,3,5,5,5,3,4,3,3,2,2,3,4,2,3,4,4,4,3,5,5,1,4,4,4,1,3,3,3,5,5,3,5,5,5,5,5,5,5,1,1,1,1,0,1,1,2,2,2,1,1,5,1,3,3,1,1,1,1,5,5,5,1,1,1,4,2,2,2,5,5,2,5
775,1,72,2,2,4,3,4,4,4,4,4,3,3,4,4,4,4,4,4,2,5,5,4,4,3,5,3,5,5,3,5,5,4,5,5,5,5,5,5,5,5,5,3,1,2,2,2,2,2,3,3,2,2,2,3,2,2,2,2,0,5,5,2,2,5,5,2,5,5,2,5,5,2,5,5,5,5,5,5,5,5,5,2
780,2,60,4,0,3,3,3,0,0,0,4,3,3,4,4,0,5,5,5,2,4,4,5,5,5,4,4,4,4,4,4,4,4,4,4,3,3,4,4,4,4,4,4,0,0,0,0,0,0,0,0,0,0,0,0,0,0,0,0,0,0,0,0,0,0,0,0,0,0,0,0,0,0,0,0,0,0,0,0,0,0,0,0
781,1,69,2,2,3,3,4,4,4,4,4,4,4,3,3,4,4,4,3,3,4,4,4,3,3,4,4,3,2,2,3,3,4,4,4,2,4,4,3,5,5,5,5,2,3,3,2,2,2,2,1,2,2,2,2,2,2,2,3,2,2,2,2,2,2,3,1,1,3,2,2,3,2,2,2,4,2,2,3,5,5,5,3
786,2,58,2,2,2,2,2,3,3,2,4,3,5,3,5,3,3,3,3,1,4,4,4,4,3,4,2,2,2,2,4,4,4,4,4,3,3,4,3,3,2,3,2,2,2,2,2,2,2,2,1,3,2,2,2,2,1,3,2,2,1,1,1,2,2,2,1,2,1,1,2,2,1,2,2,2,2,2,2,2,2,2,2
787,2,20,2,2,5,2,3,1,2,5,1,1,5,5,2,3,3,5,5,1,5,1,5,1,2,5,5,3,5,5,3,4,4,3,5,4,3,1,5,2,1,5,5,1,2,3,3,1,1,2,1,2,1,3,2,3,2,5,2,3,2,5,2,3,1,5,5,2,5,5,2,5,2,3,5,2,2,1,2,2,2,5,5
788,2,53,2,2,2,2,2,2,2,2,2,2,5,5,5,2,2,5,2,2,2,2,5,5,5,5,5,5,2,2,2,2,3,3,5,2,3,3,5,5,2,5,2,2,2,2,2,2,2,2,2,2,5,5,5,2,2,5,2,2,2,2,5,5,5,5,5,5,2,2,3,2,2,2,5,2,2,2,5,5,2,5,2
789,2,50,2,2,2,2,2,3,3,2,2,2,3,3,2,2,2,3,2,1,2,2,3,2,2,2,4,2,2,2,4,3,4,3,2,3,3,3,3,4,2,2,3,1,2,2,2,1,1,2,1,1,1,1,1,3,3,2,2,2,1,2,2,2,2,2,1,2,2,1,2,2,2,3,3,3,2,2,2,1,2,2,2
792,2,79,1,3,3,2,5,5,3,5,2,2,3,2,2,2,2,2,3,2,3,4,3,3,3,5,3,3,2,2,3,3,3,3,3,3,5,3,5,4,2,5,3,2,2,2,5,5,2,5,2,3,2,2,2,2,2,2,2,2,2,2,2,2,2,5,2,2,2,2,2,2,2,2,2,2,2,4,5,2,2,5,2
793,1,57,1,3,3,2,2,3,3,3,3,2,2,4,3,1,2,3,2,2,2,3,2,2,3,4,2,4,2,4,4,2,4,4,3,2,4,4,3,3,2,4,4,2,2,3,3,2,3,2,2,3,2,2,2,3,2,2,2,2,2,2,2,2,2,2,2,1,1,1,2,3,2,2,3,3,1,2,3,2,2,2,2
794,2,75,2,5,5,5,5,5,5,5,3,3,5,5,3,4,4,4,4,2,5,5,5,5,5,5,5,5,5,5,5,5,4,5,5,5,3,4,5,5,5,5,5,5,5,5,5,5,5,5,4,3,3,5,3,3,4,4,4,2,5,5,5,5,5,5,5,5,5,5,5,5,4,5,5,5,3,4,5,5,5,5,5
797,2,74,2,2,5,2,2,2,3,2,2,2,2,2,2,3,2,3,3,2,3,3,3,3,2,3,2,3,3,2,3,3,3,3,5,3,3,3,5,5,3,3,3,2,5,2,2,2,2,2,2,2,1,2,2,3,2,2,2,2,2,2,2,3,2,2,2,2,2,2,2,2,2,2,3,2,2,2,3,3,2,1,2
798,1,72,2,3,3,3,3,3,3,3,3,3,5,0,3,4,3,4,3,3,3,3,4,3,3,4,3,3,2,3,4,4,4,3,4,3,3,3,3,3,3,3,3,2,3,3,3,2,1,3,2,3,5,0,2,2,3,2,3,2,2,1,3,3,3,2,3,2,2,2,2,2,3,3,3,2,2,2,3,3,3,2,2
800,2,61,2,5,5,5,4,5,5,5,5,5,5,5,5,3,5,3,3,1,3,4,5,5,5,5,5,5,5,5,5,3,4,3,5,3,3,5,5,5,5,5,5,2,2,5,2,5,5,2,1,1,1,2,1,2,2,5,5,3,2,1,1,2,2,5,2,5,2,2,2,2,1,1,5,1,2,5,5,5,5,5,5
801,2,60,2,2,2,2,3,3,3,2,3,3,2,2,2,3,3,3,3,3,3,3,3,2,3,3,3,3,2,2,3,3,3,3,3,3,3,3,3,3,3,3,2,1,3,2,1,1,1,2,1,1,2,2,2,1,1,1,2,1,1,1,1,1,2,3,1,1,3,2,3,2,2,2,1,3,2,2,2,3,2,2,1
802,2,79,2,2,2,3,3,5,5,2,2,5,5,2,2,3,2,3,2,2,2,3,3,2,3,5,2,2,2,2,3,2,3,3,3,2,3,3,5,5,2,5,5,2,2,2,2,2,1,1,1,5,2,2,2,2,2,2,2,2,2,2,2,2,2,5,2,2,1,2,2,2,2,2,2,2,2,2,5,5,2,5,5
805,1,29,2,5,5,5,2,5,5,4,2,5,2,5,5,5,5,2,5,1,5,5,2,5,2,5,5,5,1,3,5,2,5,5,5,1,2,5,5,5,5,5,5,5,5,5,5,5,5,5,1,5,1,5,1,1,1,2,1,1,1,5,2,5,2,5,1,1,2,2,5,2,2,5,5,2,2,1,2,5,5,5,2
808,2,75,3,5,5,5,5,5,5,2,3,4,4,4,5,5,4,5,3,4,5,5,5,5,5,5,5,5,2,5,5,3,4,5,5,5,4,4,5,5,5,5,5,5,5,5,5,5,5,3,3,5,5,5,5,5,3,5,3,4,5,5,5,5,5,5,5,5,3,5,5,3,4,5,5,5,4,4,5,5,5,5,5
809,1,78,3,3,3,3,0,0,0,0,4,4,4,3,0,0,4,4,3,1,0,0,0,0,0,3,3,3,2,0,0,3,4,0,3,0,0,0,0,0,0,0,0,2,3,3,0,0,0,0,2,2,2,3,0,0,2,2,3,1,0,0,0,0,0,2,2,2,2,0,0,2,2,0,2,0,0,0,0,0,0,0,0
813,2,67,2,5,2,5,2,3,3,2,2,2,5,5,2,4,5,3,3,3,3,4,4,4,4,5,2,4,2,2,4,2,4,3,3,2,2,3,5,5,2,5,5,2,2,5,2,2,2,3,2,2,2,2,2,3,5,5,2,2,2,1,2,1,2,5,2,2,2,2,2,2,2,2,5,2,2,2,5,5,5,5,2
816,1,71,2,4,4,4,4,4,4,1,1,1,4,4,2,2,2,4,4,1,1,4,4,2,4,4,4,4,1,1,4,4,4,4,4,4,4,4,4,4,4,4,4,2,2,3,2,2,2,0,1,1,1,4,4,4,4,1,4,4,4,1,1,3,2,2,2,2,1,1,1,1,1,1,1,1,1,1,1,1,1,1,1
817,2,66,2,5,5,5,5,5,5,5,2,5,5,5,5,2,5,5,2,2,5,5,2,2,5,5,5,5,5,2,2,2,5,5,5,2,2,2,5,5,5,5,2,2,2,2,2,2,1,2,1,2,1,2,2,2,2,1,2,1,2,2,2,2,2,2,2,2,1,1,2,2,1,2,2,2,1,1,2,2,2,2,2
818,2,26,2,3,3,3,2,3,3,3,4,3,3,3,5,2,3,5,4,2,5,5,5,2,2,5,2,5,5,5,5,5,3,5,5,4,4,4,5,5,5,5,5,2,2,3,2,3,3,3,1,2,2,3,3,2,2,3,3,3,2,3,5,5,5,5,1,1,1,1,3,3,1,5,5,2,1,1,5,5,5,5,5
822,2,67,3,3,2,5,5,3,5,5,5,4,4,5,5,5,5,2,1,1,5,5,5,1,5,5,5,3,1,5,4,5,4,5,5,5,5,5,5,5,5,5,5,1,2,5,5,1,5,5,5,1,1,5,5,5,5,1,2,1,5,5,5,2,5,5,5,1,2,5,1,5,1,5,5,5,5,5,5,5,5,5,5
823,1,50,1,2,2,3,3,2,3,3,3,2,2,2,2,1,1,1,3,2,2,3,4,2,3,5,5,2,2,2,3,2,3,2,5,1,3,3,2,5,5,5,4,2,3,3,1,2,2,3,3,3,3,3,4,4,4,4,3,3,3,2,1,3,3,5,5,3,2,2,3,3,2,4,5,4,3,3,3,5,5,5,1
825,2,20,4,5,5,4,4,5,5,5,1,5,3,3,5,4,5,5,5,4,5,5,5,4,5,5,4,4,5,5,4,5,4,5,5,4,5,5,4,5,5,4,4,5,5,2,1,5,5,5,1,5,1,1,5,1,5,5,5,1,5,5,5,1,5,5,1,1,5,5,1,5,1,5,5,1,5,5,1,5,5,1,1
826,1,42,1,2,2,1,2,3,3,2,2,2,2,2,3,2,2,3,1,2,2,2,2,2,2,2,2,2,2,2,2,2,2,5,5,3,3,2,2,2,2,3,3,2,2,3,2,2,2,2,2,3,3,3,1,3,3,2,3,3,3,3,2,3,3,3,2,3,2,2,3,3,3,3,3,2,2,2,3,2,3,1,1
829,1,57,2,2,3,4,5,3,2,2,5,2,5,5,2,3,2,5,5,3,4,4,3,4,3,3,2,2,2,3,4,2,2,4,5,1,2,4,3,3,3,3,5,1,3,2,5,1,1,2,2,2,2,5,3,2,2,5,2,2,1,1,2,3,3,2,2,1,1,2,1,2,2,2,5,4,2,2,1,3,2,1,2
830,1,21,2,2,5,2,2,5,5,2,1,5,5,5,1,2,2,3,2,1,5,5,5,2,2,3,2,5,2,2,3,5,3,5,5,2,2,2,5,3,5,5,3,2,5,5,5,5,5,2,1,5,5,1,1,2,2,5,2,1,2,2,2,2,2,2,2,2,2,2,2,2,2,2,2,2,2,2,2,2,1,2,1
831,2,46,2,5,5,5,5,5,5,2,2,2,5,5,5,1,2,5,2,2,3,3,5,2,5,5,2,5,2,2,3,5,4,5,5,3,3,5,5,5,5,5,5,5,5,5,5,5,5,5,2,2,2,2,2,2,1,2,2,1,1,1,2,2,2,5,1,1,1,1,2,2,2,5,5,2,2,2,5,5,3,2,5
832,1,75,3,4,3,2,3,3,4,2,3,4,5,3,2,3,5,4,3,2,3,4,4,2,3,3,2,5,2,2,3,5,3,5,5,4,3,3,5,5,4,3,4,1,2,2,2,2,2,2,2,1,2,2,2,2,2,2,2,1,2,2,2,3,2,2,2,2,1,2,2,2,2,3,2,2,2,2,2,2,2,2,2
836,2,74,2,5,5,5,5,5,5,5,2,3,5,5,5,3,5,5,2,2,5,5,5,5,5,5,2,5,2,2,5,5,5,5,5,5,2,3,5,5,2,5,5,2,2,2,2,2,2,2,2,2,2,2,2,2,5,5,2,2,5,5,5,2,5,5,2,5,2,2,2,5,2,5,5,5,2,2,5,5,2,2,5
838,1,38,3,5,3,3,3,5,5,4,4,2,5,5,4,2,2,3,3,2,4,4,3,3,3,4,4,3,4,2,4,4,5,5,2,4,4,4,5,4,5,5,4,5,2,2,2,5,5,2,1,3,5,5,1,3,3,1,2,1,1,1,2,2,2,2,1,2,1,3,1,1,1,2,3,2,2,1,5,2,2,2,1
840,2,29,3,5,5,5,5,5,5,5,5,5,5,5,5,3,5,5,5,5,5,5,5,5,5,5,5,5,5,5,5,5,5,5,5,5,5,5,5,5,5,3,4,5,2,2,3,1,1,3,2,3,2,2,5,3,3,4,2,1,4,3,2,5,5,4,2,2,2,5,2,3,1,5,3,2,2,3,2,1,5,2,1
841,2,72,2,5,5,5,5,5,5,5,2,5,5,5,5,2,5,5,3,5,5,5,5,5,5,5,2,5,5,5,3,5,3,5,5,2,3,5,5,5,5,5,5,5,3,5,3,3,3,5,2,5,2,2,2,5,2,5,2,1,2,2,5,4,5,3,2,2,2,2,3,5,5,3,5,5,2,5,3,3,5,2,5
843,1,38,2,2,5,4,2,4,2,2,2,2,4,4,3,2,2,4,4,1,2,3,4,3,4,4,2,3,1,4,4,3,4,4,5,4,4,4,4,4,2,5,4,2,5,4,3,2,2,4,3,4,4,4,4,4,2,4,3,2,4,4,4,4,1,3,4,4,4,3,1,4,2,4,4,2,2,2,3,4,4,2,1
844,2,38,2,2,5,5,2,2,2,2,2,5,3,2,2,1,1,2,2,1,3,5,5,2,5,5,2,2,1,2,2,2,5,5,5,2,2,2,5,5,2,2,2,5,5,5,5,2,1,2,1,2,1,1,2,5,2,2,2,1,1,2,5,5,2,5,2,2,1,2,2,2,5,5,5,1,1,1,5,2,1,1,2
846,2,66,2,5,2,2,2,2,3,3,3,3,3,5,3,4,5,2,3,2,4,4,5,2,5,5,5,3,3,3,4,2,4,2,5,2,3,4,5,4,2,4,4,2,3,2,2,2,2,2,2,2,2,2,2,1,3,3,2,2,2,2,5,3,5,5,2,2,2,2,2,2,1,2,5,2,2,2,5,3,3,1,2
848,1,58,2,2,3,2,4,2,2,3,3,2,2,3,2,2,2,4,3,2,3,2,2,2,2,2,2,2,1,2,2,2,2,2,2,2,2,2,2,2,2,3,2,2,2,3,2,2,2,2,2,2,2,2,2,3,2,3,2,1,2,2,2,2,3,3,2,2,2,2,3,2,2,2,2,2,2,2,3,3,2,2,2
850,1,52,2,5,3,3,4,4,4,3,4,2,3,2,2,4,5,3,3,2,3,3,3,4,2,4,2,3,5,4,4,4,4,3,4,2,4,4,4,5,2,4,3,2,3,4,2,1,2,3,2,3,2,3,3,2,5,3,3,3,3,3,3,2,3,2,4,3,5,2,2,3,1,3,2,3,2,2,2,5,3,1,3
851,1,68,2,5,2,2,2,2,2,2,2,2,5,5,5,2,3,2,2,2,5,3,5,2,3,5,3,3,2,2,4,5,5,5,5,2,2,2,5,5,5,5,3,5,3,3,3,3,3,3,3,3,5,5,4,3,2,3,3,3,5,2,2,3,2,1,2,2,3,3,1,5,2,2,5,3,3,3,2,3,3,3,2
853,2,48,2,5,5,3,4,5,5,3,3,5,5,5,4,3,3,3,3,2,5,5,5,2,5,5,5,5,5,3,4,3,4,5,5,4,3,3,5,5,5,5,3,3,2,2,2,3,3,2,1,2,2,2,2,1,2,2,2,1,1,2,3,2,2,3,2,2,1,1,2,2,1,2,2,1,1,1,3,2,2,2,2
856,2,30,3,3,5,2,3,4,4,4,3,4,3,5,5,4,5,4,4,5,5,5,5,2,5,5,5,5,5,4,3,4,3,5,5,5,4,4,5,5,5,5,5,2,3,2,2,1,1,1,2,1,1,2,5,1,2,5,2,2,5,5,2,2,5,5,5,2,2,2,2,5,1,3,5,5,1,1,5,5,5,5,2
862,1,48,1,2,2,2,2,2,2,2,2,2,2,2,2,2,2,2,2,2,2,2,2,2,2,2,2,2,2,2,2,2,2,2,2,2,2,2,2,2,2,2,2,2,2,2,2,2,2,2,2,1,2,2,2,2,1,2,2,1,2,2,2,2,2,2,1,2,2,1,2,2,1,2,2,2,1,1,2,2,2,2,2
864,2,50,2,3,2,2,3,3,3,2,2,3,3,2,2,4,4,3,2,2,2,2,3,2,2,3,2,2,2,2,3,3,4,3,3,2,2,2,2,2,2,2,2,3,3,2,2,2,1,1,1,2,2,2,2,1,1,2,2,1,1,1,1,2,2,2,1,1,2,2,2,2,1,2,2,2,2,2,2,2,2,2,2
865,2,35,2,4,5,4,2,4,1,5,2,5,5,5,5,3,3,5,2,2,4,5,5,2,3,2,2,3,5,2,3,4,4,4,3,3,4,5,3,4,3,4,3,2,2,2,3,1,2,5,1,2,1,2,1,2,2,2,2,2,1,2,1,3,2,3,1,1,1,1,3,2,1,3,3,3,2,2,2,2,2,1,3
866,1,28,2,3,2,2,5,2,2,3,2,5,5,5,5,2,5,5,5,2,2,2,5,2,5,5,5,5,5,5,2,5,5,5,5,3,2,5,5,5,5,5,5,1,1,5,5,1,1,5,1,1,1,1,1,5,1,1,1,1,5,5,1,5,5,5,1,1,1,1,5,5,1,1,1,2,2,1,5,5,5,5,1
871,2,34,1,2,1,2,1,1,1,1,1,1,1,2,3,3,2,1,2,1,2,3,3,1,1,3,2,2,2,2,3,3,3,3,3,3,3,1,3,2,2,1,2,2,1,2,1,1,1,2,1,1,1,2,3,2,2,2,1,1,2,2,2,1,1,5,2,5,1,2,5,2,5,5,5,2,1,1,5,2,2,1,2
872,1,33,2,5,3,3,2,2,3,3,3,5,5,5,5,1,2,2,5,2,5,5,5,2,2,5,5,5,5,2,4,3,4,5,5,4,3,2,3,5,5,5,5,2,3,3,3,1,1,2,1,3,3,3,3,2,2,3,2,1,3,3,3,2,3,3,2,2,1,2,2,3,1,3,3,2,2,2,3,3,3,2,2
875,2,26,1,2,2,2,2,2,2,2,1,1,1,1,2,1,1,3,0,1,1,2,2,2,2,1,2,2,1,2,2,2,3,1,5,3,3,2,3,2,2,2,2,2,2,2,2,2,2,2,2,2,2,2,2,2,2,3,0,2,2,2,2,2,2,2,2,2,2,2,2,2,3,2,5,1,2,2,2,2,2,2,2
876,1,40,2,5,1,4,5,4,4,2,4,5,5,3,4,1,1,4,2,1,4,4,5,5,5,4,3,2,2,2,4,4,2,4,4,4,5,4,1,4,4,4,4,3,1,1,2,2,1,2,2,5,5,3,5,5,5,1,3,5,1,1,5,5,5,3,2,2,2,2,2,3,2,2,3,2,5,3,3,3,2,1,1
878,1,34,1,5,5,4,1,5,5,5,5,5,5,5,3,1,5,2,5,1,5,5,5,5,5,5,5,5,2,2,5,2,5,5,5,3,4,5,5,5,5,5,5,3,4,4,4,2,2,1,2,4,4,4,4,2,1,2,2,1,1,1,2,2,2,1,1,1,3,2,2,2,2,3,3,2,2,3,3,1,3,1,1
882,2,30,2,3,5,5,2,4,4,5,2,2,2,5,5,3,5,5,2,2,1,2,5,5,5,3,5,5,2,2,2,2,5,3,5,2,2,5,5,4,5,5,2,1,1,4,2,1,1,1,1,1,1,1,2,2,2,2,2,1,2,1,2,2,2,1,1,2,1,1,2,3,1,1,2,2,1,2,3,1,3,1,2
887,2,64,2,2,0,2,2,5,3,5,3,5,5,3,2,3,2,5,2,1,5,3,2,1,2,3,2,5,2,2,4,3,4,4,5,2,4,2,5,5,2,5,5,2,0,2,5,2,2,2,2,5,2,2,2,5,2,0,2,1,2,2,2,1,2,5,1,1,2,2,2,2,2,3,2,2,1,2,2,5,1,2,5
888,2,74,2,2,2,5,2,5,0,3,3,3,3,5,2,2,2,5,2,2,3,3,2,1,2,5,0,1,1,2,2,5,4,3,5,5,2,0,5,3,5,5,5,2,3,0,0,2,0,2,2,5,1,5,2,3,3,5,2,2,2,2,2,1,2,5,0,1,1,2,2,5,3,3,5,5,2,0,5,3,5,5,5
889,1,68,2,5,5,5,5,5,5,5,2,5,5,5,5,3,3,3,2,2,2,2,5,2,5,5,3,3,2,3,3,3,4,4,5,4,4,4,3,5,5,5,3,2,2,5,2,1,1,5,1,2,5,2,2,2,2,2,1,1,1,5,2,2,5,5,1,1,1,1,1,1,1,5,1,1,1,1,5,5,5,1,1
890,1,74,1,2,2,2,2,5,5,5,1,2,1,2,3,1,2,2,3,2,5,5,5,1,1,5,1,5,1,1,4,5,2,5,5,3,3,4,5,5,2,5,2,2,2,2,2,5,5,5,1,2,1,2,2,1,2,3,2,2,5,5,5,1,1,5,1,5,1,1,2,5,2,5,5,2,2,2,2,5,2,2,2
892,1,23,2,5,5,5,5,3,5,5,4,1,4,5,5,1,5,5,5,5,4,4,5,5,5,5,3,3,4,3,5,5,3,5,5,3,3,3,5,5,5,4,4,4,4,4,4,2,1,2,1,2,1,4,4,4,4,4,4,2,1,1,4,4,4,4,1,2,1,2,4,4,4,4,4,2,2,2,4,4,4,2,1
894,2,59,3,4,5,5,4,4,5,5,4,4,5,5,5,4,4,4,4,5,4,5,5,5,5,5,5,4,5,4,5,5,4,5,5,4,4,4,5,5,5,4,5,5,5,5,5,2,2,2,2,1,1,2,1,2,2,5,1,2,2,5,2,2,5,5,5,2,2,1,5,2,2,2,2,2,1,1,2,5,5,2,2
895,1,75,2,3,2,2,3,3,4,3,2,2,5,3,5,4,3,3,4,2,5,5,3,3,5,5,3,3,2,4,5,3,5,5,5,4,4,4,2,3,3,5,5,2,3,3,3,2,2,2,2,3,5,3,5,2,3,3,2,1,5,5,1,2,5,5,2,1,2,4,5,3,5,5,5,4,4,4,2,3,3,5,5
897,2,25,2,5,2,2,2,5,5,5,2,3,5,5,5,5,3,5,2,3,2,5,5,2,5,5,5,5,5,5,3,5,5,5,5,4,5,2,5,5,5,3,5,2,2,3,2,1,1,2,1,2,5,5,5,2,2,5,1,2,2,5,5,2,5,5,2,2,1,2,2,3,2,5,2,1,2,2,2,2,3,3,5
899,2,73,2,2,3,5,4,5,2,3,3,4,5,0,2,2,5,5,4,3,5,5,5,5,5,5,5,5,5,5,2,3,4,5,5,5,5,5,5,5,5,5,5,2,3,5,4,5,2,2,2,1,5,0,2,2,5,5,2,2,5,2,5,5,5,5,5,5,2,5,2,2,2,5,5,5,5,5,5,5,5,5,5
900,2,74,2,2,5,5,4,3,2,3,4,5,3,3,3,3,3,0,0,0,0,0,0,0,0,0,0,0,4,4,4,3,4,4,4,4,4,4,5,5,5,5,5,2,5,5,4,3,2,3,4,5,3,2,2,3,2,2,2,1,2,2,1,1,3,3,1,1,1,1,2,2,2,3,2,2,2,2,5,5,5,5,5
901,2,78,2,5,5,5,5,0,5,3,3,5,5,5,3,4,3,4,4,4,5,2,5,5,5,5,3,5,4,5,0,5,5,3,5,5,3,5,5,5,3,5,3,5,5,5,5,0,5,5,5,5,5,5,5,4,5,5,3,5,5,2,5,5,5,5,5,5,5,5,0,5,5,5,5,5,5,5,5,5,5,5,5
902,1,67,1,4,2,2,3,4,4,2,1,2,3,3,2,4,1,2,4,3,5,4,4,2,2,3,4,4,5,3,5,5,4,4,5,3,4,4,5,5,5,5,3,1,2,2,3,1,1,3,1,4,3,2,2,2,4,4,1,1,5,1,1,4,4,3,1,1,2,1,5,5,2,2,5,2,1,1,5,5,5,5,2
904,2,67,2,5,3,1,2,5,5,5,2,2,5,3,5,1,3,5,3,2,5,3,3,3,5,3,0,0,1,2,3,2,3,5,5,4,3,5,5,5,5,4,2,1,2,2,2,1,1,2,1,2,2,2,2,3,1,4,2,1,1,2,1,3,2,3,2,2,1,2,3,3,3,5,5,3,2,2,2,5,2,2,2
907,1,58,1,2,2,2,2,2,2,2,2,2,5,2,2,1,2,2,2,1,2,2,5,5,2,5,5,5,2,2,3,2,2,5,5,3,2,2,2,5,2,5,2,2,3,3,2,1,1,2,1,3,2,2,3,1,2,2,1,1,2,3,5,2,2,2,2,2,1,1,3,2,2,3,3,1,1,2,2,2,2,1,3
909,2,54,1,2,2,2,2,3,3,2,1,2,5,2,2,3,2,2,3,2,4,3,5,2,2,5,2,2,2,3,4,2,3,3,2,4,3,3,2,2,2,2,2,2,2,2,2,1,1,1,1,2,2,2,2,2,2,2,2,1,1,1,2,2,2,2,2,1,1,1,2,2,2,2,2,2,2,2,2,2,2,2,2
910,2,70,2,2,3,4,4,5,5,4,4,4,4,3,4,4,4,4,4,4,4,4,4,4,4,4,4,4,3,4,3,2,3,4,4,5,4,4,4,5,4,4,4,0,3,3,3,3,3,3,4,4,4,2,2,2,2,2,2,2,2,4,1,1,2,3,3,3,2,2,1,2,3,2,3,3,4,5,5,4,3,3,4
914,2,68,2,5,3,2,3,5,5,5,2,3,5,5,2,3,3,5,3,2,3,5,5,2,5,5,3,5,2,2,3,2,5,3,5,2,3,3,5,5,2,4,4,2,3,2,3,5,1,2,1,2,2,2,2,3,2,3,2,1,2,2,2,3,3,3,2,5,2,2,3,3,2,3,3,2,2,2,3,5,2,2,2
920,2,22,3,3,5,5,5,5,5,5,5,5,5,5,5,5,5,5,5,5,5,5,5,1,1,5,5,5,5,5,5,5,5,5,5,5,5,5,5,5,5,5,5,5,5,5,3,5,2,5,5,5,5,1,5,5,5,5,5,5,5,5,5,1,1,5,5,5,5,5,5,5,5,5,5,5,1,1,5,5,5,5,5
924,1,56,2,3,3,2,2,3,2,2,2,2,2,2,2,2,2,2,2,2,2,2,2,2,2,2,2,2,2,2,3,3,3,2,3,2,3,2,3,2,2,2,3,1,2,3,1,1,2,2,2,2,2,2,2,2,2,2,2,2,2,2,2,1,2,2,2,2,2,2,2,2,2,2,2,2,2,2,2,2,2,2,2
925,2,72,2,5,2,2,5,5,5,2,2,2,5,5,3,1,2,2,2,1,5,5,3,5,2,5,2,2,5,3,4,5,3,5,3,3,2,2,5,5,5,5,4,2,3,3,5,2,2,3,2,3,2,2,2,3,2,5,2,2,5,1,1,1,2,2,2,2,5,5,1,5,2,5,2,2,3,3,5,5,5,1,2
929,2,53,3,5,4,4,4,4,3,5,4,4,4,4,3,4,5,4,4,3,4,4,5,3,4,4,4,4,4,3,4,4,4,4,4,4,4,4,4,4,4,4,4,5,4,4,4,4,3,5,4,4,4,4,3,4,5,4,4,3,4,4,5,3,4,4,4,4,2,1,2,2,1,2,2,2,1,1,0,2,1,1,1
933,2,49,2,3,2,2,2,3,3,3,3,3,3,3,3,3,3,3,3,3,3,3,3,2,2,3,3,3,3,3,3,3,3,3,3,2,3,3,3,3,3,3,3,2,3,3,3,2,2,2,1,2,2,3,3,2,2,3,3,3,3,3,3,3,3,3,3,3,3,2,2,3,2,3,5,3,2,2,3,3,2,2,3
934,2,77,1,5,5,5,5,3,5,5,2,2,5,5,5,5,5,4,5,2,5,4,5,5,5,5,5,5,2,5,0,5,5,5,0,2,3,5,5,5,5,5,5,2,5,5,5,2,2,5,2,2,5,2,5,2,5,2,5,1,5,2,5,5,5,5,5,5,2,5,0,5,5,5,0,2,2,5,5,5,5,5,5
935,1,73,2,4,2,3,4,3,2,4,4,4,2,4,3,4,4,4,4,2,4,4,4,2,4,4,3,4,3,3,4,4,4,3,4,2,4,4,3,4,5,4,4,2,3,2,2,2,3,2,2,2,3,2,3,2,2,2,3,4,2,2,2,3,1,2,2,2,2,2,2,3,3,3,2,3,2,2,3,2,5,3,3
936,1,42,2,3,1,1,5,4,2,1,1,5,5,2,4,1,2,1,4,1,5,4,3,2,2,2,2,2,2,4,4,2,5,4,5,4,4,4,4,2,2,3,3,4,4,3,4,1,2,2,2,4,1,4,2,2,2,2,2,2,2,2,4,3,4,4,2,2,2,2,2,3,2,4,2,2,2,2,4,2,4,2,2
937,2,47,2,5,2,2,2,5,5,2,2,2,5,3,3,2,3,3,2,3,5,3,3,2,5,3,2,3,5,2,4,5,4,4,5,4,2,2,5,5,5,3,5,5,4,4,4,5,5,2,2,4,5,2,2,4,2,2,4,2,5,2,2,4,5,2,3,2,5,4,2,5,3,2,5,2,4,4,5,5,5,2,5
938,2,40,2,5,5,5,5,4,4,5,4,5,5,5,5,4,4,4,5,5,5,5,5,5,5,5,4,4,5,5,5,5,5,5,5,2,3,3,5,5,5,5,5,1,2,2,5,1,1,1,1,2,5,5,5,2,2,2,1,2,5,5,5,5,5,4,1,1,5,1,4,4,2,5,5,5,3,2,5,2,2,5,3
940,2,71,2,5,5,5,2,5,5,2,4,3,5,5,5,5,5,5,5,2,2,2,5,5,5,5,5,5,5,5,5,4,4,4,4,4,4,4,5,5,5,5,5,2,3,3,3,2,2,2,2,3,2,2,5,4,4,4,2,1,2,2,2,2,3,3,2,2,2,2,2,1,1,2,2,2,2,2,3,2,2,1,2
942,2,69,1,2,2,2,2,1,1,2,2,0,5,2,2,2,2,2,2,2,2,2,5,2,3,2,2,2,2,2,3,2,2,2,5,2,2,2,5,3,3,3,0,2,2,2,2,1,1,2,2,0,5,2,2,2,2,2,2,2,2,2,5,2,3,2,2,2,2,2,3,2,2,2,5,2,2,2,5,3,3,3,0
943,1,67,2,5,5,2,2,3,3,3,2,3,3,2,3,2,2,2,3,2,3,3,2,2,3,3,2,2,2,2,2,2,2,2,2,2,2,2,3,2,2,2,3,5,2,3,3,2,2,3,2,2,2,3,2,3,3,3,3,3,2,2,3,3,2,2,2,2,2,3,2,3,3,2,3,3,3,3,2,3,2,2,2
944,2,34,2,2,2,2,2,2,3,2,2,2,2,2,2,2,2,2,2,2,2,2,2,2,2,2,2,2,2,2,3,3,3,4,2,2,3,3,2,2,2,2,2,2,3,2,3,2,3,2,3,3,3,3,1,2,2,4,3,2,3,3,3,3,4,4,1,1,2,1,4,2,2,2,4,4,4,2,4,4,3,2,3
948,2,56,2,5,5,5,5,3,3,5,3,5,5,5,5,2,5,5,2,4,5,5,5,2,5,5,3,3,2,2,2,5,2,5,5,2,2,5,5,5,5,5,3,2,3,3,3,1,1,3,1,2,2,5,5,2,5,5,2,4,5,5,5,2,5,5,3,3,2,3,3,3,2,3,3,3,3,2,3,3,3,2,2
952,2,90,0,3,2,2,3,2,3,3,2,2,3,3,3,2,3,4,2,1,3,3,3,2,3,3,3,4,1,2,4,3,4,3,3,2,4,3,4,3,3,4,2,3,3,3,3,3,3,3,2,2,3,3,3,3,3,3,3,2,3,3,3,2,3,3,3,3,2,1,3,3,2,3,3,2,1,1,2,3,3,3,3
953,1,73,1,4,2,5,3,3,5,3,2,3,4,3,3,4,3,4,2,1,3,3,4,3,4,4,3,5,2,1,3,4,5,3,3,2,1,2,5,3,4,4,5,1,2,4,1,1,5,2,2,2,2,2,2,2,3,3,2,1,2,2,1,1,2,3,2,2,2,2,2,2,5,2,1,4,4,4,5,2,1,1,2
954,1,72,3,3,3,2,2,2,2,3,2,2,2,3,4,4,3,3,3,3,3,3,3,3,3,3,3,3,3,2,3,3,3,3,3,3,3,3,3,3,3,3,3,2,2,2,2,2,2,2,2,3,2,2,3,2,3,3,3,2,2,2,2,2,3,2,2,2,2,3,3,2,2,2,3,3,2,3,3,3,3,3,2
955,2,62,2,4,3,2,3,3,3,2,2,2,3,3,3,4,4,3,3,2,3,5,4,4,3,5,3,3,2,3,3,3,4,4,4,3,3,3,4,3,3,4,3,3,3,2,2,2,2,2,3,4,2,3,4,1,2,2,2,4,2,3,1,1,2,4,2,3,2,3,4,3,1,1,2,4,3,3,2,2,4,2,3
956,2,61,2,5,5,2,2,5,5,3,3,5,5,3,3,3,3,3,3,2,2,2,2,2,5,5,2,2,2,2,2,2,3,3,2,2,2,2,2,2,2,2,3,3,3,3,3,3,3,2,2,2,2,2,2,2,2,2,2,2,3,3,3,2,2,2,2,2,2,2,2,3,2,2,3,2,2,2,2,2,2,2,2
957,1,38,2,4,2,2,3,4,3,3,2,3,5,3,2,3,4,4,2,2,3,3,3,4,4,2,2,4,2,3,4,4,3,4,5,3,3,2,4,4,3,3,4,1,3,3,3,1,1,2,2,2,1,2,2,2,1,2,2,1,1,1,1,1,1,2,2,1,2,1,1,1,2,2,2,2,2,2,1,2,2,1,1
959,2,73,2,5,2,2,3,5,5,5,2,2,5,5,3,3,5,3,3,2,5,5,5,5,5,5,1,5,1,2,4,2,5,5,5,2,2,5,5,5,2,5,2,2,2,2,2,2,1,2,1,2,2,2,1,2,1,3,2,2,1,1,2,2,2,3,1,1,1,1,2,2,1,2,2,2,2,2,2,3,2,1,2
962,2,75,2,5,5,4,4,4,4,3,3,4,5,4,4,4,5,4,5,2,3,5,4,5,4,2,5,5,5,2,4,5,4,4,5,5,4,4,5,5,5,5,4,5,5,2,2,2,2,2,2,2,5,2,2,2,5,5,5,3,2,5,2,5,3,2,5,5,5,2,2,5,5,2,5,5,2,0,5,5,5,5,1
964,2,59,2,3,3,3,2,3,2,3,3,3,3,3,3,2,2,3,3,3,3,3,3,3,3,3,3,3,3,3,4,3,4,3,3,3,3,3,4,4,3,3,3,2,2,2,2,2,2,2,2,2,2,2,2,3,2,3,2,1,2,2,2,3,3,3,2,2,2,2,3,3,2,3,2,2,2,2,2,2,2,2,2
965,2,27,3,5,5,2,5,5,5,5,3,5,5,5,2,3,2,3,3,2,2,2,2,2,2,2,2,2,5,4,4,2,4,5,5,4,4,3,2,5,5,4,3,5,5,3,5,2,2,3,1,5,5,2,3,2,2,3,2,4,3,3,3,3,2,2,2,2,1,1,1,3,1,3,2,1,1,1,2,5,5,1,1
966,2,69,2,0,2,2,2,3,3,3,3,3,5,2,2,3,3,3,3,2,3,3,2,2,5,5,2,3,3,3,3,5,5,3,5,3,3,3,3,3,3,5,2,1,2,2,2,1,1,2,1,1,1,2,2,2,2,2,2,1,1,1,1,2,2,2,1,1,1,2,2,2,1,2,2,2,1,2,2,0,2,2,2
967,2,62,2,2,2,5,3,5,2,5,5,5,5,5,5,3,5,3,5,2,5,5,5,5,5,5,5,5,5,5,5,5,3,5,5,5,3,3,5,5,5,5,5,2,2,5,2,2,2,2,2,2,2,2,5,2,2,2,2,2,2,2,2,5,5,2,2,2,2,2,2,2,2,2,2,2,2,2,2,2,2,2,2
971,2,66,3,5,5,5,4,3,4,3,4,4,5,5,3,4,3,4,2,2,4,3,5,3,5,5,4,4,3,2,3,3,4,4,5,2,4,4,5,5,5,3,2,2,2,2,2,2,1,2,1,2,2,2,2,2,2,4,2,1,2,2,5,2,2,5,1,1,2,2,2,2,1,2,5,3,2,2,5,5,5,2,2
973,1,62,2,2,2,2,3,3,4,2,4,2,5,5,3,2,3,5,5,2,2,3,4,4,5,5,3,3,3,2,3,2,5,5,5,2,2,2,5,5,5,5,5,1,3,3,3,1,1,4,1,3,5,5,1,3,1,5,5,2,2,2,1,2,5,5,3,3,2,2,3,3,5,5,5,1,3,3,5,5,5,5,5
975,1,71,1,2,2,1,1,1,2,2,2,2,2,2,3,2,2,3,2,2,3,3,3,3,3,1,1,2,2,1,2,2,3,1,2,2,3,3,2,2,1,3,3,2,1,1,1,1,1,1,1,1,1,1,1,1,1,1,1,1,1,1,1,1,1,2,2,1,1,1,1,2,1,2,1,1,1,1,2,1,2,1,1
977,2,27,3,3,5,2,2,4,5,2,2,4,5,5,5,4,4,3,4,4,2,3,1,5,4,5,4,4,4,4,3,5,4,5,5,3,4,4,4,4,5,5,3,2,0,4,4,1,2,3,3,1,5,5,5,1,1,2,2,1,4,1,3,5,2,5,1,1,1,1,2,5,1,5,5,3,2,2,1,2,5,5,2
978,2,39,3,5,2,2,2,5,2,5,2,2,5,5,4,3,4,4,4,2,3,5,5,3,5,5,5,5,5,4,3,5,4,3,3,4,4,4,3,4,5,4,3,5,3,3,3,5,2,5,2,2,2,5,5,3,4,3,3,3,3,5,5,4,5,5,5,5,5,1,3,5,2,2,3,1,1,1,3,2,5,1,2
979,2,55,1,5,5,5,2,5,5,5,2,5,5,5,5,2,2,2,3,1,5,5,5,1,5,5,5,5,5,3,2,2,2,5,5,2,4,5,5,5,5,5,2,2,2,2,2,1,1,1,1,1,1,1,2,2,2,2,2,1,1,1,1,1,2,2,1,1,1,1,2,2,1,1,1,2,1,1,1,1,1,1,2
982,2,66,0,5,2,2,4,5,5,2,2,3,5,5,3,3,5,5,3,0,5,5,5,2,5,5,5,5,3,2,4,2,4,5,5,2,4,4,5,5,5,5,3,2,2,2,2,1,1,1,1,1,1,2,1,3,2,2,2,2,5,2,2,2,5,5,5,1,1,1,2,2,1,5,5,2,2,2,5,5,5,5,5
984,2,45,2,5,5,5,3,5,3,5,3,5,5,5,5,3,5,5,3,3,5,3,5,2,5,5,5,3,3,2,4,5,5,5,5,2,5,5,5,5,5,5,5,2,5,5,5,1,1,2,2,2,5,5,5,3,5,5,3,2,2,2,5,5,5,5,1,1,2,2,2,5,5,5,5,5,2,2,5,5,5,2,5
985,2,30,1,5,5,2,2,5,4,5,3,2,3,3,3,1,2,5,2,2,2,2,5,2,5,5,3,3,2,2,3,5,2,5,5,3,3,3,3,5,5,3,3,1,2,3,2,1,1,3,2,3,2,1,3,2,3,3,2,2,2,2,3,2,2,2,1,1,2,1,2,2,1,3,2,1,2,2,2,2,3,1,1
986,2,26,2,2,2,2,2,2,2,3,2,3,2,5,5,2,2,2,2,2,2,2,3,3,2,2,2,2,2,2,2,2,3,3,2,2,2,2,3,3,3,3,3,1,2,3,2,1,1,2,1,1,2,2,5,1,2,2,2,1,1,2,1,1,3,2,2,2,2,2,2,2,1,1,2,2,2,2,1,1,2,1,1
988,2,42,2,5,5,5,2,2,2,5,2,5,5,2,2,2,2,2,2,2,2,2,2,2,2,2,2,2,2,2,2,2,2,2,2,2,2,2,2,2,2,2,2,5,5,5,2,2,2,5,2,5,5,2,2,2,2,2,2,2,2,2,2,2,2,2,2,2,0,0,0,0,0,0,0,0,0,0,0,0,0,0,0
990,1,42,2,5,2,5,3,4,3,3,2,5,5,5,5,3,5,3,2,2,2,2,3,2,5,5,5,5,5,5,3,5,3,5,5,4,3,5,5,5,3,5,4,5,2,5,2,1,1,2,2,2,2,2,2,2,2,2,2,1,2,2,2,2,2,2,2,2,1,1,2,2,2,2,2,2,2,2,2,2,2,2,2
991,2,59,2,5,5,5,5,5,5,5,2,4,5,3,2,4,4,4,2,1,3,4,5,5,2,5,5,5,2,4,4,4,4,4,4,1,4,4,5,4,5,5,2,1,2,2,2,2,2,2,1,1,1,1,2,3,1,3,2,2,2,1,2,1,2,2,1,1,1,1,1,1,1,1,1,3,1,1,1,1,1,1,3
992,1,71,2,5,3,5,2,5,5,5,5,5,5,0,0,0,0,0,0,0,0,0,0,0,0,0,0,0,0,0,0,0,0,0,0,0,0,0,0,0,0,0,0,2,2,2,2,3,5,5,5,5,5,0,0,0,0,0,0,0,0,0,0,0,0,0,0,0,0,0,0,0,0,0,0,0,0,0,0,0,0,0,0
993,1,29,1,2,2,2,2,2,2,2,2,2,2,2,2,1,2,2,1,2,2,2,4,4,2,2,2,2,2,2,2,2,2,2,2,3,3,3,2,2,2,2,2,2,2,4,2,2,1,2,1,3,2,2,2,2,2,1,2,1,2,2,1,1,2,2,2,1,2,2,2,2,2,2,2,1,1,1,2,2,2,2,2
994,1,41,3,5,5,2,2,4,4,5,4,5,5,5,4,4,5,3,5,1,4,5,5,1,2,5,3,3,3,3,5,4,4,5,5,3,4,5,5,5,5,5,4,2,1,2,2,1,1,3,1,1,1,0,1,1,2,2,1,1,1,1,2,3,2,2,1,1,1,1,2,1,1,1,5,1,1,1,2,3,5,5,1
995,1,55,2,4,4,5,3,4,4,3,3,5,4,3,4,4,4,2,2,2,3,2,4,4,4,4,4,4,4,2,4,4,4,4,4,3,4,4,3,4,4,4,3,2,2,5,3,2,2,3,2,5,2,2,2,2,2,3,3,3,2,3,2,2,2,2,2,2,2,3,3,1,1,1,1,3,1,1,3,3,2,1,3
996,1,27,2,2,2,2,1,2,2,2,1,2,2,2,2,2,1,2,3,1,3,2,3,1,2,3,2,2,2,2,4,5,4,5,2,2,2,2,2,3,2,5,2,2,5,2,2,2,2,2,1,2,2,2,2,2,2,2,2,2,1,2,3,2,2,1,2,2,2,2,1,2,1,5,2,1,1,1,3,5,2,5,2
999,1,65,2,2,2,2,5,5,2,5,2,3,5,2,3,2,5,2,2,2,3,5,5,2,3,5,2,2,2,3,3,2,3,2,5,3,3,3,5,5,5,3,5,5,2,2,2,2,2,5,1,2,5,2,2,2,5,2,1,1,2,5,5,2,5,5,2,1,2,3,3,2,3,2,5,3,3,3,5,5,5,3,5
1003,2,46,1,2,2,2,2,2,3,2,3,3,2,3,2,3,3,3,2,2,2,2,2,2,2,2,3,2,5,2,3,5,3,5,5,3,3,3,2,5,5,5,2,2,2,2,2,2,1,2,2,1,1,1,2,2,2,2,2,2,2,2,2,2,2,2,2,2,2,2,2,2,2,2,2,2,1,1,2,2,2,2,2
1010,1,44,3,2,2,2,4,2,2,3,2,2,2,2,5,4,5,2,2,2,2,2,2,2,2,2,2,2,1,2,4,5,5,5,5,3,3,5,5,5,2,2,5,2,2,2,2,2,2,2,2,2,2,5,5,1,5,5,0,5,2,2,2,2,2,2,2,2,1,1,1,5,1,5,5,2,2,5,5,5,2,2,2
1014,2,36,2,5,5,5,3,4,3,5,5,5,5,5,5,4,3,3,2,2,2,5,5,3,3,4,5,5,5,4,2,5,4,5,5,3,3,5,5,5,3,5,5,2,2,3,2,1,2,3,2,2,2,2,3,2,2,2,2,1,2,2,2,2,2,2,2,2,2,2,2,2,2,2,2,2,2,2,2,2,2,2,2
1017,2,39,2,2,2,5,5,2,2,3,2,2,2,2,2,2,2,2,2,2,3,3,3,2,2,2,2,2,2,2,3,2,2,2,2,2,2,2,2,3,3,3,2,2,2,2,2,2,2,2,2,2,2,2,2,2,2,2,2,2,2,2,2,2,2,2,2,2,1,2,2,2,2,2,2,2,2,2,2,2,2,2,2
1020,1,32,2,5,5,5,2,5,5,2,2,5,5,5,2,1,3,2,2,1,2,2,5,5,2,3,2,3,5,3,3,2,4,5,5,3,2,2,2,5,5,5,5,1,2,3,3,1,1,1,1,2,2,2,2,3,3,3,2,3,1,2,2,2,2,2,2,2,2,2,2,3,2,3,3,2,2,2,3,5,5,1,2
1021,2,79,1,0,2,0,0,0,0,0,0,2,0,0,0,1,0,0,1,0,0,0,1,1,0,0,0,0,1,0,0,0,2,5,5,2,2,5,0,0,0,0,5,0,0,0,0,0,0,0,0,0,0,0,0,0,0,0,0,0,0,0,0,0,0,0,0,0,0,0,0,0,0,0,0,0,0,0,0,0,0,0,5
1022,2,35,2,5,5,2,5,5,3,5,3,5,5,5,5,3,5,3,3,2,2,5,5,2,5,5,5,3,5,4,3,5,4,5,5,3,3,5,5,5,5,5,5,5,5,2,5,1,2,5,2,5,5,5,5,2,5,3,3,3,3,5,5,3,5,5,5,2,5,1,3,5,2,5,5,3,3,5,5,5,5,5,4
1028,1,73,2,2,3,2,4,2,2,3,3,3,3,3,3,4,5,4,4,4,4,4,5,5,5,5,3,3,2,3,4,3,4,5,5,5,4,3,5,5,5,5,5,2,2,2,1,2,2,2,2,2,1,2,2,2,5,5,5,2,2,1,5,5,5,5,2,1,2,2,4,1,1,2,2,2,1,1,2,2,5,5,5
1030,1,59,2,5,5,2,5,2,5,2,2,5,5,2,3,3,2,2,2,2,2,3,4,4,4,4,3,3,3,2,4,2,4,4,5,3,3,3,2,3,3,4,4,5,5,3,3,3,5,2,3,5,5,3,1,2,3,3,2,1,2,1,1,1,1,1,2,2,1,2,1,1,1,3,3,2,2,2,2,2,2,1,1
1032,2,68,2,2,3,3,5,2,5,2,5,5,5,5,5,4,4,4,5,5,5,3,5,3,5,5,3,2,2,3,4,3,5,5,5,2,2,5,5,5,5,5,5,5,2,2,5,5,2,2,1,1,1,5,5,2,2,2,5,5,5,2,5,2,5,5,1,1,1,0,2,3,5,5,5,3,3,5,5,5,5,5,5
1033,1,70,2,4,4,3,4,4,4,4,4,4,3,4,3,4,4,4,4,3,4,4,3,3,4,4,3,3,3,4,4,3,4,4,3,4,3,4,3,3,4,4,4,2,2,2,2,2,1,1,1,1,2,2,1,1,2,1,1,1,1,1,1,2,2,1,2,2,2,1,2,2,1,2,2,1,2,1,2,2,2,1,1
1037,1,37,3,5,5,2,4,4,5,4,4,4,5,5,4,4,5,4,4,4,4,4,4,5,4,4,4,5,2,5,4,5,4,4,5,4,2,5,4,4,5,5,4,5,5,3,2,2,5,2,1,1,5,5,2,2,5,1,2,1,1,2,2,5,5,5,2,5,3,5,5,5,1,1,5,1,3,5,2,5,5,5,2
1038,2,61,2,5,2,5,2,5,2,2,2,2,5,5,2,1,2,1,2,1,3,5,4,3,5,5,0,5,2,2,3,0,3,5,5,2,2,2,5,5,3,4,5,2,2,0,3,2,1,2,1,2,2,1,1,5,2,3,3,1,1,2,1,2,0,0,0,0,1,1,3,0,2,0,0,2,3,1,2,2,2,1,2
1039,2,62,3,5,3,5,3,5,5,2,4,3,5,4,5,4,4,4,4,2,5,5,3,2,4,5,2,5,3,3,5,5,4,0,5,2,2,2,5,5,5,5,5,5,0,0,2,0,0,4,2,4,5,1,5,2,5,3,2,3,5,5,2,2,2,0,1,5,0,2,4,5,1,4,5,4,3,0,0,0,5,1,4
1040,2,66,1,2,2,2,5,2,2,5,3,3,5,5,5,2,5,5,5,2,5,2,2,2,2,5,5,5,2,3,2,1,4,4,5,4,4,4,2,5,5,5,3,2,2,3,5,2,2,5,1,2,5,5,5,5,5,5,5,5,5,5,5,5,5,5,5,5,2,2,5,5,5,5,5,2,2,2,5,5,5,5,5
1042,1,72,3,5,5,5,3,5,5,0,5,0,5,4,5,3,3,0,3,5,5,5,5,5,3,5,3,5,2,4,4,3,4,5,5,0,4,4,2,5,5,5,4,2,3,3,2,2,1,0,1,0,2,1,2,2,1,0,1,1,2,1,1,2,2,2,1,1,2,2,2,1,1,2,5,0,2,1,3,5,5,5,2
1047,2,70,3,3,3,3,4,3,3,4,3,4,4,4,2,3,3,3,4,5,5,5,5,3,3,3,3,3,3,3,4,5,5,5,5,5,2,2,5,5,5,5,5,2,2,2,2,2,2,2,2,2,2,2,2,2,2,2,1,2,2,2,2,2,2,2,2,2,2,2,2,2,2,2,2,2,2,2,5,5,5,5,5
1048,2,68,2,2,1,1,2,2,2,2,2,2,2,2,2,2,2,2,2,2,2,2,2,2,2,2,2,2,2,2,2,2,2,2,2,2,2,2,5,5,5,5,2,2,2,2,2,2,2,2,2,2,2,2,2,2,2,2,2,2,2,2,2,2,2,2,2,2,2,2,2,2,2,2,2,2,2,2,5,5,5,5,2
1050,1,49,2,4,3,4,4,4,5,4,3,4,5,4,4,1,2,4,3,1,2,2,4,4,2,4,4,4,2,1,5,4,3,4,4,4,4,5,4,5,4,4,4,1,3,4,1,1,5,4,2,1,5,4,1,4,3,2,2,1,1,1,2,1,4,4,1,1,1,4,4,1,1,2,2,2,2,5,2,5,2,2,2
1051,2,62,1,2,3,3,2,2,2,2,3,3,3,3,3,3,2,3,3,2,3,3,3,3,3,3,2,3,1,2,2,2,3,3,3,2,2,2,3,3,3,2,3,2,3,2,2,2,2,2,2,2,2,2,2,3,3,3,2,3,2,3,3,3,3,3,2,3,2,2,3,3,1,2,1,3,2,2,2,3,3,2,2
1054,1,63,1,3,2,3,4,3,3,2,3,3,3,4,4,4,4,4,3,3,3,3,4,2,4,4,2,3,1,2,4,4,4,4,3,4,4,4,3,4,3,5,3,2,3,3,2,2,1,2,1,2,2,2,2,2,2,2,2,2,2,2,3,2,2,2,2,1,1,1,2,2,1,2,2,2,1,1,3,3,3,5,2
1056,2,71,2,5,2,2,2,2,2,5,2,2,5,5,5,2,2,3,3,4,2,4,3,5,2,5,5,5,3,4,5,5,5,4,4,2,4,4,4,3,5,5,5,5,2,2,2,2,2,5,2,2,5,5,5,2,2,2,2,2,2,2,2,5,2,5,5,5,2,2,5,5,5,2,2,2,2,2,1,2,5,5,5
1057,2,43,2,3,4,3,4,4,4,4,4,3,4,4,3,3,2,3,5,4,3,4,5,5,4,4,5,4,4,4,4,5,4,4,4,5,3,4,5,5,5,5,4,3,2,2,3,2,1,2,1,2,2,2,1,2,2,2,5,1,1,1,5,5,3,3,5,1,1,2,2,5,1,2,2,5,2,1,5,5,5,5,2
1061,2,46,0,3,3,3,2,2,2,3,3,3,3,5,2,3,5,5,3,2,2,2,2,2,5,5,2,3,2,2,3,3,4,5,5,2,5,5,5,5,5,5,5,1,2,2,2,2,2,3,2,2,2,2,3,3,3,3,3,3,2,2,2,3,3,3,2,2,2,3,3,2,2,5,5,3,2,3,3,3,3,3,3
1063,1,71,2,2,2,5,2,3,4,2,2,3,3,3,3,3,3,3,3,2,3,3,5,5,5,5,3,3,2,3,4,2,4,3,5,3,3,3,3,5,2,3,3,2,3,4,3,1,1,3,2,2,2,3,2,3,3,3,3,2,2,2,3,3,3,3,2,2,2,2,3,3,2,3,3,3,3,3,3,3,3,2,2
1065,1,31,2,2,2,1,3,3,3,2,2,2,2,3,4,3,3,3,2,3,3,2,3,2,3,3,2,4,2,3,3,2,3,3,2,3,3,3,2,2,2,3,3,2,2,3,2,1,1,2,3,3,2,2,1,3,1,2,4,1,1,3,2,2,3,2,2,1,3,1,2,3,1,2,3,1,1,1,3,3,3,2,2
1067,2,60,2,5,1,2,3,3,5,2,2,3,3,5,5,2,2,2,5,1,3,3,5,5,5,3,0,5,2,2,3,2,3,3,5,2,3,3,2,3,3,5,2,2,2,2,2,2,1,2,1,2,2,1,2,2,2,3,2,2,2,2,2,2,3,3,1,2,1,2,3,2,2,2,2,2,2,2,2,2,2,2,3
1069,1,78,2,5,5,5,5,5,5,5,5,4,5,5,3,3,4,5,5,2,5,5,5,5,5,5,5,5,5,5,5,3,3,5,5,5,2,5,5,5,5,5,5,2,5,5,5,2,5,3,2,2,5,2,2,2,2,3,2,2,5,5,5,5,5,5,5,5,1,2,5,3,2,5,5,5,2,5,5,5,5,5,5
1070,1,69,2,3,2,3,3,3,2,3,3,3,3,3,2,3,2,2,2,2,3,5,5,2,5,5,3,3,2,3,2,2,2,3,5,3,3,2,3,5,3,5,5,3,3,5,3,3,3,2,1,3,3,3,2,2,2,2,3,2,2,5,5,3,5,5,2,3,2,2,3,5,5,2,5,5,1,3,3,5,4,5,5
1072,2,63,2,5,3,5,5,3,3,3,3,2,5,5,3,2,3,3,3,2,2,3,2,4,5,5,2,5,2,3,5,3,4,5,5,3,3,5,5,5,2,3,5,5,3,3,2,2,2,5,2,5,2,5,2,2,2,2,2,2,2,5,2,2,5,5,2,5,2,2,5,2,2,5,5,2,2,5,5,5,5,5,5
1073,1,49,1,5,5,5,2,5,5,5,1,5,5,5,1,2,5,5,5,5,5,5,5,5,5,5,2,5,5,5,5,5,2,5,5,5,5,5,5,5,5,5,5,2,5,5,2,0,5,5,1,1,1,5,1,2,1,2,1,1,1,1,1,2,2,5,1,1,1,1,2,2,1,2,2,1,1,1,5,5,5,1,1
1075,2,52,1,5,5,2,3,5,5,2,3,3,5,5,5,3,5,3,2,2,2,3,5,5,2,5,2,5,2,2,4,5,4,5,3,2,2,2,2,5,5,2,2,2,2,2,2,2,2,2,2,2,2,2,2,3,2,3,2,2,2,2,2,2,3,2,2,2,1,1,3,5,2,2,2,2,2,2,2,5,2,1,2
1076,2,62,2,2,5,5,5,5,5,5,3,5,5,5,5,2,5,5,5,5,5,5,5,5,5,5,5,5,5,2,5,5,5,5,5,5,5,5,5,5,5,5,5,5,5,5,5,5,5,5,5,5,5,5,5,2,5,5,5,5,5,5,5,5,5,5,5,5,5,2,5,5,5,5,5,5,5,5,5,5,5,5,5
1077,1,73,2,3,5,5,2,5,5,2,3,2,5,5,3,3,2,3,3,2,2,3,3,2,5,5,3,3,2,3,2,3,3,3,3,3,3,3,5,5,5,3,5,2,5,5,3,5,5,2,1,2,5,5,2,2,2,2,2,1,2,1,2,3,5,5,2,2,2,2,2,2,2,2,2,2,2,2,5,5,5,1,2
1078,2,70,4,4,4,5,3,4,3,4,4,4,5,5,4,2,5,5,2,2,5,5,5,2,2,5,3,5,2,2,4,5,4,5,5,2,2,3,5,5,4,4,5,2,2,5,5,2,2,2,5,1,5,5,2,4,5,5,4,5,5,5,5,3,5,5,2,5,2,2,1,5,2,5,5,5,5,2,5,5,5,5,5
1080,2,42,0,5,5,2,3,5,5,5,2,3,5,5,5,2,2,4,4,2,4,4,5,2,4,4,5,3,2,2,4,4,4,4,5,4,3,4,2,5,5,5,4,5,5,2,2,2,2,5,2,2,5,5,5,2,5,2,2,2,2,2,5,5,2,2,5,1,2,2,1,2,1,1,5,1,1,1,5,5,5,2,1
1081,2,74,2,5,5,5,5,5,5,0,2,5,5,5,5,2,2,2,5,2,5,5,5,2,5,5,2,5,1,1,5,5,5,5,5,5,2,5,5,5,5,5,5,5,5,5,5,5,5,0,2,5,5,5,5,5,5,5,5,1,5,5,5,5,5,5,5,5,1,1,5,5,5,5,5,5,2,5,5,5,3,5,5
1082,1,34,2,5,2,5,5,5,5,5,3,5,4,5,5,3,5,5,3,2,2,5,5,5,5,5,5,5,5,2,5,5,4,5,5,2,2,5,5,5,3,4,3,5,2,2,1,2,5,2,2,2,2,3,4,3,2,2,1,2,1,3,2,2,3,3,2,2,2,1,2,5,2,3,3,2,2,2,2,5,2,3,2
1083,2,70,2,5,5,5,5,5,5,5,2,5,5,5,5,2,5,5,2,2,5,5,5,2,5,5,5,5,2,2,5,5,5,5,5,5,2,5,5,5,5,5,5,0,0,0,0,0,0,0,0,0,0,0,0,0,0,0,0,0,0,0,0,0,0,0,0,0,0,0,0,0,0,0,0,0,0,0,0,0,0,0,0
1084,2,55,2,5,5,5,4,5,5,5,5,5,5,5,5,3,3,2,2,5,3,5,5,5,3,5,2,5,5,5,4,5,5,4,5,4,4,4,5,5,5,5,5,4,4,4,2,4,4,2,1,1,3,2,2,2,2,2,1,1,2,2,3,3,2,3,1,1,1,1,3,2,2,2,3,2,2,1,3,3,3,3,3
1086,2,42,2,4,5,2,3,4,3,5,3,5,5,5,3,3,3,5,3,2,3,4,4,2,4,3,3,4,2,3,4,4,4,4,4,3,3,4,4,3,4,3,1,2,3,3,2,1,1,3,1,2,2,2,3,2,4,3,3,1,2,2,2,3,3,3,1,1,2,2,3,3,2,3,4,3,3,3,4,2,4,1,2
1088,2,70,2,5,5,5,5,5,5,5,2,5,5,5,5,5,3,5,2,1,2,5,5,3,5,5,3,3,1,1,2,3,3,3,3,5,2,5,5,2,5,5,5,1,1,1,1,1,1,1,1,1,1,2,2,2,2,1,2,1,1,2,2,1,2,2,1,1,1,1,2,2,2,2,2,2,1,2,2,2,2,1,3
1090,1,75,2,2,4,2,5,4,3,3,2,4,5,3,5,4,2,2,2,3,5,2,3,2,4,3,3,3,2,2,4,2,1,5,5,4,4,4,5,5,4,2,2,2,4,2,4,2,2,2,2,1,5,2,5,2,3,3,2,2,5,2,2,4,4,4,2,2,2,2,2,2,3,4,4,2,1,1,4,4,2,3,4
1092,2,58,2,2,3,3,4,3,3,3,2,2,4,3,3,2,3,3,2,2,3,4,4,3,3,3,4,3,5,5,4,5,4,4,5,5,5,5,5,5,4,5,4,2,3,3,4,3,2,3,2,2,1,1,3,3,3,3,3,2,3,2,2,3,3,3,2,2,5,5,2,5,1,2,5,5,5,5,5,5,2,5,2
1094,1,63,2,3,3,0,4,3,3,4,3,3,4,3,0,3,5,5,3,4,4,4,4,3,4,5,4,4,3,3,4,3,3,3,3,4,3,4,3,4,2,5,5,2,2,3,2,2,2,2,2,2,2,2,2,2,5,5,2,1,1,1,1,2,2,5,2,2,2,2,2,2,2,2,2,2,2,2,2,2,2,1,5
1095,1,54,2,2,2,2,4,2,2,3,3,3,2,2,3,2,2,2,2,2,2,2,3,2,3,3,2,2,2,2,4,3,4,2,3,4,2,2,2,2,2,3,3,3,4,4,1,4,3,3,1,1,3,4,2,3,3,3,3,3,3,3,2,3,2,2,3,3,3,3,2,2,2,3,2,2,3,3,3,3,3,2,2
1096,1,59,1,5,5,5,5,5,5,5,5,5,5,5,5,2,4,4,5,3,4,3,5,3,5,4,4,4,5,2,4,5,5,5,5,3,4,4,5,5,5,3,5,5,5,5,5,5,5,5,5,5,5,5,5,2,2,2,5,1,1,1,2,1,5,2,1,1,2,1,2,5,1,1,1,2,1,1,5,5,5,2,5
1097,1,57,2,5,5,3,5,5,5,5,5,5,5,5,5,2,5,2,4,3,2,3,5,2,3,5,2,2,1,4,4,2,4,5,5,1,2,2,3,5,5,5,5,1,3,2,1,2,2,1,1,2,2,1,3,4,2,4,1,1,2,2,2,4,1,4,1,2,4,1,1,2,1,2,5,2,1,2,3,5,4,1,4
1100,1,41,3,2,5,5,2,2,4,2,3,5,5,2,3,2,5,2,3,5,2,2,5,5,2,2,1,1,3,4,4,2,5,2,2,4,3,3,3,2,5,3,3,1,5,5,2,2,1,2,1,3,2,2,1,2,1,2,1,1,2,2,1,2,2,2,1,1,2,2,1,2,1,1,2,1,1,2,2,2,5,1,1
1104,2,44,1,5,2,2,2,5,5,5,5,5,5,5,5,5,5,5,5,5,5,5,5,1,5,5,5,5,5,5,5,5,5,5,5,5,5,5,5,5,5,4,3,2,3,4,3,2,2,5,4,3,2,2,1,5,4,4,3,1,1,1,2,1,2,5,3,2,4,4,4,2,2,5,5,5,5,5,4,5,5,1,1
1106,2,68,2,2,5,3,5,3,2,3,2,2,3,5,5,3,5,5,2,2,2,5,5,5,5,5,5,5,5,5,5,5,5,5,5,2,2,2,5,5,5,5,5,0,5,2,5,2,2,2,2,2,5,2,2,5,5,5,5,2,2,5,5,5,5,5,2,0,1,5,5,5,5,5,5,2,2,2,5,5,5,1,5
1109,1,38,2,5,5,5,4,5,5,5,5,5,4,5,4,4,5,4,5,3,5,4,5,5,5,5,5,5,4,3,4,4,4,3,5,3,4,5,4,4,5,5,4,5,5,5,3,5,5,5,5,5,3,5,1,3,5,4,5,1,5,4,5,5,5,5,5,5,4,2,4,1,1,2,5,2,1,5,4,4,5,5,1
1110,2,59,2,5,3,5,4,3,3,5,3,5,5,4,5,4,5,5,2,2,5,4,4,5,5,5,5,5,3,3,4,4,4,5,5,3,5,3,5,5,5,5,5,2,0,4,2,2,2,4,2,3,2,2,2,2,2,4,3,4,2,2,2,3,2,1,2,2,2,2,2,3,2,3,3,4,3,3,3,3,3,2,3
1112,1,73,1,5,5,2,2,5,5,5,3,5,5,5,5,2,5,3,2,2,5,5,5,5,5,5,5,5,5,5,3,5,5,5,5,3,5,5,5,5,5,5,5,5,5,2,2,5,5,5,2,5,5,5,5,2,5,2,2,2,5,5,5,5,5,5,5,5,5,5,2,5,5,5,5,2,5,5,5,5,5,5,5
1113,2,35,2,5,5,4,5,5,5,3,5,3,5,3,5,4,3,5,5,2,2,5,2,2,4,5,5,5,5,5,5,4,4,5,3,5,5,5,5,5,5,5,5,2,5,2,5,2,2,2,2,2,5,2,5,5,2,5,5,2,5,5,5,2,2,2,2,2,2,2,2,2,2,5,5,5,5,5,5,5,5,5,5
1116,2,66,2,5,5,2,5,5,3,3,2,2,5,5,3,4,5,5,5,2,3,5,5,5,5,5,5,5,2,3,5,2,2,5,5,2,2,5,5,5,5,5,5,2,5,2,5,5,2,2,2,2,5,5,2,2,5,5,5,2,5,5,5,5,5,5,5,5,2,5,5,0,2,5,5,0,0,5,5,5,5,5,5
1117,1,79,1,3,3,3,4,3,4,4,4,4,3,3,3,4,3,4,3,1,4,4,3,3,3,4,3,4,2,2,4,4,4,3,3,2,3,3,3,3,4,3,4,1,2,2,1,2,1,1,1,1,1,2,2,1,2,1,2,1,1,1,2,2,2,2,1,1,1,2,2,2,1,2,2,2,2,2,2,2,1,2,2
1118,2,56,1,5,2,5,3,2,2,2,2,3,3,5,2,3,2,5,5,5,4,5,5,2,5,5,5,5,1,2,5,5,5,5,5,3,2,5,5,5,5,5,5,5,2,5,2,2,2,2,2,1,1,5,2,2,2,5,5,5,1,5,5,2,5,5,5,2,1,2,2,5,5,5,5,2,1,5,5,5,2,5,5
1119,1,60,1,2,2,2,2,3,2,2,2,3,2,2,2,2,3,3,3,2,3,3,3,2,3,3,3,3,2,2,3,2,3,2,2,2,3,2,2,3,3,3,3,1,1,1,1,1,1,1,1,1,1,1,1,1,1,1,1,1,1,1,1,1,1,1,1,1,1,1,1,1,1,1,2,2,1,1,1,1,1,1,1
1120,2,68,0,3,3,4,4,5,5,5,4,4,4,5,3,3,3,5,4,2,5,3,3,5,5,5,5,5,2,2,4,3,4,5,5,3,3,3,5,5,5,5,5,2,2,1,2,5,5,5,1,1,1,5,2,2,2,5,1,1,5,2,5,5,5,5,5,5,2,2,1,1,1,5,5,1,1,1,5,5,5,5,5
1122,2,70,2,5,2,2,2,5,5,2,2,3,5,2,2,3,5,3,3,2,5,5,3,5,5,3,2,5,1,4,3,2,3,4,5,3,4,2,5,5,2,2,5,5,2,2,2,1,2,2,1,2,1,2,2,3,2,3,2,1,1,2,2,2,2,1,2,2,1,1,2,2,2,1,2,1,1,2,5,4,2,1,5
1123,1,55,2,5,3,5,2,3,5,3,4,4,4,3,4,4,5,4,4,4,3,3,4,3,3,5,4,5,5,5,5,5,4,5,5,3,4,4,5,5,5,5,5,2,2,4,2,1,1,2,1,1,1,2,1,2,1,2,2,1,1,2,1,2,3,3,1,1,1,1,2,2,1,2,2,2,1,1,2,2,2,2,2
1126,1,29,3,5,5,5,1,4,4,5,5,5,5,5,1,4,1,5,1,1,5,5,5,5,5,3,3,1,1,1,4,4,4,5,1,1,2,1,1,5,1,1,1,4,4,4,2,1,1,3,1,1,2,4,0,1,2,2,3,1,4,4,4,4,2,1,1,1,1,1,3,1,1,4,1,3,3,3,4,4,1,1,1
1127,2,55,3,4,4,5,4,4,4,4,3,4,4,4,2,2,4,4,4,2,3,4,4,2,4,2,4,4,2,2,4,4,4,5,5,4,4,5,3,4,4,4,4,3,2,5,1,1,1,0,3,4,2,2,3,4,2,2,1,1,3,2,5,5,5,3,1,1,2,2,1,2,2,5,5,2,2,5,5,3,3,3,2
1129,2,34,2,4,5,1,2,4,4,5,5,5,5,5,5,2,2,2,2,2,5,3,5,5,5,5,4,4,1,1,3,5,5,5,5,5,2,3,5,5,5,5,5,1,3,3,3,1,1,2,1,1,1,2,2,2,2,2,2,2,1,1,1,3,3,3,3,3,1,1,3,3,3,3,3,3,2,3,3,3,3,3,3
1131,2,45,2,2,2,2,2,3,2,2,2,3,3,3,2,2,2,3,3,2,2,3,3,2,3,3,2,3,2,2,2,2,2,3,2,2,2,2,3,2,2,2,2,1,2,2,2,1,1,1,1,1,1,1,2,2,2,2,1,2,1,1,2,2,2,1,1,1,2,1,3,2,1,3,2,2,2,2,2,2,2,2,3
1133,2,31,2,2,5,5,5,2,2,5,2,5,5,5,5,3,5,3,2,2,5,5,5,2,5,5,5,5,5,2,3,2,2,5,5,3,2,5,5,5,5,5,5,2,3,3,3,2,2,3,2,2,2,2,2,2,3,2,2,2,2,2,5,3,5,5,2,2,2,2,2,3,3,3,3,2,3,5,3,3,2,2,3
1135,2,34,2,5,2,2,1,2,2,5,2,5,5,5,2,2,2,5,3,1,2,5,5,5,5,5,5,5,5,5,4,2,5,5,5,3,4,5,5,5,5,5,3,2,2,1,2,1,2,2,1,2,1,2,2,2,1,2,2,1,2,2,2,2,2,2,1,1,1,1,2,2,2,2,2,2,2,2,2,2,2,1,2
1138,2,46,3,5,5,5,5,5,2,5,3,5,5,5,5,3,5,5,5,2,5,5,5,2,5,5,4,4,2,5,5,5,4,5,5,5,4,5,5,5,5,5,5,2,0,3,4,2,2,2,1,2,2,0,0,3,1,3,2,1,2,2,3,3,3,2,1,1,1,1,3,2,2,3,3,3,2,5,5,5,5,1,2
1142,2,34,2,5,5,5,3,3,3,3,2,5,5,5,5,4,5,3,4,5,5,5,5,5,5,5,5,5,5,4,5,5,5,5,5,2,4,5,2,5,5,5,5,2,5,5,2,1,1,1,1,2,2,5,0,1,5,3,2,1,2,5,5,2,5,5,1,1,1,1,2,2,5,5,5,3,1,1,5,5,5,1,5
1147,1,26,3,5,4,5,4,2,4,4,4,5,5,5,5,4,3,2,2,1,3,3,5,4,4,4,5,5,2,1,4,5,4,4,5,1,4,3,4,4,3,5,4,5,4,5,4,2,4,4,4,5,5,5,5,4,3,2,2,1,3,3,5,4,4,4,5,5,2,0,1,3,1,1,3,0,1,1,2,3,2,1,1
1148,1,74,2,2,3,5,2,2,3,2,2,2,3,2,3,2,3,2,3,2,3,2,4,4,3,4,2,3,2,2,4,4,3,3,4,3,4,4,3,3,2,4,3,2,2,2,3,1,2,1,1,2,2,2,2,2,1,2,2,1,2,1,1,2,2,1,1,1,1,2,2,2,1,2,1,2,1,1,2,2,2,1,2
1150,1,62,2,5,2,2,4,5,2,3,2,1,2,2,5,5,1,5,1,1,2,3,5,4,5,5,1,2,2,1,4,4,4,4,5,2,2,2,2,5,5,5,3,1,2,4,2,2,1,2,2,4,2,3,2,5,2,5,4,2,2,2,2,2,5,5,2,2,2,4,2,1,1,1,5,4,4,2,2,5,5,5,2
1151,2,64,3,3,3,3,3,4,3,3,2,4,4,3,2,4,4,3,2,2,4,4,2,2,3,4,4,4,2,2,3,3,3,3,2,2,2,2,3,2,2,3,3,2,3,2,3,2,2,3,2,2,2,2,2,2,2,2,3,2,2,2,2,2,2,2,2,2,2,3,4,2,2,2,3,3,2,2,3,4,3,2,2
1153,1,62,2,5,5,5,2,5,5,5,5,4,5,5,5,3,5,5,5,2,5,5,5,5,5,5,5,5,5,5,5,5,4,5,5,4,3,3,5,5,5,5,4,2,3,3,2,2,2,2,2,2,2,2,2,3,3,3,2,3,2,3,3,3,3,3,3,2,2,2,3,3,0,2,3,2,2,2,3,3,3,3,3
1154,2,50,0,2,5,5,5,2,2,2,2,5,5,5,5,5,5,5,5,2,2,5,5,2,2,5,5,5,5,2,2,2,2,5,5,2,2,2,5,2,2,2,2,2,2,2,2,2,2,2,2,2,2,2,2,2,2,2,2,2,2,2,2,2,2,2,2,2,2,2,3,3,2,3,3,3,3,3,3,3,3,2,3
1156,2,45,2,2,2,2,2,1,2,2,2,5,5,2,2,2,2,5,2,1,2,2,2,1,2,2,2,2,2,2,2,2,2,2,5,2,2,2,2,2,2,2,2,2,2,2,2,2,2,2,2,5,5,5,5,2,2,5,2,2,2,2,2,1,2,2,2,2,2,2,1,2,2,5,5,1,2,2,2,2,1,2,2
1158,1,44,2,2,2,2,2,3,3,2,3,2,2,2,2,2,2,2,3,2,2,2,2,2,2,2,2,3,2,3,2,3,2,2,3,3,3,2,2,3,3,3,3,2,3,3,3,2,2,2,2,3,3,3,3,3,3,3,2,3,3,3,2,2,3,3,2,2,2,2,3,2,3,3,3,3,3,3,4,3,3,3,3
1161,1,53,2,5,5,5,5,5,5,5,2,5,2,5,5,2,2,5,2,2,5,5,5,5,5,5,5,2,2,2,3,5,5,5,5,3,2,5,5,5,5,5,5,1,2,3,2,1,1,2,5,3,2,2,2,3,2,2,3,2,2,5,2,2,2,2,2,2,2,3,2,5,5,5,5,2,5,5,5,5,2,2,2
1163,2,28,2,5,2,2,3,2,3,2,2,3,2,3,5,1,5,5,5,2,2,2,5,2,5,5,3,3,5,2,3,5,4,5,5,2,3,3,2,4,5,5,4,2,2,5,3,5,2,5,2,5,2,2,5,2,2,5,2,1,2,2,3,5,3,5,1,1,1,1,3,3,2,5,5,5,1,2,5,1,5,5,2
1166,1,74,1,1,2,2,2,2,2,3,2,2,3,2,3,2,3,2,2,2,2,2,2,2,2,2,2,2,2,2,2,2,3,2,2,2,2,2,2,2,2,2,2,2,2,2,2,2,2,2,2,2,2,2,3,2,3,2,3,1,2,2,2,2,2,2,2,2,2,3,3,2,2,2,2,2,2,2,2,2,2,3,2
1167,1,47,1,3,4,2,3,3,2,3,2,5,3,3,2,2,3,3,3,2,2,3,3,2,2,3,3,3,2,2,2,3,3,3,3,3,4,3,3,3,3,2,5,2,3,2,1,2,2,2,2,3,2,2,0,3,2,2,3,2,2,2,2,2,2,2,2,2,2,2,2,2,2,2,2,2,1,2,2,3,3,2,5
