profil_id,respondent_id,blok,zadanie,alternatywa,wybor,status_quo,atr1,atr2,atr3,atr4,atr5
,7_1,1,1,3,0,1,,,,,
,10_1,1,1,3,0,1,,,,,
,14_1,1,1,3,0,1,,,,,
,18_1,1,1,3,0,1,,,,,
,22_1,1,1,3,0,1,,,,,
,23_1,1,1,3,0,1,,,,,
,27_1,1,1,3,0,1,,,,,
,30_1,1,1,3,0,1,,,,,
,34_1,1,1,3,0,1,,,,,
,38_1,1,1,3,1,1,,,,,
,41_1,1,1,3,0,1,,,,,
,45_1,1,1,3,0,1,,,,,
,49_1,1,1,3,0,1,,,,,
,52_1,1,1,3,0,1,,,,,
,57_1,1,1,3,0,1,,,,,
,60_1,1,1,3,0,1,,,,,
,64_1,1,1,3,0,1,,,,,
,68_1,1,1,3,0,1,,,,,
,71_1,1,1,3,0,1,,,,,
,75_1,1,1,3,0,1,,,,,
,78_1,1,1,3,0,1,,,,,
,7_1,1,2,3,0,1,,,,,
,10_1,1,2,3,0,1,,,,,
,14_1,1,2,3,0,1,,,,,
,18_1,1,2,3,0,1,,,,,
,22_1,1,2,3,0,1,,,,,
,23_1,1,2,3,0,1,,,,,
,27_1,1,2,3,0,1,,,,,
,30_1,1,2,3,1,1,,,,,
,34_1,1,2,3,0,1,,,,,
,38_1,1,2,3,0,1,,,,,
,41_1,1,2,3,0,1,,,,,
,45_1,1,2,3,0,1,,,,,
,49_1,1,2,3,0,1,,,,,
,52_1,1,2,3,0,1,,,,,
,57_1,1,2,3,0,1,,,,,
,60_1,1,2,3,0,1,,,,,
,64_1,1,2,3,0,1,,,,,
,68_1,1,2,3,0,1,,,,,
,71_1,1,2,3,0,1,,,,,
,75_1,1,2,3,0,1,,,,,
,78_1,1,2,3,0,1,,,,,
,7_1,1,3,3,0,1,,,,,
,10_1,1,3,3,1,1,,,,,
,14_1,1,3,3,0,1,,,,,
,18_1,1,3,3,0,1,,,,,
,22_1,1,3,3,0,1,,,,,
,23_1,1,3,3,0,1,,,,,
,27_1,1,3,3,0,1,,,,,
,30_1,1,3,3,0,1,,,,,
,34_1,1,3,3,0,1,,,,,
,38_1,1,3,3,0,1,,,,,
,41_1,1,3,3,0,1,,,,,
,45_1,1,3,3,0,1,,,,,
,49_1,1,3,3,0,1,,,,,
,52_1,1,3,3,0,1,,,,,
,57_1,1,3,3,0,1,,,,,
,60_1,1,3,3,0,1,,,,,
,64_1,1,3,3,1,1,,,,,
,68_1,1,3,3,0,1,,,,,
,71_1,1,3,3,0,1,,,,,
,75_1,1,3,3,0,1,,,,,
,78_1,1,3,3,0,1,,,,,
,7_1,1,4,3,0,1,,,,,
,10_1,1,4,3,0,1,,,,,
,14_1,1,4,3,0,1,,,,,
,18_1,1,4,3,0,1,,,,,
,22_1,1,4,3,0,1,,,,,
,23_1,1,4,3,0,1,,,,,
,27_1,1,4,3,1,1,,,,,
,30_1,1,4,3,0,1,,,,,
,34_1,1,4,3,0,1,,,,,
,38_1,1,4,3,0,1,,,,,
,41_1,1,4,3,0,1,,,,,
,45_1,1,4,3,0,1,,,,,
,49_1,1,4,3,0,1,,,,,
,52_1,1,4,3,0,1,,,,,
,57_1,1,4,3,0,1,,,,,
,60_1,1,4,3,0,1,,,,,
,64_1,1,4,3,0,1,,,,,
,68_1,1,4,3,0,1,,,,,
,71_1,1,4,3,0,1,,,,,
,75_1,1,4,3,0,1,,,,,
,78_1,1,4,3,0,1,,,,,
,7_1,1,5,3,0,1,,,,,
,10_1,1,5,3,1,1,,,,,
,14_1,1,5,3,0,1,,,,,
,18_1,1,5,3,0,1,,,,,
,22_1,1,5,3,0,1,,,,,
,23_1,1,5,3,0,1,,,,,
,27_1,1,5,3,0,1,,,,,
,30_1,1,5,3,0,1,,,,,
,34_1,1,5,3,0,1,,,,,
,38_1,1,5,3,0,1,,,,,
,41_1,1,5,3,0,1,,,,,
,45_1,1,5,3,0,1,,,,,
,49_1,1,5,3,0,1,,,,,
,52_1,1,5,3,0,1,,,,,
,57_1,1,5,3,0,1,,,,,
,60_1,1,5,3,0,1,,,,,
,64_1,1,5,3,0,1,,,,,
,68_1,1,5,3,0,1,,,,,
,71_1,1,5,3,0,1,,,,,
,75_1,1,5,3,0,1,,,,,
,78_1,1,5,3,0,1,,,,,
,7_1,1,6,3,1,1,,,,,
,10_1,1,6,3,1,1,,,,,
,14_1,1,6,3,0,1,,,,,
,18_1,1,6,3,1,1,,,,,
,22_1,1,6,3,0,1,,,,,
,23_1,1,6,3,0,1,,,,,
,27_1,1,6,3,0,1,,,,,
,30_1,1,6,3,0,1,,,,,
,34_1,1,6,3,0,1,,,,,
,38_1,1,6,3,0,1,,,,,
,41_1,1,6,3,0,1,,,,,
,45_1,1,6,3,0,1,,,,,
,49_1,1,6,3,0,1,,,,,
,52_1,1,6,3,0,1,,,,,
,57_1,1,6,3,0,1,,,,,
,60_1,1,6,3,0,1,,,,,
,64_1,1,6,3,1,1,,,,,
,68_1,1,6,3,0,1,,,,,
,71_1,1,6,3,0,1,,,,,
,75_1,1,6,3,0,1,,,,,
,78_1,1,6,3,0,1,,,,,
,7_1,1,7,3,0,1,,,,,
,10_1,1,7,3,0,1,,,,,
,14_1,1,7,3,0,1,,,,,
,18_1,1,7,3,0,1,,,,,
,22_1,1,7,3,0,1,,,,,
,23_1,1,7,3,0,1,,,,,
,27_1,1,7,3,0,1,,,,,
,30_1,1,7,3,0,1,,,,,
,34_1,1,7,3,0,1,,,,,
,38_1,1,7,3,0,1,,,,,
,41_1,1,7,3,0,1,,,,,
,45_1,1,7,3,0,1,,,,,
,49_1,1,7,3,0,1,,,,,
,52_1,1,7,3,0,1,,,,,
,57_1,1,7,3,0,1,,,,,
,60_1,1,7,3,0,1,,,,,
,64_1,1,7,3,0,1,,,,,
,68_1,1,7,3,0,1,,,,,
,71_1,1,7,3,0,1,,,,,
,75_1,1,7,3,0,1,,,,,
,78_1,1,7,3,0,1,,,,,
,7_1,1,8,3,0,1,,,,,
,10_1,1,8,3,1,1,,,,,
,14_1,1,8,3,0,1,,,,,
,18_1,1,8,3,0,1,,,,,
,22_1,1,8,3,0,1,,,,,
,23_1,1,8,3,0,1,,,,,
,27_1,1,8,3,0,1,,,,,
,30_1,1,8,3,0,1,,,,,
,34_1,1,8,3,0,1,,,,,
,38_1,1,8,3,0,1,,,,,
,41_1,1,8,3,0,1,,,,,
,45_1,1,8,3,0,1,,,,,
,49_1,1,8,3,0,1,,,,,
,52_1,1,8,3,0,1,,,,,
,57_1,1,8,3,0,1,,,,,
,60_1,1,8,3,0,1,,,,,
,64_1,1,8,3,0,1,,,,,
,68_1,1,8,3,1,1,,,,,
,71_1,1,8,3,0,1,,,,,
,75_1,1,8,3,0,1,,,,,
,78_1,1,8,3,0,1,,,,,
,7_1,1,9,3,0,1,,,,,
,10_1,1,9,3,0,1,,,,,
,14_1,1,9,3,0,1,,,,,
,18_1,1,9,3,0,1,,,,,
,22_1,1,9,3,0,1,,,,,
,23_1,1,9,3,0,1,,,,,
,27_1,1,9,3,0,1,,,,,
,30_1,1,9,3,0,1,,,,,
,34_1,1,9,3,0,1,,,,,
,38_1,1,9,3,0,1,,,,,
,41_1,1,9,3,0,1,,,,,
,45_1,1,9,3,0,1,,,,,
,49_1,1,9,3,0,1,,,,,
,52_1,1,9,3,1,1,,,,,
,57_1,1,9,3,0,1,,,,,
,60_1,1,9,3,0,1,,,,,
,64_1,1,9,3,0,1,,,,,
,68_1,1,9,3,0,1,,,,,
,71_1,1,9,3,0,1,,,,,
,75_1,1,9,3,0,1,,,,,
,78_1,1,9,3,0,1,,,,,
,7_1,1,10,3,0,1,,,,,
,10_1,1,10,3,0,1,,,,,
,14_1,1,10,3,0,1,,,,,
,18_1,1,10,3,0,1,,,,,
,22_1,1,10,3,0,1,,,,,
,23_1,1,10,3,0,1,,,,,
,27_1,1,10,3,0,1,,,,,
,30_1,1,10,3,0,1,,,,,
,34_1,1,10,3,0,1,,,,,
,38_1,1,10,3,0,1,,,,,
,41_1,1,10,3,0,1,,,,,
,45_1,1,10,3,0,1,,,,,
,49_1,1,10,3,0,1,,,,,
,52_1,1,10,3,0,1,,,,,
,57_1,1,10,3,0,1,,,,,
,60_1,1,10,3,0,1,,,,,
,64_1,1,10,3,0,1,,,,,
,68_1,1,10,3,0,1,,,,,
,71_1,1,10,3,0,1,,,,,
,75_1,1,10,3,0,1,,,,,
,78_1,1,10,3,0,1,,,,,
,7_1,1,11,3,0,1,,,,,
,10_1,1,11,3,1,1,,,,,
,14_1,1,11,3,1,1,,,,,
,18_1,1,11,3,1,1,,,,,
,22_1,1,11,3,0,1,,,,,
,23_1,1,11,3,0,1,,,,,
,27_1,1,11,3,0,1,,,,,
,30_1,1,11,3,0,1,,,,,
,34_1,1,11,3,0,1,,,,,
,38_1,1,11,3,0,1,,,,,
,41_1,1,11,3,0,1,,,,,
,45_1,1,11,3,1,1,,,,,
,49_1,1,11,3,0,1,,,,,
,52_1,1,11,3,0,1,,,,,
,57_1,1,11,3,0,1,,,,,
,60_1,1,11,3,0,1,,,,,
,64_1,1,11,3,1,1,,,,,
,68_1,1,11,3,0,1,,,,,
,71_1,1,11,3,0,1,,,,,
,75_1,1,11,3,0,1,,,,,
,78_1,1,11,3,0,1,,,,,
,7_1,1,12,3,0,1,,,,,
,10_1,1,12,3,1,1,,,,,
,14_1,1,12,3,0,1,,,,,
,18_1,1,12,3,1,1,,,,,
,22_1,1,12,3,0,1,,,,,
,23_1,1,12,3,0,1,,,,,
,27_1,1,12,3,1,1,,,,,
,30_1,1,12,3,0,1,,,,,
,34_1,1,12,3,0,1,,,,,
,38_1,1,12,3,0,1,,,,,
,41_1,1,12,3,0,1,,,,,
,45_1,1,12,3,0,1,,,,,
,49_1,1,12,3,0,1,,,,,
,52_1,1,12,3,0,1,,,,,
,57_1,1,12,3,0,1,,,,,
,60_1,1,12,3,0,1,,,,,
,64_1,1,12,3,1,1,,,,,
,68_1,1,12,3,0,1,,,,,
,71_1,1,12,3,0,1,,,,,
,75_1,1,12,3,0,1,,,,,
,78_1,1,12,3,0,1,,,,,
,2_2,2,1,3,0,1,,,,,
,5_2,2,1,3,0,1,,,,,
,9_2,2,1,3,0,1,,,,,
,13_2,2,1,3,0,1,,,,,
,17_2,2,1,3,0,1,,,,,
,21_2,2,1,3,0,1,,,,,
,26_2,2,1,3,0,1,,,,,
,33_2,2,1,3,0,1,,,,,
,37_2,2,1,3,0,1,,,,,
,40_2,2,1,3,0,1,,,,,
,44_2,2,1,3,0,1,,,,,
,48_2,2,1,3,0,1,,,,,
,51_2,2,1,3,0,1,,,,,
,55_2,2,1,3,0,1,,,,,
,56_2,2,1,3,0,1,,,,,
,63_2,2,1,3,0,1,,,,,
,67_2,2,1,3,0,1,,,,,
,70_2,2,1,3,0,1,,,,,
,74_2,2,1,3,0,1,,,,,
,2_2,2,2,3,0,1,,,,,
,5_2,2,2,3,0,1,,,,,
,9_2,2,2,3,0,1,,,,,
,13_2,2,2,3,0,1,,,,,
,17_2,2,2,3,0,1,,,,,
,21_2,2,2,3,0,1,,,,,
,26_2,2,2,3,0,1,,,,,
,33_2,2,2,3,0,1,,,,,
,37_2,2,2,3,0,1,,,,,
,40_2,2,2,3,0,1,,,,,
,44_2,2,2,3,0,1,,,,,
,48_2,2,2,3,0,1,,,,,
,51_2,2,2,3,0,1,,,,,
,55_2,2,2,3,0,1,,,,,
,56_2,2,2,3,1,1,,,,,
,63_2,2,2,3,0,1,,,,,
,67_2,2,2,3,0,1,,,,,
,70_2,2,2,3,0,1,,,,,
,74_2,2,2,3,0,1,,,,,
,2_2,2,3,3,0,1,,,,,
,5_2,2,3,3,0,1,,,,,
,9_2,2,3,3,0,1,,,,,
,13_2,2,3,3,0,1,,,,,
,17_2,2,3,3,0,1,,,,,
,21_2,2,3,3,0,1,,,,,
,26_2,2,3,3,0,1,,,,,
,33_2,2,3,3,0,1,,,,,
,37_2,2,3,3,0,1,,,,,
,40_2,2,3,3,0,1,,,,,
,44_2,2,3,3,0,1,,,,,
,48_2,2,3,3,0,1,,,,,
,51_2,2,3,3,0,1,,,,,
,55_2,2,3,3,0,1,,,,,
,56_2,2,3,3,0,1,,,,,
,63_2,2,3,3,0,1,,,,,
,67_2,2,3,3,0,1,,,,,
,70_2,2,3,3,0,1,,,,,
,74_2,2,3,3,0,1,,,,,
,2_2,2,4,3,0,1,,,,,
,5_2,2,4,3,0,1,,,,,
,9_2,2,4,3,0,1,,,,,
,13_2,2,4,3,0,1,,,,,
,17_2,2,4,3,0,1,,,,,
,21_2,2,4,3,1,1,,,,,
,26_2,2,4,3,1,1,,,,,
,33_2,2,4,3,0,1,,,,,
,37_2,2,4,3,1,1,,,,,
,40_2,2,4,3,0,1,,,,,
,44_2,2,4,3,0,1,,,,,
,48_2,2,4,3,0,1,,,,,
,51_2,2,4,3,0,1,,,,,
,55_2,2,4,3,0,1,,,,,
,56_2,2,4,3,0,1,,,,,
,63_2,2,4,3,0,1,,,,,
,67_2,2,4,3,0,1,,,,,
,70_2,2,4,3,0,1,,,,,
,74_2,2,4,3,0,1,,,,,
,2_2,2,5,3,0,1,,,,,
,5_2,2,5,3,0,1,,,,,
,9_2,2,5,3,0,1,,,,,
,13_2,2,5,3,1,1,,,,,
,17_2,2,5,3,0,1,,,,,
,21_2,2,5,3,1,1,,,,,
,26_2,2,5,3,0,1,,,,,
,33_2,2,5,3,0,1,,,,,
,37_2,2,5,3,0,1,,,,,
,40_2,2,5,3,0,1,,,,,
,44_2,2,5,3,0,1,,,,,
,48_2,2,5,3,0,1,,,,,
,51_2,2,5,3,0,1,,,,,
,55_2,2,5,3,0,1,,,,,
,56_2,2,5,3,0,1,,,,,
,63_2,2,5,3,0,1,,,,,
,67_2,2,5,3,0,1,,,,,
,70_2,2,5,3,0,1,,,,,
,74_2,2,5,3,0,1,,,,,
,2_2,2,6,3,1,1,,,,,
,5_2,2,6,3,0,1,,,,,
,9_2,2,6,3,0,1,,,,,
,13_2,2,6,3,0,1,,,,,
,17_2,2,6,3,0,1,,,,,
,21_2,2,6,3,1,1,,,,,
,26_2,2,6,3,0,1,,,,,
,33_2,2,6,3,0,1,,,,,
,37_2,2,6,3,0,1,,,,,
,40_2,2,6,3,0,1,,,,,
,44_2,2,6,3,0,1,,,,,
,48_2,2,6,3,0,1,,,,,
,51_2,2,6,3,0,1,,,,,
,55_2,2,6,3,0,1,,,,,
,56_2,2,6,3,0,1,,,,,
,63_2,2,6,3,0,1,,,,,
,67_2,2,6,3,0,1,,,,,
,70_2,2,6,3,0,1,,,,,
,74_2,2,6,3,0,1,,,,,
,2_2,2,7,3,0,1,,,,,
,5_2,2,7,3,0,1,,,,,
,9_2,2,7,3,0,1,,,,,
,13_2,2,7,3,0,1,,,,,
,17_2,2,7,3,0,1,,,,,
,21_2,2,7,3,0,1,,,,,
,26_2,2,7,3,0,1,,,,,
,33_2,2,7,3,0,1,,,,,
,37_2,2,7,3,0,1,,,,,
,40_2,2,7,3,0,1,,,,,
,44_2,2,7,3,0,1,,,,,
,48_2,2,7,3,0,1,,,,,
,51_2,2,7,3,0,1,,,,,
,55_2,2,7,3,0,1,,,,,
,56_2,2,7,3,0,1,,,,,
,63_2,2,7,3,0,1,,,,,
,67_2,2,7,3,0,1,,,,,
,70_2,2,7,3,0,1,,,,,
,74_2,2,7,3,0,1,,,,,
,2_2,2,8,3,0,1,,,,,
,5_2,2,8,3,0,1,,,,,
,9_2,2,8,3,0,1,,,,,
,13_2,2,8,3,1,1,,,,,
,17_2,2,8,3,0,1,,,,,
,21_2,2,8,3,0,1,,,,,
,26_2,2,8,3,0,1,,,,,
,33_2,2,8,3,0,1,,,,,
,37_2,2,8,3,0,1,,,,,
,40_2,2,8,3,0,1,,,,,
,44_2,2,8,3,0,1,,,,,
,48_2,2,8,3,0,1,,,,,
,51_2,2,8,3,0,1,,,,,
,55_2,2,8,3,0,1,,,,,
,56_2,2,8,3,0,1,,,,,
,63_2,2,8,3,0,1,,,,,
,67_2,2,8,3,0,1,,,,,
,70_2,2,8,3,0,1,,,,,
,74_2,2,8,3,0,1,,,,,
,2_2,2,9,3,0,1,,,,,
,5_2,2,9,3,0,1,,,,,
,9_2,2,9,3,0,1,,,,,
,13_2,2,9,3,0,1,,,,,
,17_2,2,9,3,0,1,,,,,
,21_2,2,9,3,0,1,,,,,
,26_2,2,9,3,0,1,,,,,
,33_2,2,9,3,0,1,,,,,
,37_2,2,9,3,0,1,,,,,
,40_2,2,9,3,0,1,,,,,
,44_2,2,9,3,0,1,,,,,
,48_2,2,9,3,0,1,,,,,
,51_2,2,9,3,0,1,,,,,
,55_2,2,9,3,1,1,,,,,
,56_2,2,9,3,0,1,,,,,
,63_2,2,9,3,0,1,,,,,
,67_2,2,9,3,0,1,,,,,
,70_2,2,9,3,0,1,,,,,
,74_2,2,9,3,0,1,,,,,
,2_2,2,10,3,0,1,,,,,
,5_2,2,10,3,0,1,,,,,
,9_2,2,10,3,0,1,,,,,
,13_2,2,10,3,1,1,,,,,
,17_2,2,10,3,0,1,,,,,
,21_2,2,10,3,0,1,,,,,
,26_2,2,10,3,0,1,,,,,
,33_2,2,10,3,0,1,,,,,
,37_2,2,10,3,0,1,,,,,
,40_2,2,10,3,0,1,,,,,
,44_2,2,10,3,0,1,,,,,
,48_2,2,10,3,0,1,,,,,
,51_2,2,10,3,0,1,,,,,
,55_2,2,10,3,1,1,,,,,
,56_2,2,10,3,0,1,,,,,
,63_2,2,10,3,0,1,,,,,
,67_2,2,10,3,0,1,,,,,
,70_2,2,10,3,0,1,,,,,
,74_2,2,10,3,0,1,,,,,
,2_2,2,11,3,1,1,,,,,
,5_2,2,11,3,0,1,,,,,
,9_2,2,11,3,0,1,,,,,
,13_2,2,11,3,0,1,,,,,
,17_2,2,11,3,0,1,,,,,
,21_2,2,11,3,0,1,,,,,
,26_2,2,11,3,0,1,,,,,
,33_2,2,11,3,1,1,,,,,
,37_2,2,11,3,0,1,,,,,
,40_2,2,11,3,0,1,,,,,
,44_2,2,11,3,0,1,,,,,
,48_2,2,11,3,0,1,,,,,
,51_2,2,11,3,0,1,,,,,
,55_2,2,11,3,1,1,,,,,
,56_2,2,11,3,0,1,,,,,
,63_2,2,11,3,0,1,,,,,
,67_2,2,11,3,0,1,,,,,
,70_2,2,11,3,0,1,,,,,
,74_2,2,11,3,0,1,,,,,
,2_2,2,12,3,0,1,,,,,
,5_2,2,12,3,0,1,,,,,
,9_2,2,12,3,0,1,,,,,
,13_2,2,12,3,0,1,,,,,
,17_2,2,12,3,0,1,,,,,
,21_2,2,12,3,0,1,,,,,
,26_2,2,12,3,0,1,,,,,
,33_2,2,12,3,0,1,,,,,
,37_2,2,12,3,0,1,,,,,
,40_2,2,12,3,0,1,,,,,
,44_2,2,12,3,0,1,,,,,
,48_2,2,12,3,0,1,,,,,
,51_2,2,12,3,0,1,,,,,
,55_2,2,12,3,1,1,,,,,
,56_2,2,12,3,0,1,,,,,
,63_2,2,12,3,0,1,,,,,
,67_2,2,12,3,0,1,,,,,
,70_2,2,12,3,0,1,,,,,
,74_2,2,12,3,0,1,,,,,
,3_3,3,1,3,0,1,,,,,
,6_3,3,1,3,0,1,,,,,
,8_3,3,1,3,0,1,,,,,
,12_3,3,1,3,0,1,,,,,
,16_3,3,1,3,0,1,,,,,
,20_3,3,1,3,0,1,,,,,
,25_3,3,1,3,0,1,,,,,
,29_3,3,1,3,0,1,,,,,
,32_3,3,1,3,0,1,,,,,
,36_3,3,1,3,0,1,,,,,
,43_3,3,1,3,0,1,,,,,
,47_3,3,1,3,0,1,,,,,
,50_3,3,1,3,0,1,,,,,
,54_3,3,1,3,0,1,,,,,
,59_3,3,1,3,0,1,,,,,
,62_3,3,1,3,1,1,,,,,
,66_3,3,1,3,0,1,,,,,
,73_3,3,1,3,1,1,,,,,
,3_3,3,2,3,0,1,,,,,
,6_3,3,2,3,0,1,,,,,
,8_3,3,2,3,0,1,,,,,
,12_3,3,2,3,0,1,,,,,
,16_3,3,2,3,0,1,,,,,
,20_3,3,2,3,0,1,,,,,
,25_3,3,2,3,0,1,,,,,
,29_3,3,2,3,0,1,,,,,
,32_3,3,2,3,0,1,,,,,
,36_3,3,2,3,0,1,,,,,
,43_3,3,2,3,0,1,,,,,
,47_3,3,2,3,0,1,,,,,
,50_3,3,2,3,0,1,,,,,
,54_3,3,2,3,0,1,,,,,
,59_3,3,2,3,0,1,,,,,
,62_3,3,2,3,0,1,,,,,
,66_3,3,2,3,0,1,,,,,
,73_3,3,2,3,1,1,,,,,
,3_3,3,3,3,0,1,,,,,
,6_3,3,3,3,1,1,,,,,
,8_3,3,3,3,0,1,,,,,
,12_3,3,3,3,0,1,,,,,
,16_3,3,3,3,0,1,,,,,
,20_3,3,3,3,0,1,,,,,
,25_3,3,3,3,0,1,,,,,
,29_3,3,3,3,0,1,,,,,
,32_3,3,3,3,0,1,,,,,
,36_3,3,3,3,0,1,,,,,
,43_3,3,3,3,0,1,,,,,
,47_3,3,3,3,0,1,,,,,
,50_3,3,3,3,0,1,,,,,
,54_3,3,3,3,0,1,,,,,
,59_3,3,3,3,0,1,,,,,
,62_3,3,3,3,0,1,,,,,
,66_3,3,3,3,0,1,,,,,
,73_3,3,3,3,1,1,,,,,
,3_3,3,4,3,0,1,,,,,
,6_3,3,4,3,1,1,,,,,
,8_3,3,4,3,0,1,,,,,
,12_3,3,4,3,0,1,,,,,
,16_3,3,4,3,0,1,,,,,
,20_3,3,4,3,0,1,,,,,
,25_3,3,4,3,0,1,,,,,
,29_3,3,4,3,0,1,,,,,
,32_3,3,4,3,0,1,,,,,
,36_3,3,4,3,0,1,,,,,
,43_3,3,4,3,0,1,,,,,
,47_3,3,4,3,0,1,,,,,
,50_3,3,4,3,0,1,,,,,
,54_3,3,4,3,0,1,,,,,
,59_3,3,4,3,0,1,,,,,
,62_3,3,4,3,0,1,,,,,
,66_3,3,4,3,0,1,,,,,
,73_3,3,4,3,1,1,,,,,
,3_3,3,5,3,0,1,,,,,
,6_3,3,5,3,0,1,,,,,
,8_3,3,5,3,0,1,,,,,
,12_3,3,5,3,0,1,,,,,
,16_3,3,5,3,0,1,,,,,
,20_3,3,5,3,0,1,,,,,
,25_3,3,5,3,0,1,,,,,
,29_3,3,5,3,0,1,,,,,
,32_3,3,5,3,0,1,,,,,
,36_3,3,5,3,0,1,,,,,
,43_3,3,5,3,0,1,,,,,
,47_3,3,5,3,0,1,,,,,
,50_3,3,5,3,0,1,,,,,
,54_3,3,5,3,0,1,,,,,
,59_3,3,5,3,0,1,,,,,
,62_3,3,5,3,0,1,,,,,
,66_3,3,5,3,0,1,,,,,
,73_3,3,5,3,1,1,,,,,
,3_3,3,6,3,0,1,,,,,
,6_3,3,6,3,0,1,,,,,
,8_3,3,6,3,0,1,,,,,
,12_3,3,6,3,0,1,,,,,
,16_3,3,6,3,0,1,,,,,
,20_3,3,6,3,0,1,,,,,
,25_3,3,6,3,0,1,,,,,
,29_3,3,6,3,0,1,,,,,
,32_3,3,6,3,0,1,,,,,
,36_3,3,6,3,0,1,,,,,
,43_3,3,6,3,0,1,,,,,
,47_3,3,6,3,0,1,,,,,
,50_3,3,6,3,0,1,,,,,
,54_3,3,6,3,0,1,,,,,
,59_3,3,6,3,0,1,,,,,
,62_3,3,6,3,0,1,,,,,
,66_3,3,6,3,0,1,,,,,
,73_3,3,6,3,1,1,,,,,
,3_3,3,7,3,0,1,,,,,
,6_3,3,7,3,0,1,,,,,
,8_3,3,7,3,0,1,,,,,
,12_3,3,7,3,0,1,,,,,
,16_3,3,7,3,0,1,,,,,
,20_3,3,7,3,0,1,,,,,
,25_3,3,7,3,0,1,,,,,
,29_3,3,7,3,0,1,,,,,
,32_3,3,7,3,0,1,,,,,
,36_3,3,7,3,0,1,,,,,
,43_3,3,7,3,0,1,,,,,
,47_3,3,7,3,0,1,,,,,
,50_3,3,7,3,0,1,,,,,
,54_3,3,7,3,1,1,,,,,
,59_3,3,7,3,0,1,,,,,
,62_3,3,7,3,0,1,,,,,
,66_3,3,7,3,0,1,,,,,
,73_3,3,7,3,1,1,,,,,
,3_3,3,8,3,0,1,,,,,
,6_3,3,8,3,0,1,,,,,
,8_3,3,8,3,0,1,,,,,
,12_3,3,8,3,0,1,,,,,
,16_3,3,8,3,0,1,,,,,
,20_3,3,8,3,0,1,,,,,
,25_3,3,8,3,0,1,,,,,
,29_3,3,8,3,0,1,,,,,
,32_3,3,8,3,0,1,,,,,
,36_3,3,8,3,0,1,,,,,
,43_3,3,8,3,1,1,,,,,
,47_3,3,8,3,0,1,,,,,
,50_3,3,8,3,0,1,,,,,
,54_3,3,8,3,0,1,,,,,
,59_3,3,8,3,0,1,,,,,
,62_3,3,8,3,0,1,,,,,
,66_3,3,8,3,0,1,,,,,
,73_3,3,8,3,1,1,,,,,
,3_3,3,9,3,0,1,,,,,
,6_3,3,9,3,0,1,,,,,
,8_3,3,9,3,0,1,,,,,
,12_3,3,9,3,0,1,,,,,
,16_3,3,9,3,0,1,,,,,
,20_3,3,9,3,0,1,,,,,
,25_3,3,9,3,0,1,,,,,
,29_3,3,9,3,0,1,,,,,
,32_3,3,9,3,0,1,,,,,
,36_3,3,9,3,0,1,,,,,
,43_3,3,9,3,0,1,,,,,
,47_3,3,9,3,0,1,,,,,
,50_3,3,9,3,0,1,,,,,
,54_3,3,9,3,0,1,,,,,
,59_3,3,9,3,0,1,,,,,
,62_3,3,9,3,0,1,,,,,
,66_3,3,9,3,0,1,,,,,
,73_3,3,9,3,1,1,,,,,
,3_3,3,10,3,0,1,,,,,
,6_3,3,10,3,0,1,,,,,
,8_3,3,10,3,1,1,,,,,
,12_3,3,10,3,0,1,,,,,
,16_3,3,10,3,0,1,,,,,
,20_3,3,10,3,0,1,,,,,
,25_3,3,10,3,0,1,,,,,
,29_3,3,10,3,0,1,,,,,
,32_3,3,10,3,0,1,,,,,
,36_3,3,10,3,0,1,,,,,
,43_3,3,10,3,0,1,,,,,
,47_3,3,10,3,0,1,,,,,
,50_3,3,10,3,0,1,,,,,
,54_3,3,10,3,0,1,,,,,
,59_3,3,10,3,0,1,,,,,
,62_3,3,10,3,1,1,,,,,
,66_3,3,10,3,0,1,,,,,
,73_3,3,10,3,1,1,,,,,
,3_3,3,11,3,0,1,,,,,
,6_3,3,11,3,1,1,,,,,
,8_3,3,11,3,0,1,,,,,
,12_3,3,11,3,1,1,,,,,
,16_3,3,11,3,0,1,,,,,
,20_3,3,11,3,0,1,,,,,
,25_3,3,11,3,0,1,,,,,
,29_3,3,11,3,0,1,,,,,
,32_3,3,11,3,0,1,,,,,
,36_3,3,11,3,0,1,,,,,
,43_3,3,11,3,0,1,,,,,
,47_3,3,11,3,0,1,,,,,
,50_3,3,11,3,0,1,,,,,
,54_3,3,11,3,0,1,,,,,
,59_3,3,11,3,0,1,,,,,
,62_3,3,11,3,0,1,,,,,
,66_3,3,11,3,0,1,,,,,
,73_3,3,11,3,1,1,,,,,
,3_3,3,12,3,0,1,,,,,
,6_3,3,12,3,0,1,,,,,
,8_3,3,12,3,0,1,,,,,
,12_3,3,12,3,0,1,,,,,
,16_3,3,12,3,0,1,,,,,
,20_3,3,12,3,0,1,,,,,
,25_3,3,12,3,0,1,,,,,
,29_3,3,12,3,0,1,,,,,
,32_3,3,12,3,0,1,,,,,
,36_3,3,12,3,0,1,,,,,
,43_3,3,12,3,0,1,,,,,
,47_3,3,12,3,0,1,,,,,
,50_3,3,12,3,0,1,,,,,
,54_3,3,12,3,0,1,,,,,
,59_3,3,12,3,0,1,,,,,
,62_3,3,12,3,0,1,,,,,
,66_3,3,12,3,0,1,,,,,
,73_3,3,12,3,1,1,,,,,
,1_4,4,1,3,0,1,,,,,
,4_4,4,1,3,0,1,,,,,
,11_4,4,1,3,0,1,,,,,
,15_4,4,1,3,0,1,,,,,
,19_4,4,1,3,0,1,,,,,
,24_4,4,1,3,0,1,,,,,
,28_4,4,1,3,0,1,,,,,
,31_4,4,1,3,0,1,,,,,
,35_4,4,1,3,0,1,,,,,
,39_4,4,1,3,0,1,,,,,
,42_4,4,1,3,0,1,,,,,
,46_4,4,1,3,0,1,,,,,
,53_4,4,1,3,0,1,,,,,
,58_4,4,1,3,0,1,,,,,
,61_4,4,1,3,0,1,,,,,
,65_4,4,1,3,1,1,,,,,
,69_4,4,1,3,0,1,,,,,
,72_4,4,1,3,0,1,,,,,
,76_4,4,1,3,0,1,,,,,
,1_4,4,2,3,0,1,,,,,
,4_4,4,2,3,0,1,,,,,
,11_4,4,2,3,0,1,,,,,
,15_4,4,2,3,0,1,,,,,
,19_4,4,2,3,0,1,,,,,
,24_4,4,2,3,0,1,,,,,
,28_4,4,2,3,1,1,,,,,
,31_4,4,2,3,0,1,,,,,
,35_4,4,2,3,0,1,,,,,
,39_4,4,2,3,0,1,,,,,
,42_4,4,2,3,0,1,,,,,
,46_4,4,2,3,0,1,,,,,
,53_4,4,2,3,0,1,,,,,
,58_4,4,2,3,0,1,,,,,
,61_4,4,2,3,0,1,,,,,
,65_4,4,2,3,0,1,,,,,
,69_4,4,2,3,0,1,,,,,
,72_4,4,2,3,0,1,,,,,
,76_4,4,2,3,0,1,,,,,
,1_4,4,3,3,0,1,,,,,
,4_4,4,3,3,0,1,,,,,
,11_4,4,3,3,0,1,,,,,
,15_4,4,3,3,0,1,,,,,
,19_4,4,3,3,0,1,,,,,
,24_4,4,3,3,0,1,,,,,
,28_4,4,3,3,0,1,,,,,
,31_4,4,3,3,0,1,,,,,
,35_4,4,3,3,0,1,,,,,
,39_4,4,3,3,0,1,,,,,
,42_4,4,3,3,0,1,,,,,
,46_4,4,3,3,0,1,,,,,
,53_4,4,3,3,0,1,,,,,
,58_4,4,3,3,0,1,,,,,
,61_4,4,3,3,0,1,,,,,
,65_4,4,3,3,0,1,,,,,
,69_4,4,3,3,0,1,,,,,
,72_4,4,3,3,0,1,,,,,
,76_4,4,3,3,0,1,,,,,
,1_4,4,4,3,0,1,,,,,
,4_4,4,4,3,0,1,,,,,
,11_4,4,4,3,0,1,,,,,
,15_4,4,4,3,0,1,,,,,
,19_4,4,4,3,0,1,,,,,
,24_4,4,4,3,0,1,,,,,
,28_4,4,4,3,0,1,,,,,
,31_4,4,4,3,0,1,,,,,
,35_4,4,4,3,0,1,,,,,
,39_4,4,4,3,0,1,,,,,
,42_4,4,4,3,0,1,,,,,
,46_4,4,4,3,0,1,,,,,
,53_4,4,4,3,0,1,,,,,
,58_4,4,4,3,0,1,,,,,
,61_4,4,4,3,0,1,,,,,
,65_4,4,4,3,0,1,,,,,
,69_4,4,4,3,0,1,,,,,
,72_4,4,4,3,0,1,,,,,
,76_4,4,4,3,0,1,,,,,
,1_4,4,5,3,0,1,,,,,
,4_4,4,5,3,0,1,,,,,
,11_4,4,5,3,0,1,,,,,
,15_4,4,5,3,0,1,,,,,
,19_4,4,5,3,0,1,,,,,
,24_4,4,5,3,0,1,,,,,
,28_4,4,5,3,0,1,,,,,
,31_4,4,5,3,1,1,,,,,
,35_4,4,5,3,0,1,,,,,
,39_4,4,5,3,0,1,,,,,
,42_4,4,5,3,0,1,,,,,
,46_4,4,5,3,0,1,,,,,
,53_4,4,5,3,1,1,,,,,
,58_4,4,5,3,0,1,,,,,
,61_4,4,5,3,0,1,,,,,
,65_4,4,5,3,0,1,,,,,
,69_4,4,5,3,0,1,,,,,
,72_4,4,5,3,0,1,,,,,
,76_4,4,5,3,0,1,,,,,
,1_4,4,6,3,0,1,,,,,
,4_4,4,6,3,0,1,,,,,
,11_4,4,6,3,0,1,,,,,
,15_4,4,6,3,0,1,,,,,
,19_4,4,6,3,0,1,,,,,
,24_4,4,6,3,0,1,,,,,
,28_4,4,6,3,0,1,,,,,
,31_4,4,6,3,0,1,,,,,
,35_4,4,6,3,0,1,,,,,
,39_4,4,6,3,0,1,,,,,
,42_4,4,6,3,0,1,,,,,
,46_4,4,6,3,0,1,,,,,
,53_4,4,6,3,0,1,,,,,
,58_4,4,6,3,0,1,,,,,
,61_4,4,6,3,0,1,,,,,
,65_4,4,6,3,0,1,,,,,
,69_4,4,6,3,0,1,,,,,
,72_4,4,6,3,0,1,,,,,
,76_4,4,6,3,0,1,,,,,
,1_4,4,7,3,0,1,,,,,
,4_4,4,7,3,0,1,,,,,
,11_4,4,7,3,0,1,,,,,
,15_4,4,7,3,0,1,,,,,
,19_4,4,7,3,0,1,,,,,
,24_4,4,7,3,0,1,,,,,
,28_4,4,7,3,0,1,,,,,
,31_4,4,7,3,0,1,,,,,
,35_4,4,7,3,0,1,,,,,
,39_4,4,7,3,0,1,,,,,
,42_4,4,7,3,0,1,,,,,
,46_4,4,7,3,0,1,,,,,
,53_4,4,7,3,0,1,,,,,
,58_4,4,7,3,0,1,,,,,
,61_4,4,7,3,0,1,,,,,
,65_4,4,7,3,0,1,,,,,
,69_4,4,7,3,0,1,,,,,
,72_4,4,7,3,0,1,,,,,
,76_4,4,7,3,0,1,,,,,
,1_4,4,8,3,0,1,,,,,
,4_4,4,8,3,0,1,,,,,
,11_4,4,8,3,0,1,,,,,
,15_4,4,8,3,0,1,,,,,
,19_4,4,8,3,0,1,,,,,
,24_4,4,8,3,0,1,,,,,
,28_4,4,8,3,0,1,,,,,
,31_4,4,8,3,0,1,,,,,
,35_4,4,8,3,0,1,,,,,
,39_4,4,8,3,0,1,,,,,
,42_4,4,8,3,0,1,,,,,
,46_4,4,8,3,0,1,,,,,
,53_4,4,8,3,0,1,,,,,
,58_4,4,8,3,0,1,,,,,
,61_4,4,8,3,0,1,,,,,
,65_4,4,8,3,0,1,,,,,
,69_4,4,8,3,0,1,,,,,
,72_4,4,8,3,0,1,,,,,
,76_4,4,8,3,0,1,,,,,
,1_4,4,9,3,0,1,,,,,
,4_4,4,9,3,0,1,,,,,
,11_4,4,9,3,1,1,,,,,
,15_4,4,9,3,0,1,,,,,
,19_4,4,9,3,0,1,,,,,
,24_4,4,9,3,0,1,,,,,
,28_4,4,9,3,0,1,,,,,
,31_4,4,9,3,0,1,,,,,
,35_4,4,9,3,0,1,,,,,
,39_4,4,9,3,0,1,,,,,
,42_4,4,9,3,0,1,,,,,
,46_4,4,9,3,0,1,,,,,
,53_4,4,9,3,1,1,,,,,
,58_4,4,9,3,0,1,,,,,
,61_4,4,9,3,0,1,,,,,
,65_4,4,9,3,0,1,,,,,
,69_4,4,9,3,0,1,,,,,
,72_4,4,9,3,0,1,,,,,
,76_4,4,9,3,1,1,,,,,
,1_4,4,10,3,0,1,,,,,
,4_4,4,10,3,0,1,,,,,
,11_4,4,10,3,0,1,,,,,
,15_4,4,10,3,0,1,,,,,
,19_4,4,10,3,0,1,,,,,
,24_4,4,10,3,0,1,,,,,
,28_4,4,10,3,0,1,,,,,
,31_4,4,10,3,0,1,,,,,
,35_4,4,10,3,0,1,,,,,
,39_4,4,10,3,0,1,,,,,
,42_4,4,10,3,0,1,,,,,
,46_4,4,10,3,0,1,,,,,
,53_4,4,10,3,1,1,,,,,
,58_4,4,10,3,0,1,,,,,
,61_4,4,10,3,0,1,,,,,
,65_4,4,10,3,0,1,,,,,
,69_4,4,10,3,0,1,,,,,
,72_4,4,10,3,0,1,,,,,
,76_4,4,10,3,0,1,,,,,
,1_4,4,11,3,0,1,,,,,
,4_4,4,11,3,0,1,,,,,
,11_4,4,11,3,1,1,,,,,
,15_4,4,11,3,0,1,,,,,
,19_4,4,11,3,0,1,,,,,
,24_4,4,11,3,0,1,,,,,
,28_4,4,11,3,0,1,,,,,
,31_4,4,11,3,0,1,,,,,
,35_4,4,11,3,0,1,,,,,
,39_4,4,11,3,0,1,,,,,
,42_4,4,11,3,0,1,,,,,
,46_4,4,11,3,0,1,,,,,
,53_4,4,11,3,1,1,,,,,
,58_4,4,11,3,0,1,,,,,
,61_4,4,11,3,0,1,,,,,
,65_4,4,11,3,0,1,,,,,
,69_4,4,11,3,0,1,,,,,
,72_4,4,11,3,0,1,,,,,
,76_4,4,11,3,0,1,,,,,
,1_4,4,12,3,0,1,,,,,
,4_4,4,12,3,0,1,,,,,
,11_4,4,12,3,1,1,,,,,
,15_4,4,12,3,0,1,,,,,
,19_4,4,12,3,0,1,,,,,
,24_4,4,12,3,0,1,,,,,
,28_4,4,12,3,0,1,,,,,
,31_4,4,12,3,0,1,,,,,
,35_4,4,12,3,0,1,,,,,
,39_4,4,12,3,0,1,,,,,
,42_4,4,12,3,0,1,,,,,
,46_4,4,12,3,0,1,,,,,
,53_4,4,12,3,1,1,,,,,
,58_4,4,12,3,0,1,,,,,
,61_4,4,12,3,0,1,,,,,
,65_4,4,12,3,0,1,,,,,
,69_4,4,12,3,0,1,,,,,
,72_4,4,12,3,0,1,,,,,
,76_4,4,12,3,1,1,,,,,
,7_5,5,1,3,0,1,,,,,
,10_5,5,1,3,0,1,,,,,
,14_5,5,1,3,0,1,,,,,
,18_5,5,1,3,0,1,,,,,
,23_5,5,1,3,0,1,,,,,
,27_5,5,1,3,0,1,,,,,
,30_5,5,1,3,0,1,,,,,
,34_5,5,1,3,0,1,,,,,
,38_5,5,1,3,0,1,,,,,
,41_5,5,1,3,0,1,,,,,
,45_5,5,1,3,0,1,,,,,
,49_5,5,1,3,0,1,,,,,
,52_5,5,1,3,0,1,,,,,
,57_5,5,1,3,0,1,,,,,
,60_5,5,1,3,1,1,,,,,
,64_5,5,1,3,0,1,,,,,
,68_5,5,1,3,0,1,,,,,
,71_5,5,1,3,0,1,,,,,
,75_5,5,1,3,0,1,,,,,
,7_5,5,2,3,1,1,,,,,
,10_5,5,2,3,0,1,,,,,
,14_5,5,2,3,0,1,,,,,
,18_5,5,2,3,1,1,,,,,
,23_5,5,2,3,0,1,,,,,
,27_5,5,2,3,0,1,,,,,
,30_5,5,2,3,0,1,,,,,
,34_5,5,2,3,0,1,,,,,
,38_5,5,2,3,0,1,,,,,
,41_5,5,2,3,0,1,,,,,
,45_5,5,2,3,0,1,,,,,
,49_5,5,2,3,0,1,,,,,
,52_5,5,2,3,0,1,,,,,
,57_5,5,2,3,0,1,,,,,
,60_5,5,2,3,1,1,,,,,
,64_5,5,2,3,0,1,,,,,
,68_5,5,2,3,0,1,,,,,
,71_5,5,2,3,0,1,,,,,
,75_5,5,2,3,0,1,,,,,
,7_5,5,3,3,1,1,,,,,
,10_5,5,3,3,0,1,,,,,
,14_5,5,3,3,0,1,,,,,
,18_5,5,3,3,0,1,,,,,
,23_5,5,3,3,0,1,,,,,
,27_5,5,3,3,0,1,,,,,
,30_5,5,3,3,0,1,,,,,
,34_5,5,3,3,0,1,,,,,
,38_5,5,3,3,0,1,,,,,
,41_5,5,3,3,0,1,,,,,
,45_5,5,3,3,0,1,,,,,
,49_5,5,3,3,0,1,,,,,
,52_5,5,3,3,0,1,,,,,
,57_5,5,3,3,0,1,,,,,
,60_5,5,3,3,1,1,,,,,
,64_5,5,3,3,0,1,,,,,
,68_5,5,3,3,0,1,,,,,
,71_5,5,3,3,0,1,,,,,
,75_5,5,3,3,0,1,,,,,
,7_5,5,4,3,0,1,,,,,
,10_5,5,4,3,1,1,,,,,
,14_5,5,4,3,0,1,,,,,
,18_5,5,4,3,0,1,,,,,
,23_5,5,4,3,0,1,,,,,
,27_5,5,4,3,0,1,,,,,
,30_5,5,4,3,0,1,,,,,
,34_5,5,4,3,0,1,,,,,
,38_5,5,4,3,0,1,,,,,
,41_5,5,4,3,0,1,,,,,
,45_5,5,4,3,0,1,,,,,
,49_5,5,4,3,0,1,,,,,
,52_5,5,4,3,0,1,,,,,
,57_5,5,4,3,0,1,,,,,
,60_5,5,4,3,1,1,,,,,
,64_5,5,4,3,0,1,,,,,
,68_5,5,4,3,0,1,,,,,
,71_5,5,4,3,0,1,,,,,
,75_5,5,4,3,0,1,,,,,
,7_5,5,5,3,0,1,,,,,
,10_5,5,5,3,0,1,,,,,
,14_5,5,5,3,0,1,,,,,
,18_5,5,5,3,0,1,,,,,
,23_5,5,5,3,0,1,,,,,
,27_5,5,5,3,0,1,,,,,
,30_5,5,5,3,0,1,,,,,
,34_5,5,5,3,0,1,,,,,
,38_5,5,5,3,0,1,,,,,
,41_5,5,5,3,0,1,,,,,
,45_5,5,5,3,0,1,,,,,
,49_5,5,5,3,0,1,,,,,
,52_5,5,5,3,0,1,,,,,
,57_5,5,5,3,0,1,,,,,
,60_5,5,5,3,1,1,,,,,
,64_5,5,5,3,0,1,,,,,
,68_5,5,5,3,0,1,,,,,
,71_5,5,5,3,0,1,,,,,
,75_5,5,5,3,0,1,,,,,
,7_5,5,6,3,0,1,,,,,
,10_5,5,6,3,1,1,,,,,
,14_5,5,6,3,0,1,,,,,
,18_5,5,6,3,0,1,,,,,
,23_5,5,6,3,0,1,,,,,
,27_5,5,6,3,0,1,,,,,
,30_5,5,6,3,0,1,,,,,
,34_5,5,6,3,0,1,,,,,
,38_5,5,6,3,1,1,,,,,
,41_5,5,6,3,0,1,,,,,
,45_5,5,6,3,0,1,,,,,
,49_5,5,6,3,0,1,,,,,
,52_5,5,6,3,0,1,,,,,
,57_5,5,6,3,1,1,,,,,
,60_5,5,6,3,1,1,,,,,
,64_5,5,6,3,0,1,,,,,
,68_5,5,6,3,0,1,,,,,
,71_5,5,6,3,0,1,,,,,
,75_5,5,6,3,0,1,,,,,
,7_5,5,7,3,1,1,,,,,
,10_5,5,7,3,0,1,,,,,
,14_5,5,7,3,0,1,,,,,
,18_5,5,7,3,0,1,,,,,
,23_5,5,7,3,0,1,,,,,
,27_5,5,7,3,0,1,,,,,
,30_5,5,7,3,0,1,,,,,
,34_5,5,7,3,0,1,,,,,
,38_5,5,7,3,0,1,,,,,
,41_5,5,7,3,0,1,,,,,
,45_5,5,7,3,0,1,,,,,
,49_5,5,7,3,0,1,,,,,
,52_5,5,7,3,0,1,,,,,
,57_5,5,7,3,0,1,,,,,
,60_5,5,7,3,1,1,,,,,
,64_5,5,7,3,0,1,,,,,
,68_5,5,7,3,0,1,,,,,
,71_5,5,7,3,0,1,,,,,
,75_5,5,7,3,0,1,,,,,
,7_5,5,8,3,0,1,,,,,
,10_5,5,8,3,0,1,,,,,
,14_5,5,8,3,0,1,,,,,
,18_5,5,8,3,0,1,,,,,
,23_5,5,8,3,0,1,,,,,
,27_5,5,8,3,0,1,,,,,
,30_5,5,8,3,0,1,,,,,
,34_5,5,8,3,0,1,,,,,
,38_5,5,8,3,0,1,,,,,
,41_5,5,8,3,0,1,,,,,
,45_5,5,8,3,0,1,,,,,
,49_5,5,8,3,0,1,,,,,
,52_5,5,8,3,0,1,,,,,
,57_5,5,8,3,0,1,,,,,
,60_5,5,8,3,1,1,,,,,
,64_5,5,8,3,0,1,,,,,
,68_5,5,8,3,0,1,,,,,
,71_5,5,8,3,0,1,,,,,
,75_5,5,8,3,0,1,,,,,
,7_5,5,9,3,0,1,,,,,
,10_5,5,9,3,0,1,,,,,
,14_5,5,9,3,0,1,,,,,
,18_5,5,9,3,0,1,,,,,
,23_5,5,9,3,0,1,,,,,
,27_5,5,9,3,0,1,,,,,
,30_5,5,9,3,0,1,,,,,
,34_5,5,9,3,0,1,,,,,
,38_5,5,9,3,0,1,,,,,
,41_5,5,9,3,0,1,,,,,
,45_5,5,9,3,0,1,,,,,
,49_5,5,9,3,0,1,,,,,
,52_5,5,9,3,0,1,,,,,
,57_5,5,9,3,0,1,,,,,
,60_5,5,9,3,1,1,,,,,
,64_5,5,9,3,0,1,,,,,
,68_5,5,9,3,0,1,,,,,
,71_5,5,9,3,0,1,,,,,
,75_5,5,9,3,0,1,,,,,
,7_5,5,10,3,1,1,,,,,
,10_5,5,10,3,0,1,,,,,
,14_5,5,10,3,0,1,,,,,
,18_5,5,10,3,0,1,,,,,
,23_5,5,10,3,0,1,,,,,
,27_5,5,10,3,0,1,,,,,
,30_5,5,10,3,0,1,,,,,
,34_5,5,10,3,0,1,,,,,
,38_5,5,10,3,0,1,,,,,
,41_5,5,10,3,0,1,,,,,
,45_5,5,10,3,0,1,,,,,
,49_5,5,10,3,0,1,,,,,
,52_5,5,10,3,0,1,,,,,
,57_5,5,10,3,0,1,,,,,
,60_5,5,10,3,1,1,,,,,
,64_5,5,10,3,0,1,,,,,
,68_5,5,10,3,0,1,,,,,
,71_5,5,10,3,0,1,,,,,
,75_5,5,10,3,0,1,,,,,
,7_5,5,11,3,1,1,,,,,
,10_5,5,11,3,0,1,,,,,
,14_5,5,11,3,0,1,,,,,
,18_5,5,11,3,0,1,,,,,
,23_5,5,11,3,0,1,,,,,
,27_5,5,11,3,0,1,,,,,
,30_5,5,11,3,0,1,,,,,
,34_5,5,11,3,0,1,,,,,
,38_5,5,11,3,0,1,,,,,
,41_5,5,11,3,0,1,,,,,
,45_5,5,11,3,0,1,,,,,
,49_5,5,11,3,0,1,,,,,
,52_5,5,11,3,0,1,,,,,
,57_5,5,11,3,0,1,,,,,
,60_5,5,11,3,1,1,,,,,
,64_5,5,11,3,0,1,,,,,
,68_5,5,11,3,0,1,,,,,
,71_5,5,11,3,0,1,,,,,
,75_5,5,11,3,0,1,,,,,
,7_5,5,12,3,1,1,,,,,
,10_5,5,12,3,0,1,,,,,
,14_5,5,12,3,0,1,,,,,
,18_5,5,12,3,0,1,,,,,
,23_5,5,12,3,0,1,,,,,
,27_5,5,12,3,0,1,,,,,
,30_5,5,12,3,0,1,,,,,
,34_5,5,12,3,0,1,,,,,
,38_5,5,12,3,0,1,,,,,
,41_5,5,12,3,0,1,,,,,
,45_5,5,12,3,0,1,,,,,
,49_5,5,12,3,0,1,,,,,
,52_5,5,12,3,0,1,,,,,
,57_5,5,12,3,1,1,,,,,
,60_5,5,12,3,1,1,,,,,
,64_5,5,12,3,0,1,,,,,
,68_5,5,12,3,0,1,,,,,
,71_5,5,12,3,0,1,,,,,
,75_5,5,12,3,0,1,,,,,
1,7_1,1,12,2,1,0,Specjalistyczny,Przestrzenie publiczne,Domy jednorodzinne,Partycypacja społeczna,Priorytet gospodarczy
1,10_1,1,12,2,0,0,Specjalistyczny,Przestrzenie publiczne,Domy jednorodzinne,Partycypacja społeczna,Priorytet gospodarczy
1,14_1,1,12,2,0,0,Specjalistyczny,Przestrzenie publiczne,Domy jednorodzinne,Partycypacja społeczna,Priorytet gospodarczy
1,18_1,1,12,2,0,0,Specjalistyczny,Przestrzenie publiczne,Domy jednorodzinne,Partycypacja społeczna,Priorytet gospodarczy
1,22_1,1,12,2,0,0,Specjalistyczny,Przestrzenie publiczne,Domy jednorodzinne,Partycypacja społeczna,Priorytet gospodarczy
1,23_1,1,12,2,0,0,Specjalistyczny,Przestrzenie publiczne,Domy jednorodzinne,Partycypacja społeczna,Priorytet gospodarczy
1,27_1,1,12,2,0,0,Specjalistyczny,Przestrzenie publiczne,Domy jednorodzinne,Partycypacja społeczna,Priorytet gospodarczy
1,30_1,1,12,2,0,0,Specjalistyczny,Przestrzenie publiczne,Domy jednorodzinne,Partycypacja społeczna,Priorytet gospodarczy
1,34_1,1,12,2,0,0,Specjalistyczny,Przestrzenie publiczne,Domy jednorodzinne,Partycypacja społeczna,Priorytet gospodarczy
1,38_1,1,12,2,1,0,Specjalistyczny,Przestrzenie publiczne,Domy jednorodzinne,Partycypacja społeczna,Priorytet gospodarczy
1,41_1,1,12,2,0,0,Specjalistyczny,Przestrzenie publiczne,Domy jednorodzinne,Partycypacja społeczna,Priorytet gospodarczy
1,45_1,1,12,2,1,0,Specjalistyczny,Przestrzenie publiczne,Domy jednorodzinne,Partycypacja społeczna,Priorytet gospodarczy
1,49_1,1,12,2,0,0,Specjalistyczny,Przestrzenie publiczne,Domy jednorodzinne,Partycypacja społeczna,Priorytet gospodarczy
1,52_1,1,12,2,0,0,Specjalistyczny,Przestrzenie publiczne,Domy jednorodzinne,Partycypacja społeczna,Priorytet gospodarczy
1,57_1,1,12,2,0,0,Specjalistyczny,Przestrzenie publiczne,Domy jednorodzinne,Partycypacja społeczna,Priorytet gospodarczy
1,60_1,1,12,2,1,0,Specjalistyczny,Przestrzenie publiczne,Domy jednorodzinne,Partycypacja społeczna,Priorytet gospodarczy
1,64_1,1,12,2,0,0,Specjalistyczny,Przestrzenie publiczne,Domy jednorodzinne,Partycypacja społeczna,Priorytet gospodarczy
1,68_1,1,12,2,1,0,Specjalistyczny,Przestrzenie publiczne,Domy jednorodzinne,Partycypacja społeczna,Priorytet gospodarczy
1,71_1,1,12,2,1,0,Specjalistyczny,Przestrzenie publiczne,Domy jednorodzinne,Partycypacja społeczna,Priorytet gospodarczy
1,75_1,1,12,2,0,0,Specjalistyczny,Przestrzenie publiczne,Domy jednorodzinne,Partycypacja społeczna,Priorytet gospodarczy
1,78_1,1,12,2,0,0,Specjalistyczny,Przestrzenie publiczne,Domy jednorodzinne,Partycypacja społeczna,Priorytet gospodarczy
1,2_2,2,12,1,1,0,Specjalistyczny,Przestrzenie publiczne,Domy jednorodzinne,Partycypacja społeczna,Priorytet gospodarczy
1,5_2,2,12,1,1,0,Specjalistyczny,Przestrzenie publiczne,Domy jednorodzinne,Partycypacja społeczna,Priorytet gospodarczy
1,9_2,2,12,1,0,0,Specjalistyczny,Przestrzenie publiczne,Domy jednorodzinne,Partycypacja społeczna,Priorytet gospodarczy
1,13_2,2,12,1,1,0,Specjalistyczny,Przestrzenie publiczne,Domy jednorodzinne,Partycypacja społeczna,Priorytet gospodarczy
1,17_2,2,12,1,1,0,Specjalistyczny,Przestrzenie publiczne,Domy jednorodzinne,Partycypacja społeczna,Priorytet gospodarczy
1,21_2,2,12,1,1,0,Specjalistyczny,Przestrzenie publiczne,Domy jednorodzinne,Partycypacja społeczna,Priorytet gospodarczy
1,26_2,2,12,1,0,0,Specjalistyczny,Przestrzenie publiczne,Domy jednorodzinne,Partycypacja społeczna,Priorytet gospodarczy
1,33_2,2,12,1,0,0,Specjalistyczny,Przestrzenie publiczne,Domy jednorodzinne,Partycypacja społeczna,Priorytet gospodarczy
1,37_2,2,12,1,1,0,Specjalistyczny,Przestrzenie publiczne,Domy jednorodzinne,Partycypacja społeczna,Priorytet gospodarczy
1,40_2,2,12,1,0,0,Specjalistyczny,Przestrzenie publiczne,Domy jednorodzinne,Partycypacja społeczna,Priorytet gospodarczy
1,44_2,2,12,1,0,0,Specjalistyczny,Przestrzenie publiczne,Domy jednorodzinne,Partycypacja społeczna,Priorytet gospodarczy
1,48_2,2,12,1,0,0,Specjalistyczny,Przestrzenie publiczne,Domy jednorodzinne,Partycypacja społeczna,Priorytet gospodarczy
1,51_2,2,12,1,0,0,Specjalistyczny,Przestrzenie publiczne,Domy jednorodzinne,Partycypacja społeczna,Priorytet gospodarczy
1,55_2,2,12,1,0,0,Specjalistyczny,Przestrzenie publiczne,Domy jednorodzinne,Partycypacja społeczna,Priorytet gospodarczy
1,56_2,2,12,1,1,0,Specjalistyczny,Przestrzenie publiczne,Domy jednorodzinne,Partycypacja społeczna,Priorytet gospodarczy
1,63_2,2,12,1,1,0,Specjalistyczny,Przestrzenie publiczne,Domy jednorodzinne,Partycypacja społeczna,Priorytet gospodarczy
1,67_2,2,12,1,1,0,Specjalistyczny,Przestrzenie publiczne,Domy jednorodzinne,Partycypacja społeczna,Priorytet gospodarczy
1,70_2,2,12,1,0,0,Specjalistyczny,Przestrzenie publiczne,Domy jednorodzinne,Partycypacja społeczna,Priorytet gospodarczy
1,74_2,2,12,1,1,0,Specjalistyczny,Przestrzenie publiczne,Domy jednorodzinne,Partycypacja społeczna,Priorytet gospodarczy
1,3_3,3,12,2,0,0,Specjalistyczny,Przestrzenie publiczne,Domy jednorodzinne,Partycypacja społeczna,Priorytet gospodarczy
1,6_3,3,12,2,1,0,Specjalistyczny,Przestrzenie publiczne,Domy jednorodzinne,Partycypacja społeczna,Priorytet gospodarczy
1,8_3,3,12,2,0,0,Specjalistyczny,Przestrzenie publiczne,Domy jednorodzinne,Partycypacja społeczna,Priorytet gospodarczy
1,12_3,3,12,2,0,0,Specjalistyczny,Przestrzenie publiczne,Domy jednorodzinne,Partycypacja społeczna,Priorytet gospodarczy
1,16_3,3,12,2,0,0,Specjalistyczny,Przestrzenie publiczne,Domy jednorodzinne,Partycypacja społeczna,Priorytet gospodarczy
1,20_3,3,12,2,1,0,Specjalistyczny,Przestrzenie publiczne,Domy jednorodzinne,Partycypacja społeczna,Priorytet gospodarczy
1,25_3,3,12,2,1,0,Specjalistyczny,Przestrzenie publiczne,Domy jednorodzinne,Partycypacja społeczna,Priorytet gospodarczy
1,29_3,3,12,2,1,0,Specjalistyczny,Przestrzenie publiczne,Domy jednorodzinne,Partycypacja społeczna,Priorytet gospodarczy
1,32_3,3,12,2,0,0,Specjalistyczny,Przestrzenie publiczne,Domy jednorodzinne,Partycypacja społeczna,Priorytet gospodarczy
1,36_3,3,12,2,0,0,Specjalistyczny,Przestrzenie publiczne,Domy jednorodzinne,Partycypacja społeczna,Priorytet gospodarczy
1,43_3,3,12,2,0,0,Specjalistyczny,Przestrzenie publiczne,Domy jednorodzinne,Partycypacja społeczna,Priorytet gospodarczy
1,47_3,3,12,2,0,0,Specjalistyczny,Przestrzenie publiczne,Domy jednorodzinne,Partycypacja społeczna,Priorytet gospodarczy
1,50_3,3,12,2,0,0,Specjalistyczny,Przestrzenie publiczne,Domy jednorodzinne,Partycypacja społeczna,Priorytet gospodarczy
1,54_3,3,12,2,1,0,Specjalistyczny,Przestrzenie publiczne,Domy jednorodzinne,Partycypacja społeczna,Priorytet gospodarczy
1,59_3,3,12,2,0,0,Specjalistyczny,Przestrzenie publiczne,Domy jednorodzinne,Partycypacja społeczna,Priorytet gospodarczy
1,62_3,3,12,2,1,0,Specjalistyczny,Przestrzenie publiczne,Domy jednorodzinne,Partycypacja społeczna,Priorytet gospodarczy
1,66_3,3,12,2,1,0,Specjalistyczny,Przestrzenie publiczne,Domy jednorodzinne,Partycypacja społeczna,Priorytet gospodarczy
1,73_3,3,12,2,0,0,Specjalistyczny,Przestrzenie publiczne,Domy jednorodzinne,Partycypacja społeczna,Priorytet gospodarczy
1,1_4,4,12,1,0,0,Specjalistyczny,Przestrzenie publiczne,Domy jednorodzinne,Partycypacja społeczna,Priorytet gospodarczy
1,4_4,4,12,1,0,0,Specjalistyczny,Przestrzenie publiczne,Domy jednorodzinne,Partycypacja społeczna,Priorytet gospodarczy
1,11_4,4,12,1,0,0,Specjalistyczny,Przestrzenie publiczne,Domy jednorodzinne,Partycypacja społeczna,Priorytet gospodarczy
1,15_4,4,12,1,0,0,Specjalistyczny,Przestrzenie publiczne,Domy jednorodzinne,Partycypacja społeczna,Priorytet gospodarczy
1,19_4,4,12,1,1,0,Specjalistyczny,Przestrzenie publiczne,Domy jednorodzinne,Partycypacja społeczna,Priorytet gospodarczy
1,24_4,4,12,1,1,0,Specjalistyczny,Przestrzenie publiczne,Domy jednorodzinne,Partycypacja społeczna,Priorytet gospodarczy
1,28_4,4,12,1,0,0,Specjalistyczny,Przestrzenie publiczne,Domy jednorodzinne,Partycypacja społeczna,Priorytet gospodarczy
1,31_4,4,12,1,0,0,Specjalistyczny,Przestrzenie publiczne,Domy jednorodzinne,Partycypacja społeczna,Priorytet gospodarczy
1,35_4,4,12,1,0,0,Specjalistyczny,Przestrzenie publiczne,Domy jednorodzinne,Partycypacja społeczna,Priorytet gospodarczy
1,39_4,4,12,1,1,0,Specjalistyczny,Przestrzenie publiczne,Domy jednorodzinne,Partycypacja społeczna,Priorytet gospodarczy
1,42_4,4,12,1,1,0,Specjalistyczny,Przestrzenie publiczne,Domy jednorodzinne,Partycypacja społeczna,Priorytet gospodarczy
1,46_4,4,12,1,0,0,Specjalistyczny,Przestrzenie publiczne,Domy jednorodzinne,Partycypacja społeczna,Priorytet gospodarczy
1,53_4,4,12,1,0,0,Specjalistyczny,Przestrzenie publiczne,Domy jednorodzinne,Partycypacja społeczna,Priorytet gospodarczy
1,58_4,4,12,1,1,0,Specjalistyczny,Przestrzenie publiczne,Domy jednorodzinne,Partycypacja społeczna,Priorytet gospodarczy
1,61_4,4,12,1,0,0,Specjalistyczny,Przestrzenie publiczne,Domy jednorodzinne,Partycypacja społeczna,Priorytet gospodarczy
1,65_4,4,12,1,0,0,Specjalistyczny,Przestrzenie publiczne,Domy jednorodzinne,Partycypacja społeczna,Priorytet gospodarczy
1,69_4,4,12,1,0,0,Specjalistyczny,Przestrzenie publiczne,Domy jednorodzinne,Partycypacja społeczna,Priorytet gospodarczy
1,72_4,4,12,1,1,0,Specjalistyczny,Przestrzenie publiczne,Domy jednorodzinne,Partycypacja społeczna,Priorytet gospodarczy
1,76_4,4,12,1,0,0,Specjalistyczny,Przestrzenie publiczne,Domy jednorodzinne,Partycypacja społeczna,Priorytet gospodarczy
1,7_5,5,12,2,0,0,Specjalistyczny,Przestrzenie publiczne,Domy jednorodzinne,Partycypacja społeczna,Priorytet gospodarczy
1,10_5,5,12,2,0,0,Specjalistyczny,Przestrzenie publiczne,Domy jednorodzinne,Partycypacja społeczna,Priorytet gospodarczy
1,14_5,5,12,2,0,0,Specjalistyczny,Przestrzenie publiczne,Domy jednorodzinne,Partycypacja społeczna,Priorytet gospodarczy
1,18_5,5,12,2,1,0,Specjalistyczny,Przestrzenie publiczne,Domy jednorodzinne,Partycypacja społeczna,Priorytet gospodarczy
1,23_5,5,12,2,0,0,Specjalistyczny,Przestrzenie publiczne,Domy jednorodzinne,Partycypacja społeczna,Priorytet gospodarczy
1,27_5,5,12,2,0,0,Specjalistyczny,Przestrzenie publiczne,Domy jednorodzinne,Partycypacja społeczna,Priorytet gospodarczy
1,30_5,5,12,2,0,0,Specjalistyczny,Przestrzenie publiczne,Domy jednorodzinne,Partycypacja społeczna,Priorytet gospodarczy
1,34_5,5,12,2,1,0,Specjalistyczny,Przestrzenie publiczne,Domy jednorodzinne,Partycypacja społeczna,Priorytet gospodarczy
1,38_5,5,12,2,1,0,Specjalistyczny,Przestrzenie publiczne,Domy jednorodzinne,Partycypacja społeczna,Priorytet gospodarczy
1,41_5,5,12,2,0,0,Specjalistyczny,Przestrzenie publiczne,Domy jednorodzinne,Partycypacja społeczna,Priorytet gospodarczy
1,45_5,5,12,2,0,0,Specjalistyczny,Przestrzenie publiczne,Domy jednorodzinne,Partycypacja społeczna,Priorytet gospodarczy
1,49_5,5,12,2,0,0,Specjalistyczny,Przestrzenie publiczne,Domy jednorodzinne,Partycypacja społeczna,Priorytet gospodarczy
1,52_5,5,12,2,0,0,Specjalistyczny,Przestrzenie publiczne,Domy jednorodzinne,Partycypacja społeczna,Priorytet gospodarczy
1,57_5,5,12,2,0,0,Specjalistyczny,Przestrzenie publiczne,Domy jednorodzinne,Partycypacja społeczna,Priorytet gospodarczy
1,60_5,5,12,2,0,0,Specjalistyczny,Przestrzenie publiczne,Domy jednorodzinne,Partycypacja społeczna,Priorytet gospodarczy
1,64_5,5,12,2,0,0,Specjalistyczny,Przestrzenie publiczne,Domy jednorodzinne,Partycypacja społeczna,Priorytet gospodarczy
1,68_5,5,12,2,0,0,Specjalistyczny,Przestrzenie publiczne,Domy jednorodzinne,Partycypacja społeczna,Priorytet gospodarczy
1,71_5,5,12,2,0,0,Specjalistyczny,Przestrzenie publiczne,Domy jednorodzinne,Partycypacja społeczna,Priorytet gospodarczy
1,75_5,5,12,2,0,0,Specjalistyczny,Przestrzenie publiczne,Domy jednorodzinne,Partycypacja społeczna,Priorytet gospodarczy
2,7_1,1,9,2,0,0,Przemysłowy,Obiekty usługowe,Zabudowa zwarta,Partycypacja społeczna,Maksymalizacja zieleni
2,10_1,1,9,2,0,0,Przemysłowy,Obiekty usługowe,Zabudowa zwarta,Partycypacja społeczna,Maksymalizacja zieleni
2,14_1,1,9,2,0,0,Przemysłowy,Obiekty usługowe,Zabudowa zwarta,Partycypacja społeczna,Maksymalizacja zieleni
2,18_1,1,9,2,0,0,Przemysłowy,Obiekty usługowe,Zabudowa zwarta,Partycypacja społeczna,Maksymalizacja zieleni
2,22_1,1,9,2,0,0,Przemysłowy,Obiekty usługowe,Zabudowa zwarta,Partycypacja społeczna,Maksymalizacja zieleni
2,23_1,1,9,2,0,0,Przemysłowy,Obiekty usługowe,Zabudowa zwarta,Partycypacja społeczna,Maksymalizacja zieleni
2,27_1,1,9,2,1,0,Przemysłowy,Obiekty usługowe,Zabudowa zwarta,Partycypacja społeczna,Maksymalizacja zieleni
2,30_1,1,9,2,0,0,Przemysłowy,Obiekty usługowe,Zabudowa zwarta,Partycypacja społeczna,Maksymalizacja zieleni
2,34_1,1,9,2,1,0,Przemysłowy,Obiekty usługowe,Zabudowa zwarta,Partycypacja społeczna,Maksymalizacja zieleni
2,38_1,1,9,2,0,0,Przemysłowy,Obiekty usługowe,Zabudowa zwarta,Partycypacja społeczna,Maksymalizacja zieleni
2,41_1,1,9,2,0,0,Przemysłowy,Obiekty usługowe,Zabudowa zwarta,Partycypacja społeczna,Maksymalizacja zieleni
2,45_1,1,9,2,0,0,Przemysłowy,Obiekty usługowe,Zabudowa zwarta,Partycypacja społeczna,Maksymalizacja zieleni
2,49_1,1,9,2,1,0,Przemysłowy,Obiekty usługowe,Zabudowa zwarta,Partycypacja społeczna,Maksymalizacja zieleni
2,52_1,1,9,2,0,0,Przemysłowy,Obiekty usługowe,Zabudowa zwarta,Partycypacja społeczna,Maksymalizacja zieleni
2,57_1,1,9,2,1,0,Przemysłowy,Obiekty usługowe,Zabudowa zwarta,Partycypacja społeczna,Maksymalizacja zieleni
2,60_1,1,9,2,1,0,Przemysłowy,Obiekty usługowe,Zabudowa zwarta,Partycypacja społeczna,Maksymalizacja zieleni
2,64_1,1,9,2,0,0,Przemysłowy,Obiekty usługowe,Zabudowa zwarta,Partycypacja społeczna,Maksymalizacja zieleni
2,68_1,1,9,2,0,0,Przemysłowy,Obiekty usługowe,Zabudowa zwarta,Partycypacja społeczna,Maksymalizacja zieleni
2,71_1,1,9,2,1,0,Przemysłowy,Obiekty usługowe,Zabudowa zwarta,Partycypacja społeczna,Maksymalizacja zieleni
2,75_1,1,9,2,0,0,Przemysłowy,Obiekty usługowe,Zabudowa zwarta,Partycypacja społeczna,Maksymalizacja zieleni
2,78_1,1,9,2,1,0,Przemysłowy,Obiekty usługowe,Zabudowa zwarta,Partycypacja społeczna,Maksymalizacja zieleni
2,2_2,2,10,1,0,0,Przemysłowy,Obiekty usługowe,Zabudowa zwarta,Partycypacja społeczna,Maksymalizacja zieleni
2,5_2,2,10,1,0,0,Przemysłowy,Obiekty usługowe,Zabudowa zwarta,Partycypacja społeczna,Maksymalizacja zieleni
2,9_2,2,10,1,0,0,Przemysłowy,Obiekty usługowe,Zabudowa zwarta,Partycypacja społeczna,Maksymalizacja zieleni
2,13_2,2,10,1,0,0,Przemysłowy,Obiekty usługowe,Zabudowa zwarta,Partycypacja społeczna,Maksymalizacja zieleni
2,17_2,2,10,1,0,0,Przemysłowy,Obiekty usługowe,Zabudowa zwarta,Partycypacja społeczna,Maksymalizacja zieleni
2,21_2,2,10,1,0,0,Przemysłowy,Obiekty usługowe,Zabudowa zwarta,Partycypacja społeczna,Maksymalizacja zieleni
2,26_2,2,10,1,0,0,Przemysłowy,Obiekty usługowe,Zabudowa zwarta,Partycypacja społeczna,Maksymalizacja zieleni
2,33_2,2,10,1,0,0,Przemysłowy,Obiekty usługowe,Zabudowa zwarta,Partycypacja społeczna,Maksymalizacja zieleni
2,37_2,2,10,1,0,0,Przemysłowy,Obiekty usługowe,Zabudowa zwarta,Partycypacja społeczna,Maksymalizacja zieleni
2,40_2,2,10,1,1,0,Przemysłowy,Obiekty usługowe,Zabudowa zwarta,Partycypacja społeczna,Maksymalizacja zieleni
2,44_2,2,10,1,1,0,Przemysłowy,Obiekty usługowe,Zabudowa zwarta,Partycypacja społeczna,Maksymalizacja zieleni
2,48_2,2,10,1,1,0,Przemysłowy,Obiekty usługowe,Zabudowa zwarta,Partycypacja społeczna,Maksymalizacja zieleni
2,51_2,2,10,1,1,0,Przemysłowy,Obiekty usługowe,Zabudowa zwarta,Partycypacja społeczna,Maksymalizacja zieleni
2,55_2,2,10,1,0,0,Przemysłowy,Obiekty usługowe,Zabudowa zwarta,Partycypacja społeczna,Maksymalizacja zieleni
2,56_2,2,10,1,0,0,Przemysłowy,Obiekty usługowe,Zabudowa zwarta,Partycypacja społeczna,Maksymalizacja zieleni
2,63_2,2,10,1,0,0,Przemysłowy,Obiekty usługowe,Zabudowa zwarta,Partycypacja społeczna,Maksymalizacja zieleni
2,67_2,2,10,1,1,0,Przemysłowy,Obiekty usługowe,Zabudowa zwarta,Partycypacja społeczna,Maksymalizacja zieleni
2,70_2,2,10,1,1,0,Przemysłowy,Obiekty usługowe,Zabudowa zwarta,Partycypacja społeczna,Maksymalizacja zieleni
2,74_2,2,10,1,0,0,Przemysłowy,Obiekty usługowe,Zabudowa zwarta,Partycypacja społeczna,Maksymalizacja zieleni
2,3_3,3,10,2,0,0,Przemysłowy,Obiekty usługowe,Zabudowa zwarta,Partycypacja społeczna,Maksymalizacja zieleni
2,6_3,3,10,2,0,0,Przemysłowy,Obiekty usługowe,Zabudowa zwarta,Partycypacja społeczna,Maksymalizacja zieleni
2,8_3,3,10,2,0,0,Przemysłowy,Obiekty usługowe,Zabudowa zwarta,Partycypacja społeczna,Maksymalizacja zieleni
2,12_3,3,10,2,1,0,Przemysłowy,Obiekty usługowe,Zabudowa zwarta,Partycypacja społeczna,Maksymalizacja zieleni
2,16_3,3,10,2,1,0,Przemysłowy,Obiekty usługowe,Zabudowa zwarta,Partycypacja społeczna,Maksymalizacja zieleni
2,20_3,3,10,2,0,0,Przemysłowy,Obiekty usługowe,Zabudowa zwarta,Partycypacja społeczna,Maksymalizacja zieleni
2,25_3,3,10,2,0,0,Przemysłowy,Obiekty usługowe,Zabudowa zwarta,Partycypacja społeczna,Maksymalizacja zieleni
2,29_3,3,10,2,0,0,Przemysłowy,Obiekty usługowe,Zabudowa zwarta,Partycypacja społeczna,Maksymalizacja zieleni
2,32_3,3,10,2,1,0,Przemysłowy,Obiekty usługowe,Zabudowa zwarta,Partycypacja społeczna,Maksymalizacja zieleni
2,36_3,3,10,2,1,0,Przemysłowy,Obiekty usługowe,Zabudowa zwarta,Partycypacja społeczna,Maksymalizacja zieleni
2,43_3,3,10,2,1,0,Przemysłowy,Obiekty usługowe,Zabudowa zwarta,Partycypacja społeczna,Maksymalizacja zieleni
2,47_3,3,10,2,1,0,Przemysłowy,Obiekty usługowe,Zabudowa zwarta,Partycypacja społeczna,Maksymalizacja zieleni
2,50_3,3,10,2,1,0,Przemysłowy,Obiekty usługowe,Zabudowa zwarta,Partycypacja społeczna,Maksymalizacja zieleni
2,54_3,3,10,2,0,0,Przemysłowy,Obiekty usługowe,Zabudowa zwarta,Partycypacja społeczna,Maksymalizacja zieleni
2,59_3,3,10,2,1,0,Przemysłowy,Obiekty usługowe,Zabudowa zwarta,Partycypacja społeczna,Maksymalizacja zieleni
2,62_3,3,10,2,0,0,Przemysłowy,Obiekty usługowe,Zabudowa zwarta,Partycypacja społeczna,Maksymalizacja zieleni
2,66_3,3,10,2,1,0,Przemysłowy,Obiekty usługowe,Zabudowa zwarta,Partycypacja społeczna,Maksymalizacja zieleni
2,73_3,3,10,2,0,0,Przemysłowy,Obiekty usługowe,Zabudowa zwarta,Partycypacja społeczna,Maksymalizacja zieleni
2,1_4,4,11,1,0,0,Przemysłowy,Obiekty usługowe,Zabudowa zwarta,Partycypacja społeczna,Maksymalizacja zieleni
2,4_4,4,11,1,1,0,Przemysłowy,Obiekty usługowe,Zabudowa zwarta,Partycypacja społeczna,Maksymalizacja zieleni
2,11_4,4,11,1,0,0,Przemysłowy,Obiekty usługowe,Zabudowa zwarta,Partycypacja społeczna,Maksymalizacja zieleni
2,15_4,4,11,1,0,0,Przemysłowy,Obiekty usługowe,Zabudowa zwarta,Partycypacja społeczna,Maksymalizacja zieleni
2,19_4,4,11,1,1,0,Przemysłowy,Obiekty usługowe,Zabudowa zwarta,Partycypacja społeczna,Maksymalizacja zieleni
2,24_4,4,11,1,0,0,Przemysłowy,Obiekty usługowe,Zabudowa zwarta,Partycypacja społeczna,Maksymalizacja zieleni
2,28_4,4,11,1,1,0,Przemysłowy,Obiekty usługowe,Zabudowa zwarta,Partycypacja społeczna,Maksymalizacja zieleni
2,31_4,4,11,1,1,0,Przemysłowy,Obiekty usługowe,Zabudowa zwarta,Partycypacja społeczna,Maksymalizacja zieleni
2,35_4,4,11,1,0,0,Przemysłowy,Obiekty usługowe,Zabudowa zwarta,Partycypacja społeczna,Maksymalizacja zieleni
2,39_4,4,11,1,0,0,Przemysłowy,Obiekty usługowe,Zabudowa zwarta,Partycypacja społeczna,Maksymalizacja zieleni
2,42_4,4,11,1,0,0,Przemysłowy,Obiekty usługowe,Zabudowa zwarta,Partycypacja społeczna,Maksymalizacja zieleni
2,46_4,4,11,1,1,0,Przemysłowy,Obiekty usługowe,Zabudowa zwarta,Partycypacja społeczna,Maksymalizacja zieleni
2,53_4,4,11,1,0,0,Przemysłowy,Obiekty usługowe,Zabudowa zwarta,Partycypacja społeczna,Maksymalizacja zieleni
2,58_4,4,11,1,0,0,Przemysłowy,Obiekty usługowe,Zabudowa zwarta,Partycypacja społeczna,Maksymalizacja zieleni
2,61_4,4,11,1,1,0,Przemysłowy,Obiekty usługowe,Zabudowa zwarta,Partycypacja społeczna,Maksymalizacja zieleni
2,65_4,4,11,1,1,0,Przemysłowy,Obiekty usługowe,Zabudowa zwarta,Partycypacja społeczna,Maksymalizacja zieleni
2,69_4,4,11,1,1,0,Przemysłowy,Obiekty usługowe,Zabudowa zwarta,Partycypacja społeczna,Maksymalizacja zieleni
2,72_4,4,11,1,0,0,Przemysłowy,Obiekty usługowe,Zabudowa zwarta,Partycypacja społeczna,Maksymalizacja zieleni
2,76_4,4,11,1,0,0,Przemysłowy,Obiekty usługowe,Zabudowa zwarta,Partycypacja społeczna,Maksymalizacja zieleni
2,7_5,5,12,1,0,0,Przemysłowy,Obiekty usługowe,Zabudowa zwarta,Partycypacja społeczna,Maksymalizacja zieleni
2,10_5,5,12,1,1,0,Przemysłowy,Obiekty usługowe,Zabudowa zwarta,Partycypacja społeczna,Maksymalizacja zieleni
2,14_5,5,12,1,1,0,Przemysłowy,Obiekty usługowe,Zabudowa zwarta,Partycypacja społeczna,Maksymalizacja zieleni
2,18_5,5,12,1,0,0,Przemysłowy,Obiekty usługowe,Zabudowa zwarta,Partycypacja społeczna,Maksymalizacja zieleni
2,23_5,5,12,1,1,0,Przemysłowy,Obiekty usługowe,Zabudowa zwarta,Partycypacja społeczna,Maksymalizacja zieleni
2,27_5,5,12,1,1,0,Przemysłowy,Obiekty usługowe,Zabudowa zwarta,Partycypacja społeczna,Maksymalizacja zieleni
2,30_5,5,12,1,1,0,Przemysłowy,Obiekty usługowe,Zabudowa zwarta,Partycypacja społeczna,Maksymalizacja zieleni
2,34_5,5,12,1,0,0,Przemysłowy,Obiekty usługowe,Zabudowa zwarta,Partycypacja społeczna,Maksymalizacja zieleni
2,38_5,5,12,1,0,0,Przemysłowy,Obiekty usługowe,Zabudowa zwarta,Partycypacja społeczna,Maksymalizacja zieleni
2,41_5,5,12,1,1,0,Przemysłowy,Obiekty usługowe,Zabudowa zwarta,Partycypacja społeczna,Maksymalizacja zieleni
2,45_5,5,12,1,1,0,Przemysłowy,Obiekty usługowe,Zabudowa zwarta,Partycypacja społeczna,Maksymalizacja zieleni
2,49_5,5,12,1,1,0,Przemysłowy,Obiekty usługowe,Zabudowa zwarta,Partycypacja społeczna,Maksymalizacja zieleni
2,52_5,5,12,1,1,0,Przemysłowy,Obiekty usługowe,Zabudowa zwarta,Partycypacja społeczna,Maksymalizacja zieleni
2,57_5,5,12,1,0,0,Przemysłowy,Obiekty usługowe,Zabudowa zwarta,Partycypacja społeczna,Maksymalizacja zieleni
2,60_5,5,12,1,0,0,Przemysłowy,Obiekty usługowe,Zabudowa zwarta,Partycypacja społeczna,Maksymalizacja zieleni
2,64_5,5,12,1,1,0,Przemysłowy,Obiekty usługowe,Zabudowa zwarta,Partycypacja społeczna,Maksymalizacja zieleni
2,68_5,5,12,1,1,0,Przemysłowy,Obiekty usługowe,Zabudowa zwarta,Partycypacja społeczna,Maksymalizacja zieleni
2,71_5,5,12,1,1,0,Przemysłowy,Obiekty usługowe,Zabudowa zwarta,Partycypacja społeczna,Maksymalizacja zieleni
2,75_5,5,12,1,1,0,Przemysłowy,Obiekty usługowe,Zabudowa zwarta,Partycypacja społeczna,Maksymalizacja zieleni
3,7_1,1,2,2,1,0,Rezydencjalny,Obiekty usługowe,Domy jednorodzinne,Młode rodziny,Priorytet gospodarczy
3,10_1,1,2,2,1,0,Rezydencjalny,Obiekty usługowe,Domy jednorodzinne,Młode rodziny,Priorytet gospodarczy
3,14_1,1,2,2,1,0,Rezydencjalny,Obiekty usługowe,Domy jednorodzinne,Młode rodziny,Priorytet gospodarczy
3,18_1,1,2,2,1,0,Rezydencjalny,Obiekty usługowe,Domy jednorodzinne,Młode rodziny,Priorytet gospodarczy
3,22_1,1,2,2,1,0,Rezydencjalny,Obiekty usługowe,Domy jednorodzinne,Młode rodziny,Priorytet gospodarczy
3,23_1,1,2,2,1,0,Rezydencjalny,Obiekty usługowe,Domy jednorodzinne,Młode rodziny,Priorytet gospodarczy
3,27_1,1,2,2,1,0,Rezydencjalny,Obiekty usługowe,Domy jednorodzinne,Młode rodziny,Priorytet gospodarczy
3,30_1,1,2,2,0,0,Rezydencjalny,Obiekty usługowe,Domy jednorodzinne,Młode rodziny,Priorytet gospodarczy
3,34_1,1,2,2,0,0,Rezydencjalny,Obiekty usługowe,Domy jednorodzinne,Młode rodziny,Priorytet gospodarczy
3,38_1,1,2,2,1,0,Rezydencjalny,Obiekty usługowe,Domy jednorodzinne,Młode rodziny,Priorytet gospodarczy
3,41_1,1,2,2,1,0,Rezydencjalny,Obiekty usługowe,Domy jednorodzinne,Młode rodziny,Priorytet gospodarczy
3,45_1,1,2,2,1,0,Rezydencjalny,Obiekty usługowe,Domy jednorodzinne,Młode rodziny,Priorytet gospodarczy
3,49_1,1,2,2,0,0,Rezydencjalny,Obiekty usługowe,Domy jednorodzinne,Młode rodziny,Priorytet gospodarczy
3,52_1,1,2,2,0,0,Rezydencjalny,Obiekty usługowe,Domy jednorodzinne,Młode rodziny,Priorytet gospodarczy
3,57_1,1,2,2,1,0,Rezydencjalny,Obiekty usługowe,Domy jednorodzinne,Młode rodziny,Priorytet gospodarczy
3,60_1,1,2,2,0,0,Rezydencjalny,Obiekty usługowe,Domy jednorodzinne,Młode rodziny,Priorytet gospodarczy
3,64_1,1,2,2,1,0,Rezydencjalny,Obiekty usługowe,Domy jednorodzinne,Młode rodziny,Priorytet gospodarczy
3,68_1,1,2,2,0,0,Rezydencjalny,Obiekty usługowe,Domy jednorodzinne,Młode rodziny,Priorytet gospodarczy
3,71_1,1,2,2,1,0,Rezydencjalny,Obiekty usługowe,Domy jednorodzinne,Młode rodziny,Priorytet gospodarczy
3,75_1,1,2,2,1,0,Rezydencjalny,Obiekty usługowe,Domy jednorodzinne,Młode rodziny,Priorytet gospodarczy
3,78_1,1,2,2,0,0,Rezydencjalny,Obiekty usługowe,Domy jednorodzinne,Młode rodziny,Priorytet gospodarczy
3,2_2,2,2,1,0,0,Rezydencjalny,Obiekty usługowe,Domy jednorodzinne,Młode rodziny,Priorytet gospodarczy
3,5_2,2,2,1,0,0,Rezydencjalny,Obiekty usługowe,Domy jednorodzinne,Młode rodziny,Priorytet gospodarczy
3,9_2,2,2,1,1,0,Rezydencjalny,Obiekty usługowe,Domy jednorodzinne,Młode rodziny,Priorytet gospodarczy
3,13_2,2,2,1,1,0,Rezydencjalny,Obiekty usługowe,Domy jednorodzinne,Młode rodziny,Priorytet gospodarczy
3,17_2,2,2,1,0,0,Rezydencjalny,Obiekty usługowe,Domy jednorodzinne,Młode rodziny,Priorytet gospodarczy
3,21_2,2,2,1,0,0,Rezydencjalny,Obiekty usługowe,Domy jednorodzinne,Młode rodziny,Priorytet gospodarczy
3,26_2,2,2,1,0,0,Rezydencjalny,Obiekty usługowe,Domy jednorodzinne,Młode rodziny,Priorytet gospodarczy
3,33_2,2,2,1,1,0,Rezydencjalny,Obiekty usługowe,Domy jednorodzinne,Młode rodziny,Priorytet gospodarczy
3,37_2,2,2,1,1,0,Rezydencjalny,Obiekty usługowe,Domy jednorodzinne,Młode rodziny,Priorytet gospodarczy
3,40_2,2,2,1,0,0,Rezydencjalny,Obiekty usługowe,Domy jednorodzinne,Młode rodziny,Priorytet gospodarczy
3,44_2,2,2,1,1,0,Rezydencjalny,Obiekty usługowe,Domy jednorodzinne,Młode rodziny,Priorytet gospodarczy
3,48_2,2,2,1,0,0,Rezydencjalny,Obiekty usługowe,Domy jednorodzinne,Młode rodziny,Priorytet gospodarczy
3,51_2,2,2,1,1,0,Rezydencjalny,Obiekty usługowe,Domy jednorodzinne,Młode rodziny,Priorytet gospodarczy
3,55_2,2,2,1,0,0,Rezydencjalny,Obiekty usługowe,Domy jednorodzinne,Młode rodziny,Priorytet gospodarczy
3,56_2,2,2,1,0,0,Rezydencjalny,Obiekty usługowe,Domy jednorodzinne,Młode rodziny,Priorytet gospodarczy
3,63_2,2,2,1,0,0,Rezydencjalny,Obiekty usługowe,Domy jednorodzinne,Młode rodziny,Priorytet gospodarczy
3,67_2,2,2,1,1,0,Rezydencjalny,Obiekty usługowe,Domy jednorodzinne,Młode rodziny,Priorytet gospodarczy
3,70_2,2,2,1,1,0,Rezydencjalny,Obiekty usługowe,Domy jednorodzinne,Młode rodziny,Priorytet gospodarczy
3,74_2,2,2,1,0,0,Rezydencjalny,Obiekty usługowe,Domy jednorodzinne,Młode rodziny,Priorytet gospodarczy
3,3_3,3,6,2,1,0,Rezydencjalny,Obiekty usługowe,Domy jednorodzinne,Młode rodziny,Priorytet gospodarczy
3,6_3,3,6,2,0,0,Rezydencjalny,Obiekty usługowe,Domy jednorodzinne,Młode rodziny,Priorytet gospodarczy
3,8_3,3,6,2,1,0,Rezydencjalny,Obiekty usługowe,Domy jednorodzinne,Młode rodziny,Priorytet gospodarczy
3,12_3,3,6,2,0,0,Rezydencjalny,Obiekty usługowe,Domy jednorodzinne,Młode rodziny,Priorytet gospodarczy
3,16_3,3,6,2,1,0,Rezydencjalny,Obiekty usługowe,Domy jednorodzinne,Młode rodziny,Priorytet gospodarczy
3,20_3,3,6,2,0,0,Rezydencjalny,Obiekty usługowe,Domy jednorodzinne,Młode rodziny,Priorytet gospodarczy
3,25_3,3,6,2,0,0,Rezydencjalny,Obiekty usługowe,Domy jednorodzinne,Młode rodziny,Priorytet gospodarczy
3,29_3,3,6,2,0,0,Rezydencjalny,Obiekty usługowe,Domy jednorodzinne,Młode rodziny,Priorytet gospodarczy
3,32_3,3,6,2,1,0,Rezydencjalny,Obiekty usługowe,Domy jednorodzinne,Młode rodziny,Priorytet gospodarczy
3,36_3,3,6,2,1,0,Rezydencjalny,Obiekty usługowe,Domy jednorodzinne,Młode rodziny,Priorytet gospodarczy
3,43_3,3,6,2,1,0,Rezydencjalny,Obiekty usługowe,Domy jednorodzinne,Młode rodziny,Priorytet gospodarczy
3,47_3,3,6,2,1,0,Rezydencjalny,Obiekty usługowe,Domy jednorodzinne,Młode rodziny,Priorytet gospodarczy
3,50_3,3,6,2,1,0,Rezydencjalny,Obiekty usługowe,Domy jednorodzinne,Młode rodziny,Priorytet gospodarczy
3,54_3,3,6,2,0,0,Rezydencjalny,Obiekty usługowe,Domy jednorodzinne,Młode rodziny,Priorytet gospodarczy
3,59_3,3,6,2,1,0,Rezydencjalny,Obiekty usługowe,Domy jednorodzinne,Młode rodziny,Priorytet gospodarczy
3,62_3,3,6,2,0,0,Rezydencjalny,Obiekty usługowe,Domy jednorodzinne,Młode rodziny,Priorytet gospodarczy
3,66_3,3,6,2,1,0,Rezydencjalny,Obiekty usługowe,Domy jednorodzinne,Młode rodziny,Priorytet gospodarczy
3,73_3,3,6,2,0,0,Rezydencjalny,Obiekty usługowe,Domy jednorodzinne,Młode rodziny,Priorytet gospodarczy
3,1_4,4,5,1,0,0,Rezydencjalny,Obiekty usługowe,Domy jednorodzinne,Młode rodziny,Priorytet gospodarczy
3,4_4,4,5,1,1,0,Rezydencjalny,Obiekty usługowe,Domy jednorodzinne,Młode rodziny,Priorytet gospodarczy
3,11_4,4,5,1,1,0,Rezydencjalny,Obiekty usługowe,Domy jednorodzinne,Młode rodziny,Priorytet gospodarczy
3,15_4,4,5,1,1,0,Rezydencjalny,Obiekty usługowe,Domy jednorodzinne,Młode rodziny,Priorytet gospodarczy
3,19_4,4,5,1,0,0,Rezydencjalny,Obiekty usługowe,Domy jednorodzinne,Młode rodziny,Priorytet gospodarczy
3,24_4,4,5,1,0,0,Rezydencjalny,Obiekty usługowe,Domy jednorodzinne,Młode rodziny,Priorytet gospodarczy
3,28_4,4,5,1,1,0,Rezydencjalny,Obiekty usługowe,Domy jednorodzinne,Młode rodziny,Priorytet gospodarczy
3,31_4,4,5,1,0,0,Rezydencjalny,Obiekty usługowe,Domy jednorodzinne,Młode rodziny,Priorytet gospodarczy
3,35_4,4,5,1,0,0,Rezydencjalny,Obiekty usługowe,Domy jednorodzinne,Młode rodziny,Priorytet gospodarczy
3,39_4,4,5,1,0,0,Rezydencjalny,Obiekty usługowe,Domy jednorodzinne,Młode rodziny,Priorytet gospodarczy
3,42_4,4,5,1,0,0,Rezydencjalny,Obiekty usługowe,Domy jednorodzinne,Młode rodziny,Priorytet gospodarczy
3,46_4,4,5,1,1,0,Rezydencjalny,Obiekty usługowe,Domy jednorodzinne,Młode rodziny,Priorytet gospodarczy
3,53_4,4,5,1,0,0,Rezydencjalny,Obiekty usługowe,Domy jednorodzinne,Młode rodziny,Priorytet gospodarczy
3,58_4,4,5,1,1,0,Rezydencjalny,Obiekty usługowe,Domy jednorodzinne,Młode rodziny,Priorytet gospodarczy
3,61_4,4,5,1,0,0,Rezydencjalny,Obiekty usługowe,Domy jednorodzinne,Młode rodziny,Priorytet gospodarczy
3,65_4,4,5,1,1,0,Rezydencjalny,Obiekty usługowe,Domy jednorodzinne,Młode rodziny,Priorytet gospodarczy
3,69_4,4,5,1,1,0,Rezydencjalny,Obiekty usługowe,Domy jednorodzinne,Młode rodziny,Priorytet gospodarczy
3,72_4,4,5,1,1,0,Rezydencjalny,Obiekty usługowe,Domy jednorodzinne,Młode rodziny,Priorytet gospodarczy
3,76_4,4,5,1,1,0,Rezydencjalny,Obiekty usługowe,Domy jednorodzinne,Młode rodziny,Priorytet gospodarczy
3,7_5,5,7,1,0,0,Rezydencjalny,Obiekty usługowe,Domy jednorodzinne,Młode rodziny,Priorytet gospodarczy
3,10_5,5,7,1,0,0,Rezydencjalny,Obiekty usługowe,Domy jednorodzinne,Młode rodziny,Priorytet gospodarczy
3,14_5,5,7,1,1,0,Rezydencjalny,Obiekty usługowe,Domy jednorodzinne,Młode rodziny,Priorytet gospodarczy
3,18_5,5,7,1,1,0,Rezydencjalny,Obiekty usługowe,Domy jednorodzinne,Młode rodziny,Priorytet gospodarczy
3,23_5,5,7,1,0,0,Rezydencjalny,Obiekty usługowe,Domy jednorodzinne,Młode rodziny,Priorytet gospodarczy
3,27_5,5,7,1,1,0,Rezydencjalny,Obiekty usługowe,Domy jednorodzinne,Młode rodziny,Priorytet gospodarczy
3,30_5,5,7,1,0,0,Rezydencjalny,Obiekty usługowe,Domy jednorodzinne,Młode rodziny,Priorytet gospodarczy
3,34_5,5,7,1,1,0,Rezydencjalny,Obiekty usługowe,Domy jednorodzinne,Młode rodziny,Priorytet gospodarczy
3,38_5,5,7,1,0,0,Rezydencjalny,Obiekty usługowe,Domy jednorodzinne,Młode rodziny,Priorytet gospodarczy
3,41_5,5,7,1,0,0,Rezydencjalny,Obiekty usługowe,Domy jednorodzinne,Młode rodziny,Priorytet gospodarczy
3,45_5,5,7,1,0,0,Rezydencjalny,Obiekty usługowe,Domy jednorodzinne,Młode rodziny,Priorytet gospodarczy
3,49_5,5,7,1,0,0,Rezydencjalny,Obiekty usługowe,Domy jednorodzinne,Młode rodziny,Priorytet gospodarczy
3,52_5,5,7,1,0,0,Rezydencjalny,Obiekty usługowe,Domy jednorodzinne,Młode rodziny,Priorytet gospodarczy
3,57_5,5,7,1,0,0,Rezydencjalny,Obiekty usługowe,Domy jednorodzinne,Młode rodziny,Priorytet gospodarczy
3,60_5,5,7,1,0,0,Rezydencjalny,Obiekty usługowe,Domy jednorodzinne,Młode rodziny,Priorytet gospodarczy
3,64_5,5,7,1,0,0,Rezydencjalny,Obiekty usługowe,Domy jednorodzinne,Młode rodziny,Priorytet gospodarczy
3,68_5,5,7,1,1,0,Rezydencjalny,Obiekty usługowe,Domy jednorodzinne,Młode rodziny,Priorytet gospodarczy
3,71_5,5,7,1,0,0,Rezydencjalny,Obiekty usługowe,Domy jednorodzinne,Młode rodziny,Priorytet gospodarczy
3,75_5,5,7,1,0,0,Rezydencjalny,Obiekty usługowe,Domy jednorodzinne,Młode rodziny,Priorytet gospodarczy
4,7_1,1,11,1,0,0,Lokalny,Połączenia z Wrocławiem,Rewitalizacja,Oferta kulturalna,Zrównoważone podejście
4,10_1,1,11,1,0,0,Lokalny,Połączenia z Wrocławiem,Rewitalizacja,Oferta kulturalna,Zrównoważone podejście
4,14_1,1,11,1,0,0,Lokalny,Połączenia z Wrocławiem,Rewitalizacja,Oferta kulturalna,Zrównoważone podejście
4,18_1,1,11,1,0,0,Lokalny,Połączenia z Wrocławiem,Rewitalizacja,Oferta kulturalna,Zrównoważone podejście
4,22_1,1,11,1,1,0,Lokalny,Połączenia z Wrocławiem,Rewitalizacja,Oferta kulturalna,Zrównoważone podejście
4,23_1,1,11,1,1,0,Lokalny,Połączenia z Wrocławiem,Rewitalizacja,Oferta kulturalna,Zrównoważone podejście
4,27_1,1,11,1,1,0,Lokalny,Połączenia z Wrocławiem,Rewitalizacja,Oferta kulturalna,Zrównoważone podejście
4,30_1,1,11,1,0,0,Lokalny,Połączenia z Wrocławiem,Rewitalizacja,Oferta kulturalna,Zrównoważone podejście
4,34_1,1,11,1,1,0,Lokalny,Połączenia z Wrocławiem,Rewitalizacja,Oferta kulturalna,Zrównoważone podejście
4,38_1,1,11,1,1,0,Lokalny,Połączenia z Wrocławiem,Rewitalizacja,Oferta kulturalna,Zrównoważone podejście
4,41_1,1,11,1,1,0,Lokalny,Połączenia z Wrocławiem,Rewitalizacja,Oferta kulturalna,Zrównoważone podejście
4,45_1,1,11,1,0,0,Lokalny,Połączenia z Wrocławiem,Rewitalizacja,Oferta kulturalna,Zrównoważone podejście
4,49_1,1,11,1,1,0,Lokalny,Połączenia z Wrocławiem,Rewitalizacja,Oferta kulturalna,Zrównoważone podejście
4,52_1,1,11,1,1,0,Lokalny,Połączenia z Wrocławiem,Rewitalizacja,Oferta kulturalna,Zrównoważone podejście
4,57_1,1,11,1,1,0,Lokalny,Połączenia z Wrocławiem,Rewitalizacja,Oferta kulturalna,Zrównoważone podejście
4,60_1,1,11,1,0,0,Lokalny,Połączenia z Wrocławiem,Rewitalizacja,Oferta kulturalna,Zrównoważone podejście
4,64_1,1,11,1,0,0,Lokalny,Połączenia z Wrocławiem,Rewitalizacja,Oferta kulturalna,Zrównoważone podejście
4,68_1,1,11,1,0,0,Lokalny,Połączenia z Wrocławiem,Rewitalizacja,Oferta kulturalna,Zrównoważone podejście
4,71_1,1,11,1,0,0,Lokalny,Połączenia z Wrocławiem,Rewitalizacja,Oferta kulturalna,Zrównoważone podejście
4,75_1,1,11,1,1,0,Lokalny,Połączenia z Wrocławiem,Rewitalizacja,Oferta kulturalna,Zrównoważone podejście
4,78_1,1,11,1,1,0,Lokalny,Połączenia z Wrocławiem,Rewitalizacja,Oferta kulturalna,Zrównoważone podejście
4,2_2,2,11,2,0,0,Lokalny,Połączenia z Wrocławiem,Rewitalizacja,Oferta kulturalna,Zrównoważone podejście
4,5_2,2,11,2,0,0,Lokalny,Połączenia z Wrocławiem,Rewitalizacja,Oferta kulturalna,Zrównoważone podejście
4,9_2,2,11,2,0,0,Lokalny,Połączenia z Wrocławiem,Rewitalizacja,Oferta kulturalna,Zrównoważone podejście
4,13_2,2,11,2,1,0,Lokalny,Połączenia z Wrocławiem,Rewitalizacja,Oferta kulturalna,Zrównoważone podejście
4,17_2,2,11,2,0,0,Lokalny,Połączenia z Wrocławiem,Rewitalizacja,Oferta kulturalna,Zrównoważone podejście
4,21_2,2,11,2,1,0,Lokalny,Połączenia z Wrocławiem,Rewitalizacja,Oferta kulturalna,Zrównoważone podejście
4,26_2,2,11,2,1,0,Lokalny,Połączenia z Wrocławiem,Rewitalizacja,Oferta kulturalna,Zrównoważone podejście
4,33_2,2,11,2,0,0,Lokalny,Połączenia z Wrocławiem,Rewitalizacja,Oferta kulturalna,Zrównoważone podejście
4,37_2,2,11,2,0,0,Lokalny,Połączenia z Wrocławiem,Rewitalizacja,Oferta kulturalna,Zrównoważone podejście
4,40_2,2,11,2,1,0,Lokalny,Połączenia z Wrocławiem,Rewitalizacja,Oferta kulturalna,Zrównoważone podejście
4,44_2,2,11,2,0,0,Lokalny,Połączenia z Wrocławiem,Rewitalizacja,Oferta kulturalna,Zrównoważone podejście
4,48_2,2,11,2,1,0,Lokalny,Połączenia z Wrocławiem,Rewitalizacja,Oferta kulturalna,Zrównoważone podejście
4,51_2,2,11,2,0,0,Lokalny,Połączenia z Wrocławiem,Rewitalizacja,Oferta kulturalna,Zrównoważone podejście
4,55_2,2,11,2,0,0,Lokalny,Połączenia z Wrocławiem,Rewitalizacja,Oferta kulturalna,Zrównoważone podejście
4,56_2,2,11,2,0,0,Lokalny,Połączenia z Wrocławiem,Rewitalizacja,Oferta kulturalna,Zrównoważone podejście
4,63_2,2,11,2,1,0,Lokalny,Połączenia z Wrocławiem,Rewitalizacja,Oferta kulturalna,Zrównoważone podejście
4,67_2,2,11,2,1,0,Lokalny,Połączenia z Wrocławiem,Rewitalizacja,Oferta kulturalna,Zrównoważone podejście
4,70_2,2,11,2,0,0,Lokalny,Połączenia z Wrocławiem,Rewitalizacja,Oferta kulturalna,Zrównoważone podejście
4,74_2,2,11,2,0,0,Lokalny,Połączenia z Wrocławiem,Rewitalizacja,Oferta kulturalna,Zrównoważone podejście
4,3_3,3,12,1,1,0,Lokalny,Połączenia z Wrocławiem,Rewitalizacja,Oferta kulturalna,Zrównoważone podejście
4,6_3,3,12,1,0,0,Lokalny,Połączenia z Wrocławiem,Rewitalizacja,Oferta kulturalna,Zrównoważone podejście
4,8_3,3,12,1,1,0,Lokalny,Połączenia z Wrocławiem,Rewitalizacja,Oferta kulturalna,Zrównoważone podejście
4,12_3,3,12,1,1,0,Lokalny,Połączenia z Wrocławiem,Rewitalizacja,Oferta kulturalna,Zrównoważone podejście
4,16_3,3,12,1,1,0,Lokalny,Połączenia z Wrocławiem,Rewitalizacja,Oferta kulturalna,Zrównoważone podejście
4,20_3,3,12,1,0,0,Lokalny,Połączenia z Wrocławiem,Rewitalizacja,Oferta kulturalna,Zrównoważone podejście
4,25_3,3,12,1,0,0,Lokalny,Połączenia z Wrocławiem,Rewitalizacja,Oferta kulturalna,Zrównoważone podejście
4,29_3,3,12,1,0,0,Lokalny,Połączenia z Wrocławiem,Rewitalizacja,Oferta kulturalna,Zrównoważone podejście
4,32_3,3,12,1,1,0,Lokalny,Połączenia z Wrocławiem,Rewitalizacja,Oferta kulturalna,Zrównoważone podejście
4,36_3,3,12,1,1,0,Lokalny,Połączenia z Wrocławiem,Rewitalizacja,Oferta kulturalna,Zrównoważone podejście
4,43_3,3,12,1,1,0,Lokalny,Połączenia z Wrocławiem,Rewitalizacja,Oferta kulturalna,Zrównoważone podejście
4,47_3,3,12,1,1,0,Lokalny,Połączenia z Wrocławiem,Rewitalizacja,Oferta kulturalna,Zrównoważone podejście
4,50_3,3,12,1,1,0,Lokalny,Połączenia z Wrocławiem,Rewitalizacja,Oferta kulturalna,Zrównoważone podejście
4,54_3,3,12,1,0,0,Lokalny,Połączenia z Wrocławiem,Rewitalizacja,Oferta kulturalna,Zrównoważone podejście
4,59_3,3,12,1,1,0,Lokalny,Połączenia z Wrocławiem,Rewitalizacja,Oferta kulturalna,Zrównoważone podejście
4,62_3,3,12,1,0,0,Lokalny,Połączenia z Wrocławiem,Rewitalizacja,Oferta kulturalna,Zrównoważone podejście
4,66_3,3,12,1,0,0,Lokalny,Połączenia z Wrocławiem,Rewitalizacja,Oferta kulturalna,Zrównoważone podejście
4,73_3,3,12,1,0,0,Lokalny,Połączenia z Wrocławiem,Rewitalizacja,Oferta kulturalna,Zrównoważone podejście
4,1_4,4,12,2,1,0,Lokalny,Połączenia z Wrocławiem,Rewitalizacja,Oferta kulturalna,Zrównoważone podejście
4,4_4,4,12,2,1,0,Lokalny,Połączenia z Wrocławiem,Rewitalizacja,Oferta kulturalna,Zrównoważone podejście
4,11_4,4,12,2,0,0,Lokalny,Połączenia z Wrocławiem,Rewitalizacja,Oferta kulturalna,Zrównoważone podejście
4,15_4,4,12,2,1,0,Lokalny,Połączenia z Wrocławiem,Rewitalizacja,Oferta kulturalna,Zrównoważone podejście
4,19_4,4,12,2,0,0,Lokalny,Połączenia z Wrocławiem,Rewitalizacja,Oferta kulturalna,Zrównoważone podejście
4,24_4,4,12,2,0,0,Lokalny,Połączenia z Wrocławiem,Rewitalizacja,Oferta kulturalna,Zrównoważone podejście
4,28_4,4,12,2,1,0,Lokalny,Połączenia z Wrocławiem,Rewitalizacja,Oferta kulturalna,Zrównoważone podejście
4,31_4,4,12,2,1,0,Lokalny,Połączenia z Wrocławiem,Rewitalizacja,Oferta kulturalna,Zrównoważone podejście
4,35_4,4,12,2,1,0,Lokalny,Połączenia z Wrocławiem,Rewitalizacja,Oferta kulturalna,Zrównoważone podejście
4,39_4,4,12,2,0,0,Lokalny,Połączenia z Wrocławiem,Rewitalizacja,Oferta kulturalna,Zrównoważone podejście
4,42_4,4,12,2,0,0,Lokalny,Połączenia z Wrocławiem,Rewitalizacja,Oferta kulturalna,Zrównoważone podejście
4,46_4,4,12,2,1,0,Lokalny,Połączenia z Wrocławiem,Rewitalizacja,Oferta kulturalna,Zrównoważone podejście
4,53_4,4,12,2,0,0,Lokalny,Połączenia z Wrocławiem,Rewitalizacja,Oferta kulturalna,Zrównoważone podejście
4,58_4,4,12,2,0,0,Lokalny,Połączenia z Wrocławiem,Rewitalizacja,Oferta kulturalna,Zrównoważone podejście
4,61_4,4,12,2,1,0,Lokalny,Połączenia z Wrocławiem,Rewitalizacja,Oferta kulturalna,Zrównoważone podejście
4,65_4,4,12,2,1,0,Lokalny,Połączenia z Wrocławiem,Rewitalizacja,Oferta kulturalna,Zrównoważone podejście
4,69_4,4,12,2,1,0,Lokalny,Połączenia z Wrocławiem,Rewitalizacja,Oferta kulturalna,Zrównoważone podejście
4,72_4,4,12,2,0,0,Lokalny,Połączenia z Wrocławiem,Rewitalizacja,Oferta kulturalna,Zrównoważone podejście
4,76_4,4,12,2,0,0,Lokalny,Połączenia z Wrocławiem,Rewitalizacja,Oferta kulturalna,Zrównoważone podejście
4,7_5,5,11,1,0,0,Lokalny,Połączenia z Wrocławiem,Rewitalizacja,Oferta kulturalna,Zrównoważone podejście
4,10_5,5,11,1,0,0,Lokalny,Połączenia z Wrocławiem,Rewitalizacja,Oferta kulturalna,Zrównoważone podejście
4,14_5,5,11,1,0,0,Lokalny,Połączenia z Wrocławiem,Rewitalizacja,Oferta kulturalna,Zrównoważone podejście
4,18_5,5,11,1,0,0,Lokalny,Połączenia z Wrocławiem,Rewitalizacja,Oferta kulturalna,Zrównoważone podejście
4,23_5,5,11,1,0,0,Lokalny,Połączenia z Wrocławiem,Rewitalizacja,Oferta kulturalna,Zrównoważone podejście
4,27_5,5,11,1,1,0,Lokalny,Połączenia z Wrocławiem,Rewitalizacja,Oferta kulturalna,Zrównoważone podejście
4,30_5,5,11,1,1,0,Lokalny,Połączenia z Wrocławiem,Rewitalizacja,Oferta kulturalna,Zrównoważone podejście
4,34_5,5,11,1,1,0,Lokalny,Połączenia z Wrocławiem,Rewitalizacja,Oferta kulturalna,Zrównoważone podejście
4,38_5,5,11,1,0,0,Lokalny,Połączenia z Wrocławiem,Rewitalizacja,Oferta kulturalna,Zrównoważone podejście
4,41_5,5,11,1,0,0,Lokalny,Połączenia z Wrocławiem,Rewitalizacja,Oferta kulturalna,Zrównoważone podejście
4,45_5,5,11,1,1,0,Lokalny,Połączenia z Wrocławiem,Rewitalizacja,Oferta kulturalna,Zrównoważone podejście
4,49_5,5,11,1,0,0,Lokalny,Połączenia z Wrocławiem,Rewitalizacja,Oferta kulturalna,Zrównoważone podejście
4,52_5,5,11,1,1,0,Lokalny,Połączenia z Wrocławiem,Rewitalizacja,Oferta kulturalna,Zrównoważone podejście
4,57_5,5,11,1,1,0,Lokalny,Połączenia z Wrocławiem,Rewitalizacja,Oferta kulturalna,Zrównoważone podejście
4,60_5,5,11,1,0,0,Lokalny,Połączenia z Wrocławiem,Rewitalizacja,Oferta kulturalna,Zrównoważone podejście
4,64_5,5,11,1,0,0,Lokalny,Połączenia z Wrocławiem,Rewitalizacja,Oferta kulturalna,Zrównoważone podejście
4,68_5,5,11,1,1,0,Lokalny,Połączenia z Wrocławiem,Rewitalizacja,Oferta kulturalna,Zrównoważone podejście
4,71_5,5,11,1,1,0,Lokalny,Połączenia z Wrocławiem,Rewitalizacja,Oferta kulturalna,Zrównoważone podejście
4,75_5,5,11,1,1,0,Lokalny,Połączenia z Wrocławiem,Rewitalizacja,Oferta kulturalna,Zrównoważone podejście
5,7_1,1,7,1,1,0,Usługowy,Tereny przemysłowe,Budynki wielorodzinne,Usługi zdrowotne,Rekultywacja terenów
5,10_1,1,7,1,1,0,Usługowy,Tereny przemysłowe,Budynki wielorodzinne,Usługi zdrowotne,Rekultywacja terenów
5,14_1,1,7,1,1,0,Usługowy,Tereny przemysłowe,Budynki wielorodzinne,Usługi zdrowotne,Rekultywacja terenów
5,18_1,1,7,1,1,0,Usługowy,Tereny przemysłowe,Budynki wielorodzinne,Usługi zdrowotne,Rekultywacja terenów
5,22_1,1,7,1,0,0,Usługowy,Tereny przemysłowe,Budynki wielorodzinne,Usługi zdrowotne,Rekultywacja terenów
5,23_1,1,7,1,1,0,Usługowy,Tereny przemysłowe,Budynki wielorodzinne,Usługi zdrowotne,Rekultywacja terenów
5,27_1,1,7,1,0,0,Usługowy,Tereny przemysłowe,Budynki wielorodzinne,Usługi zdrowotne,Rekultywacja terenów
5,30_1,1,7,1,0,0,Usługowy,Tereny przemysłowe,Budynki wielorodzinne,Usługi zdrowotne,Rekultywacja terenów
5,34_1,1,7,1,1,0,Usługowy,Tereny przemysłowe,Budynki wielorodzinne,Usługi zdrowotne,Rekultywacja terenów
5,38_1,1,7,1,1,0,Usługowy,Tereny przemysłowe,Budynki wielorodzinne,Usługi zdrowotne,Rekultywacja terenów
5,41_1,1,7,1,0,0,Usługowy,Tereny przemysłowe,Budynki wielorodzinne,Usługi zdrowotne,Rekultywacja terenów
5,45_1,1,7,1,1,0,Usługowy,Tereny przemysłowe,Budynki wielorodzinne,Usługi zdrowotne,Rekultywacja terenów
5,49_1,1,7,1,1,0,Usługowy,Tereny przemysłowe,Budynki wielorodzinne,Usługi zdrowotne,Rekultywacja terenów
5,52_1,1,7,1,1,0,Usługowy,Tereny przemysłowe,Budynki wielorodzinne,Usługi zdrowotne,Rekultywacja terenów
5,57_1,1,7,1,0,0,Usługowy,Tereny przemysłowe,Budynki wielorodzinne,Usługi zdrowotne,Rekultywacja terenów
5,60_1,1,7,1,1,0,Usługowy,Tereny przemysłowe,Budynki wielorodzinne,Usługi zdrowotne,Rekultywacja terenów
5,64_1,1,7,1,0,0,Usługowy,Tereny przemysłowe,Budynki wielorodzinne,Usługi zdrowotne,Rekultywacja terenów
5,68_1,1,7,1,0,0,Usługowy,Tereny przemysłowe,Budynki wielorodzinne,Usługi zdrowotne,Rekultywacja terenów
5,71_1,1,7,1,1,0,Usługowy,Tereny przemysłowe,Budynki wielorodzinne,Usługi zdrowotne,Rekultywacja terenów
5,75_1,1,7,1,1,0,Usługowy,Tereny przemysłowe,Budynki wielorodzinne,Usługi zdrowotne,Rekultywacja terenów
5,78_1,1,7,1,1,0,Usługowy,Tereny przemysłowe,Budynki wielorodzinne,Usługi zdrowotne,Rekultywacja terenów
5,2_2,2,8,2,1,0,Usługowy,Tereny przemysłowe,Budynki wielorodzinne,Usługi zdrowotne,Rekultywacja terenów
5,5_2,2,8,2,0,0,Usługowy,Tereny przemysłowe,Budynki wielorodzinne,Usługi zdrowotne,Rekultywacja terenów
5,9_2,2,8,2,0,0,Usługowy,Tereny przemysłowe,Budynki wielorodzinne,Usługi zdrowotne,Rekultywacja terenów
5,13_2,2,8,2,0,0,Usługowy,Tereny przemysłowe,Budynki wielorodzinne,Usługi zdrowotne,Rekultywacja terenów
5,17_2,2,8,2,1,0,Usługowy,Tereny przemysłowe,Budynki wielorodzinne,Usługi zdrowotne,Rekultywacja terenów
5,21_2,2,8,2,0,0,Usługowy,Tereny przemysłowe,Budynki wielorodzinne,Usługi zdrowotne,Rekultywacja terenów
5,26_2,2,8,2,0,0,Usługowy,Tereny przemysłowe,Budynki wielorodzinne,Usługi zdrowotne,Rekultywacja terenów
5,33_2,2,8,2,1,0,Usługowy,Tereny przemysłowe,Budynki wielorodzinne,Usługi zdrowotne,Rekultywacja terenów
5,37_2,2,8,2,0,0,Usługowy,Tereny przemysłowe,Budynki wielorodzinne,Usługi zdrowotne,Rekultywacja terenów
5,40_2,2,8,2,1,0,Usługowy,Tereny przemysłowe,Budynki wielorodzinne,Usługi zdrowotne,Rekultywacja terenów
5,44_2,2,8,2,1,0,Usługowy,Tereny przemysłowe,Budynki wielorodzinne,Usługi zdrowotne,Rekultywacja terenów
5,48_2,2,8,2,1,0,Usługowy,Tereny przemysłowe,Budynki wielorodzinne,Usługi zdrowotne,Rekultywacja terenów
5,51_2,2,8,2,1,0,Usługowy,Tereny przemysłowe,Budynki wielorodzinne,Usługi zdrowotne,Rekultywacja terenów
5,55_2,2,8,2,0,0,Usługowy,Tereny przemysłowe,Budynki wielorodzinne,Usługi zdrowotne,Rekultywacja terenów
5,56_2,2,8,2,1,0,Usługowy,Tereny przemysłowe,Budynki wielorodzinne,Usługi zdrowotne,Rekultywacja terenów
5,63_2,2,8,2,0,0,Usługowy,Tereny przemysłowe,Budynki wielorodzinne,Usługi zdrowotne,Rekultywacja terenów
5,67_2,2,8,2,0,0,Usługowy,Tereny przemysłowe,Budynki wielorodzinne,Usługi zdrowotne,Rekultywacja terenów
5,70_2,2,8,2,1,0,Usługowy,Tereny przemysłowe,Budynki wielorodzinne,Usługi zdrowotne,Rekultywacja terenów
5,74_2,2,8,2,0,0,Usługowy,Tereny przemysłowe,Budynki wielorodzinne,Usługi zdrowotne,Rekultywacja terenów
5,3_3,3,8,1,0,0,Usługowy,Tereny przemysłowe,Budynki wielorodzinne,Usługi zdrowotne,Rekultywacja terenów
5,6_3,3,8,1,1,0,Usługowy,Tereny przemysłowe,Budynki wielorodzinne,Usługi zdrowotne,Rekultywacja terenów
5,8_3,3,8,1,0,0,Usługowy,Tereny przemysłowe,Budynki wielorodzinne,Usługi zdrowotne,Rekultywacja terenów
5,12_3,3,8,1,0,0,Usługowy,Tereny przemysłowe,Budynki wielorodzinne,Usługi zdrowotne,Rekultywacja terenów
5,16_3,3,8,1,0,0,Usługowy,Tereny przemysłowe,Budynki wielorodzinne,Usługi zdrowotne,Rekultywacja terenów
5,20_3,3,8,1,0,0,Usługowy,Tereny przemysłowe,Budynki wielorodzinne,Usługi zdrowotne,Rekultywacja terenów
5,25_3,3,8,1,0,0,Usługowy,Tereny przemysłowe,Budynki wielorodzinne,Usługi zdrowotne,Rekultywacja terenów
5,29_3,3,8,1,0,0,Usługowy,Tereny przemysłowe,Budynki wielorodzinne,Usługi zdrowotne,Rekultywacja terenów
5,32_3,3,8,1,0,0,Usługowy,Tereny przemysłowe,Budynki wielorodzinne,Usługi zdrowotne,Rekultywacja terenów
5,36_3,3,8,1,0,0,Usługowy,Tereny przemysłowe,Budynki wielorodzinne,Usługi zdrowotne,Rekultywacja terenów
5,43_3,3,8,1,0,0,Usługowy,Tereny przemysłowe,Budynki wielorodzinne,Usługi zdrowotne,Rekultywacja terenów
5,47_3,3,8,1,0,0,Usługowy,Tereny przemysłowe,Budynki wielorodzinne,Usługi zdrowotne,Rekultywacja terenów
5,50_3,3,8,1,0,0,Usługowy,Tereny przemysłowe,Budynki wielorodzinne,Usługi zdrowotne,Rekultywacja terenów
5,54_3,3,8,1,0,0,Usługowy,Tereny przemysłowe,Budynki wielorodzinne,Usługi zdrowotne,Rekultywacja terenów
5,59_3,3,8,1,0,0,Usługowy,Tereny przemysłowe,Budynki wielorodzinne,Usługi zdrowotne,Rekultywacja terenów
5,62_3,3,8,1,1,0,Usługowy,Tereny przemysłowe,Budynki wielorodzinne,Usługi zdrowotne,Rekultywacja terenów
5,66_3,3,8,1,1,0,Usługowy,Tereny przemysłowe,Budynki wielorodzinne,Usługi zdrowotne,Rekultywacja terenów
5,73_3,3,8,1,0,0,Usługowy,Tereny przemysłowe,Budynki wielorodzinne,Usługi zdrowotne,Rekultywacja terenów
5,1_4,4,1,2,1,0,Usługowy,Tereny przemysłowe,Budynki wielorodzinne,Usługi zdrowotne,Rekultywacja terenów
5,4_4,4,1,2,0,0,Usługowy,Tereny przemysłowe,Budynki wielorodzinne,Usługi zdrowotne,Rekultywacja terenów
5,11_4,4,1,2,1,0,Usługowy,Tereny przemysłowe,Budynki wielorodzinne,Usługi zdrowotne,Rekultywacja terenów
5,15_4,4,1,2,0,0,Usługowy,Tereny przemysłowe,Budynki wielorodzinne,Usługi zdrowotne,Rekultywacja terenów
5,19_4,4,1,2,1,0,Usługowy,Tereny przemysłowe,Budynki wielorodzinne,Usługi zdrowotne,Rekultywacja terenów
5,24_4,4,1,2,1,0,Usługowy,Tereny przemysłowe,Budynki wielorodzinne,Usługi zdrowotne,Rekultywacja terenów
5,28_4,4,1,2,0,0,Usługowy,Tereny przemysłowe,Budynki wielorodzinne,Usługi zdrowotne,Rekultywacja terenów
5,31_4,4,1,2,1,0,Usługowy,Tereny przemysłowe,Budynki wielorodzinne,Usługi zdrowotne,Rekultywacja terenów
5,35_4,4,1,2,0,0,Usługowy,Tereny przemysłowe,Budynki wielorodzinne,Usługi zdrowotne,Rekultywacja terenów
5,39_4,4,1,2,1,0,Usługowy,Tereny przemysłowe,Budynki wielorodzinne,Usługi zdrowotne,Rekultywacja terenów
5,42_4,4,1,2,1,0,Usługowy,Tereny przemysłowe,Budynki wielorodzinne,Usługi zdrowotne,Rekultywacja terenów
5,46_4,4,1,2,0,0,Usługowy,Tereny przemysłowe,Budynki wielorodzinne,Usługi zdrowotne,Rekultywacja terenów
5,53_4,4,1,2,1,0,Usługowy,Tereny przemysłowe,Budynki wielorodzinne,Usługi zdrowotne,Rekultywacja terenów
5,58_4,4,1,2,0,0,Usługowy,Tereny przemysłowe,Budynki wielorodzinne,Usługi zdrowotne,Rekultywacja terenów
5,61_4,4,1,2,1,0,Usługowy,Tereny przemysłowe,Budynki wielorodzinne,Usługi zdrowotne,Rekultywacja terenów
5,65_4,4,1,2,0,0,Usługowy,Tereny przemysłowe,Budynki wielorodzinne,Usługi zdrowotne,Rekultywacja terenów
5,69_4,4,1,2,0,0,Usługowy,Tereny przemysłowe,Budynki wielorodzinne,Usługi zdrowotne,Rekultywacja terenów
5,72_4,4,1,2,0,0,Usługowy,Tereny przemysłowe,Budynki wielorodzinne,Usługi zdrowotne,Rekultywacja terenów
5,76_4,4,1,2,1,0,Usługowy,Tereny przemysłowe,Budynki wielorodzinne,Usługi zdrowotne,Rekultywacja terenów
5,7_5,5,3,2,0,0,Usługowy,Tereny przemysłowe,Budynki wielorodzinne,Usługi zdrowotne,Rekultywacja terenów
5,10_5,5,3,2,1,0,Usługowy,Tereny przemysłowe,Budynki wielorodzinne,Usługi zdrowotne,Rekultywacja terenów
5,14_5,5,3,2,0,0,Usługowy,Tereny przemysłowe,Budynki wielorodzinne,Usługi zdrowotne,Rekultywacja terenów
5,18_5,5,3,2,1,0,Usługowy,Tereny przemysłowe,Budynki wielorodzinne,Usługi zdrowotne,Rekultywacja terenów
5,23_5,5,3,2,0,0,Usługowy,Tereny przemysłowe,Budynki wielorodzinne,Usługi zdrowotne,Rekultywacja terenów
5,27_5,5,3,2,1,0,Usługowy,Tereny przemysłowe,Budynki wielorodzinne,Usługi zdrowotne,Rekultywacja terenów
5,30_5,5,3,2,1,0,Usługowy,Tereny przemysłowe,Budynki wielorodzinne,Usługi zdrowotne,Rekultywacja terenów
5,34_5,5,3,2,1,0,Usługowy,Tereny przemysłowe,Budynki wielorodzinne,Usługi zdrowotne,Rekultywacja terenów
5,38_5,5,3,2,0,0,Usługowy,Tereny przemysłowe,Budynki wielorodzinne,Usługi zdrowotne,Rekultywacja terenów
5,41_5,5,3,2,0,0,Usługowy,Tereny przemysłowe,Budynki wielorodzinne,Usługi zdrowotne,Rekultywacja terenów
5,45_5,5,3,2,0,0,Usługowy,Tereny przemysłowe,Budynki wielorodzinne,Usługi zdrowotne,Rekultywacja terenów
5,49_5,5,3,2,1,0,Usługowy,Tereny przemysłowe,Budynki wielorodzinne,Usługi zdrowotne,Rekultywacja terenów
5,52_5,5,3,2,1,0,Usługowy,Tereny przemysłowe,Budynki wielorodzinne,Usługi zdrowotne,Rekultywacja terenów
5,57_5,5,3,2,0,0,Usługowy,Tereny przemysłowe,Budynki wielorodzinne,Usługi zdrowotne,Rekultywacja terenów
5,60_5,5,3,2,0,0,Usługowy,Tereny przemysłowe,Budynki wielorodzinne,Usługi zdrowotne,Rekultywacja terenów
5,64_5,5,3,2,1,0,Usługowy,Tereny przemysłowe,Budynki wielorodzinne,Usługi zdrowotne,Rekultywacja terenów
5,68_5,5,3,2,1,0,Usługowy,Tereny przemysłowe,Budynki wielorodzinne,Usługi zdrowotne,Rekultywacja terenów
5,71_5,5,3,2,1,0,Usługowy,Tereny przemysłowe,Budynki wielorodzinne,Usługi zdrowotne,Rekultywacja terenów
5,75_5,5,3,2,1,0,Usługowy,Tereny przemysłowe,Budynki wielorodzinne,Usługi zdrowotne,Rekultywacja terenów
6,7_1,1,5,2,0,0,Przemysłowy,Przestrzenie publiczne,Rewitalizacja,Młode rodziny,Maksymalizacja zieleni
6,10_1,1,5,2,0,0,Przemysłowy,Przestrzenie publiczne,Rewitalizacja,Młode rodziny,Maksymalizacja zieleni
6,14_1,1,5,2,1,0,Przemysłowy,Przestrzenie publiczne,Rewitalizacja,Młode rodziny,Maksymalizacja zieleni
6,18_1,1,5,2,1,0,Przemysłowy,Przestrzenie publiczne,Rewitalizacja,Młode rodziny,Maksymalizacja zieleni
6,22_1,1,5,2,0,0,Przemysłowy,Przestrzenie publiczne,Rewitalizacja,Młode rodziny,Maksymalizacja zieleni
6,23_1,1,5,2,0,0,Przemysłowy,Przestrzenie publiczne,Rewitalizacja,Młode rodziny,Maksymalizacja zieleni
6,27_1,1,5,2,0,0,Przemysłowy,Przestrzenie publiczne,Rewitalizacja,Młode rodziny,Maksymalizacja zieleni
6,30_1,1,5,2,0,0,Przemysłowy,Przestrzenie publiczne,Rewitalizacja,Młode rodziny,Maksymalizacja zieleni
6,34_1,1,5,2,0,0,Przemysłowy,Przestrzenie publiczne,Rewitalizacja,Młode rodziny,Maksymalizacja zieleni
6,38_1,1,5,2,0,0,Przemysłowy,Przestrzenie publiczne,Rewitalizacja,Młode rodziny,Maksymalizacja zieleni
6,41_1,1,5,2,0,0,Przemysłowy,Przestrzenie publiczne,Rewitalizacja,Młode rodziny,Maksymalizacja zieleni
6,45_1,1,5,2,1,0,Przemysłowy,Przestrzenie publiczne,Rewitalizacja,Młode rodziny,Maksymalizacja zieleni
6,49_1,1,5,2,0,0,Przemysłowy,Przestrzenie publiczne,Rewitalizacja,Młode rodziny,Maksymalizacja zieleni
6,52_1,1,5,2,0,0,Przemysłowy,Przestrzenie publiczne,Rewitalizacja,Młode rodziny,Maksymalizacja zieleni
6,57_1,1,5,2,1,0,Przemysłowy,Przestrzenie publiczne,Rewitalizacja,Młode rodziny,Maksymalizacja zieleni
6,60_1,1,5,2,1,0,Przemysłowy,Przestrzenie publiczne,Rewitalizacja,Młode rodziny,Maksymalizacja zieleni
6,64_1,1,5,2,1,0,Przemysłowy,Przestrzenie publiczne,Rewitalizacja,Młode rodziny,Maksymalizacja zieleni
6,68_1,1,5,2,0,0,Przemysłowy,Przestrzenie publiczne,Rewitalizacja,Młode rodziny,Maksymalizacja zieleni
6,71_1,1,5,2,0,0,Przemysłowy,Przestrzenie publiczne,Rewitalizacja,Młode rodziny,Maksymalizacja zieleni
6,75_1,1,5,2,0,0,Przemysłowy,Przestrzenie publiczne,Rewitalizacja,Młode rodziny,Maksymalizacja zieleni
6,78_1,1,5,2,0,0,Przemysłowy,Przestrzenie publiczne,Rewitalizacja,Młode rodziny,Maksymalizacja zieleni
6,2_2,2,4,2,0,0,Przemysłowy,Przestrzenie publiczne,Rewitalizacja,Młode rodziny,Maksymalizacja zieleni
6,5_2,2,4,2,0,0,Przemysłowy,Przestrzenie publiczne,Rewitalizacja,Młode rodziny,Maksymalizacja zieleni
6,9_2,2,4,2,1,0,Przemysłowy,Przestrzenie publiczne,Rewitalizacja,Młode rodziny,Maksymalizacja zieleni
6,13_2,2,4,2,0,0,Przemysłowy,Przestrzenie publiczne,Rewitalizacja,Młode rodziny,Maksymalizacja zieleni
6,17_2,2,4,2,1,0,Przemysłowy,Przestrzenie publiczne,Rewitalizacja,Młode rodziny,Maksymalizacja zieleni
6,21_2,2,4,2,0,0,Przemysłowy,Przestrzenie publiczne,Rewitalizacja,Młode rodziny,Maksymalizacja zieleni
6,26_2,2,4,2,0,0,Przemysłowy,Przestrzenie publiczne,Rewitalizacja,Młode rodziny,Maksymalizacja zieleni
6,33_2,2,4,2,0,0,Przemysłowy,Przestrzenie publiczne,Rewitalizacja,Młode rodziny,Maksymalizacja zieleni
6,37_2,2,4,2,0,0,Przemysłowy,Przestrzenie publiczne,Rewitalizacja,Młode rodziny,Maksymalizacja zieleni
6,40_2,2,4,2,1,0,Przemysłowy,Przestrzenie publiczne,Rewitalizacja,Młode rodziny,Maksymalizacja zieleni
6,44_2,2,4,2,1,0,Przemysłowy,Przestrzenie publiczne,Rewitalizacja,Młode rodziny,Maksymalizacja zieleni
6,48_2,2,4,2,0,0,Przemysłowy,Przestrzenie publiczne,Rewitalizacja,Młode rodziny,Maksymalizacja zieleni
6,51_2,2,4,2,1,0,Przemysłowy,Przestrzenie publiczne,Rewitalizacja,Młode rodziny,Maksymalizacja zieleni
6,55_2,2,4,2,1,0,Przemysłowy,Przestrzenie publiczne,Rewitalizacja,Młode rodziny,Maksymalizacja zieleni
6,56_2,2,4,2,1,0,Przemysłowy,Przestrzenie publiczne,Rewitalizacja,Młode rodziny,Maksymalizacja zieleni
6,63_2,2,4,2,0,0,Przemysłowy,Przestrzenie publiczne,Rewitalizacja,Młode rodziny,Maksymalizacja zieleni
6,67_2,2,4,2,0,0,Przemysłowy,Przestrzenie publiczne,Rewitalizacja,Młode rodziny,Maksymalizacja zieleni
6,70_2,2,4,2,1,0,Przemysłowy,Przestrzenie publiczne,Rewitalizacja,Młode rodziny,Maksymalizacja zieleni
6,74_2,2,4,2,0,0,Przemysłowy,Przestrzenie publiczne,Rewitalizacja,Młode rodziny,Maksymalizacja zieleni
6,3_3,3,3,1,1,0,Przemysłowy,Przestrzenie publiczne,Rewitalizacja,Młode rodziny,Maksymalizacja zieleni
6,6_3,3,3,1,0,0,Przemysłowy,Przestrzenie publiczne,Rewitalizacja,Młode rodziny,Maksymalizacja zieleni
6,8_3,3,3,1,0,0,Przemysłowy,Przestrzenie publiczne,Rewitalizacja,Młode rodziny,Maksymalizacja zieleni
6,12_3,3,3,1,0,0,Przemysłowy,Przestrzenie publiczne,Rewitalizacja,Młode rodziny,Maksymalizacja zieleni
6,16_3,3,3,1,0,0,Przemysłowy,Przestrzenie publiczne,Rewitalizacja,Młode rodziny,Maksymalizacja zieleni
6,20_3,3,3,1,1,0,Przemysłowy,Przestrzenie publiczne,Rewitalizacja,Młode rodziny,Maksymalizacja zieleni
6,25_3,3,3,1,0,0,Przemysłowy,Przestrzenie publiczne,Rewitalizacja,Młode rodziny,Maksymalizacja zieleni
6,29_3,3,3,1,0,0,Przemysłowy,Przestrzenie publiczne,Rewitalizacja,Młode rodziny,Maksymalizacja zieleni
6,32_3,3,3,1,0,0,Przemysłowy,Przestrzenie publiczne,Rewitalizacja,Młode rodziny,Maksymalizacja zieleni
6,36_3,3,3,1,1,0,Przemysłowy,Przestrzenie publiczne,Rewitalizacja,Młode rodziny,Maksymalizacja zieleni
6,43_3,3,3,1,0,0,Przemysłowy,Przestrzenie publiczne,Rewitalizacja,Młode rodziny,Maksymalizacja zieleni
6,47_3,3,3,1,1,0,Przemysłowy,Przestrzenie publiczne,Rewitalizacja,Młode rodziny,Maksymalizacja zieleni
6,50_3,3,3,1,0,0,Przemysłowy,Przestrzenie publiczne,Rewitalizacja,Młode rodziny,Maksymalizacja zieleni
6,54_3,3,3,1,1,0,Przemysłowy,Przestrzenie publiczne,Rewitalizacja,Młode rodziny,Maksymalizacja zieleni
6,59_3,3,3,1,1,0,Przemysłowy,Przestrzenie publiczne,Rewitalizacja,Młode rodziny,Maksymalizacja zieleni
6,62_3,3,3,1,1,0,Przemysłowy,Przestrzenie publiczne,Rewitalizacja,Młode rodziny,Maksymalizacja zieleni
6,66_3,3,3,1,1,0,Przemysłowy,Przestrzenie publiczne,Rewitalizacja,Młode rodziny,Maksymalizacja zieleni
6,73_3,3,3,1,0,0,Przemysłowy,Przestrzenie publiczne,Rewitalizacja,Młode rodziny,Maksymalizacja zieleni
6,1_4,4,8,1,1,0,Przemysłowy,Przestrzenie publiczne,Rewitalizacja,Młode rodziny,Maksymalizacja zieleni
6,4_4,4,8,1,1,0,Przemysłowy,Przestrzenie publiczne,Rewitalizacja,Młode rodziny,Maksymalizacja zieleni
6,11_4,4,8,1,0,0,Przemysłowy,Przestrzenie publiczne,Rewitalizacja,Młode rodziny,Maksymalizacja zieleni
6,15_4,4,8,1,0,0,Przemysłowy,Przestrzenie publiczne,Rewitalizacja,Młode rodziny,Maksymalizacja zieleni
6,19_4,4,8,1,1,0,Przemysłowy,Przestrzenie publiczne,Rewitalizacja,Młode rodziny,Maksymalizacja zieleni
6,24_4,4,8,1,0,0,Przemysłowy,Przestrzenie publiczne,Rewitalizacja,Młode rodziny,Maksymalizacja zieleni
6,28_4,4,8,1,1,0,Przemysłowy,Przestrzenie publiczne,Rewitalizacja,Młode rodziny,Maksymalizacja zieleni
6,31_4,4,8,1,0,0,Przemysłowy,Przestrzenie publiczne,Rewitalizacja,Młode rodziny,Maksymalizacja zieleni
6,35_4,4,8,1,0,0,Przemysłowy,Przestrzenie publiczne,Rewitalizacja,Młode rodziny,Maksymalizacja zieleni
6,39_4,4,8,1,0,0,Przemysłowy,Przestrzenie publiczne,Rewitalizacja,Młode rodziny,Maksymalizacja zieleni
6,42_4,4,8,1,0,0,Przemysłowy,Przestrzenie publiczne,Rewitalizacja,Młode rodziny,Maksymalizacja zieleni
6,46_4,4,8,1,1,0,Przemysłowy,Przestrzenie publiczne,Rewitalizacja,Młode rodziny,Maksymalizacja zieleni
6,53_4,4,8,1,0,0,Przemysłowy,Przestrzenie publiczne,Rewitalizacja,Młode rodziny,Maksymalizacja zieleni
6,58_4,4,8,1,1,0,Przemysłowy,Przestrzenie publiczne,Rewitalizacja,Młode rodziny,Maksymalizacja zieleni
6,61_4,4,8,1,1,0,Przemysłowy,Przestrzenie publiczne,Rewitalizacja,Młode rodziny,Maksymalizacja zieleni
6,65_4,4,8,1,0,0,Przemysłowy,Przestrzenie publiczne,Rewitalizacja,Młode rodziny,Maksymalizacja zieleni
6,69_4,4,8,1,0,0,Przemysłowy,Przestrzenie publiczne,Rewitalizacja,Młode rodziny,Maksymalizacja zieleni
6,72_4,4,8,1,1,0,Przemysłowy,Przestrzenie publiczne,Rewitalizacja,Młode rodziny,Maksymalizacja zieleni
6,76_4,4,8,1,0,0,Przemysłowy,Przestrzenie publiczne,Rewitalizacja,Młode rodziny,Maksymalizacja zieleni
6,7_5,5,8,2,0,0,Przemysłowy,Przestrzenie publiczne,Rewitalizacja,Młode rodziny,Maksymalizacja zieleni
6,10_5,5,8,2,1,0,Przemysłowy,Przestrzenie publiczne,Rewitalizacja,Młode rodziny,Maksymalizacja zieleni
6,14_5,5,8,2,1,0,Przemysłowy,Przestrzenie publiczne,Rewitalizacja,Młode rodziny,Maksymalizacja zieleni
6,18_5,5,8,2,1,0,Przemysłowy,Przestrzenie publiczne,Rewitalizacja,Młode rodziny,Maksymalizacja zieleni
6,23_5,5,8,2,1,0,Przemysłowy,Przestrzenie publiczne,Rewitalizacja,Młode rodziny,Maksymalizacja zieleni
6,27_5,5,8,2,1,0,Przemysłowy,Przestrzenie publiczne,Rewitalizacja,Młode rodziny,Maksymalizacja zieleni
6,30_5,5,8,2,0,0,Przemysłowy,Przestrzenie publiczne,Rewitalizacja,Młode rodziny,Maksymalizacja zieleni
6,34_5,5,8,2,0,0,Przemysłowy,Przestrzenie publiczne,Rewitalizacja,Młode rodziny,Maksymalizacja zieleni
6,38_5,5,8,2,1,0,Przemysłowy,Przestrzenie publiczne,Rewitalizacja,Młode rodziny,Maksymalizacja zieleni
6,41_5,5,8,2,1,0,Przemysłowy,Przestrzenie publiczne,Rewitalizacja,Młode rodziny,Maksymalizacja zieleni
6,45_5,5,8,2,1,0,Przemysłowy,Przestrzenie publiczne,Rewitalizacja,Młode rodziny,Maksymalizacja zieleni
6,49_5,5,8,2,1,0,Przemysłowy,Przestrzenie publiczne,Rewitalizacja,Młode rodziny,Maksymalizacja zieleni
6,52_5,5,8,2,1,0,Przemysłowy,Przestrzenie publiczne,Rewitalizacja,Młode rodziny,Maksymalizacja zieleni
6,57_5,5,8,2,1,0,Przemysłowy,Przestrzenie publiczne,Rewitalizacja,Młode rodziny,Maksymalizacja zieleni
6,60_5,5,8,2,0,0,Przemysłowy,Przestrzenie publiczne,Rewitalizacja,Młode rodziny,Maksymalizacja zieleni
6,64_5,5,8,2,1,0,Przemysłowy,Przestrzenie publiczne,Rewitalizacja,Młode rodziny,Maksymalizacja zieleni
6,68_5,5,8,2,0,0,Przemysłowy,Przestrzenie publiczne,Rewitalizacja,Młode rodziny,Maksymalizacja zieleni
6,71_5,5,8,2,0,0,Przemysłowy,Przestrzenie publiczne,Rewitalizacja,Młode rodziny,Maksymalizacja zieleni
6,75_5,5,8,2,0,0,Przemysłowy,Przestrzenie publiczne,Rewitalizacja,Młode rodziny,Maksymalizacja zieleni
7,7_1,1,1,2,1,0,Lokalny,Obiekty usługowe,Zabudowa zwarta,Usługi zdrowotne,Priorytet gospodarczy
7,10_1,1,1,2,1,0,Lokalny,Obiekty usługowe,Zabudowa zwarta,Usługi zdrowotne,Priorytet gospodarczy
7,14_1,1,1,2,1,0,Lokalny,Obiekty usługowe,Zabudowa zwarta,Usługi zdrowotne,Priorytet gospodarczy
7,18_1,1,1,2,1,0,Lokalny,Obiekty usługowe,Zabudowa zwarta,Usługi zdrowotne,Priorytet gospodarczy
7,22_1,1,1,2,0,0,Lokalny,Obiekty usługowe,Zabudowa zwarta,Usługi zdrowotne,Priorytet gospodarczy
7,23_1,1,1,2,0,0,Lokalny,Obiekty usługowe,Zabudowa zwarta,Usługi zdrowotne,Priorytet gospodarczy
7,27_1,1,1,2,0,0,Lokalny,Obiekty usługowe,Zabudowa zwarta,Usługi zdrowotne,Priorytet gospodarczy
7,30_1,1,1,2,0,0,Lokalny,Obiekty usługowe,Zabudowa zwarta,Usługi zdrowotne,Priorytet gospodarczy
7,34_1,1,1,2,0,0,Lokalny,Obiekty usługowe,Zabudowa zwarta,Usługi zdrowotne,Priorytet gospodarczy
7,38_1,1,1,2,0,0,Lokalny,Obiekty usługowe,Zabudowa zwarta,Usługi zdrowotne,Priorytet gospodarczy
7,41_1,1,1,2,1,0,Lokalny,Obiekty usługowe,Zabudowa zwarta,Usługi zdrowotne,Priorytet gospodarczy
7,45_1,1,1,2,1,0,Lokalny,Obiekty usługowe,Zabudowa zwarta,Usługi zdrowotne,Priorytet gospodarczy
7,49_1,1,1,2,0,0,Lokalny,Obiekty usługowe,Zabudowa zwarta,Usługi zdrowotne,Priorytet gospodarczy
7,52_1,1,1,2,0,0,Lokalny,Obiekty usługowe,Zabudowa zwarta,Usługi zdrowotne,Priorytet gospodarczy
7,57_1,1,1,2,0,0,Lokalny,Obiekty usługowe,Zabudowa zwarta,Usługi zdrowotne,Priorytet gospodarczy
7,60_1,1,1,2,1,0,Lokalny,Obiekty usługowe,Zabudowa zwarta,Usługi zdrowotne,Priorytet gospodarczy
7,64_1,1,1,2,1,0,Lokalny,Obiekty usługowe,Zabudowa zwarta,Usługi zdrowotne,Priorytet gospodarczy
7,68_1,1,1,2,1,0,Lokalny,Obiekty usługowe,Zabudowa zwarta,Usługi zdrowotne,Priorytet gospodarczy
7,71_1,1,1,2,0,0,Lokalny,Obiekty usługowe,Zabudowa zwarta,Usługi zdrowotne,Priorytet gospodarczy
7,75_1,1,1,2,0,0,Lokalny,Obiekty usługowe,Zabudowa zwarta,Usługi zdrowotne,Priorytet gospodarczy
7,78_1,1,1,2,1,0,Lokalny,Obiekty usługowe,Zabudowa zwarta,Usługi zdrowotne,Priorytet gospodarczy
7,2_2,2,3,1,1,0,Lokalny,Obiekty usługowe,Zabudowa zwarta,Usługi zdrowotne,Priorytet gospodarczy
7,5_2,2,3,1,0,0,Lokalny,Obiekty usługowe,Zabudowa zwarta,Usługi zdrowotne,Priorytet gospodarczy
7,9_2,2,3,1,0,0,Lokalny,Obiekty usługowe,Zabudowa zwarta,Usługi zdrowotne,Priorytet gospodarczy
7,13_2,2,3,1,1,0,Lokalny,Obiekty usługowe,Zabudowa zwarta,Usługi zdrowotne,Priorytet gospodarczy
7,17_2,2,3,1,1,0,Lokalny,Obiekty usługowe,Zabudowa zwarta,Usługi zdrowotne,Priorytet gospodarczy
7,21_2,2,3,1,0,0,Lokalny,Obiekty usługowe,Zabudowa zwarta,Usługi zdrowotne,Priorytet gospodarczy
7,26_2,2,3,1,1,0,Lokalny,Obiekty usługowe,Zabudowa zwarta,Usługi zdrowotne,Priorytet gospodarczy
7,33_2,2,3,1,0,0,Lokalny,Obiekty usługowe,Zabudowa zwarta,Usługi zdrowotne,Priorytet gospodarczy
7,37_2,2,3,1,1,0,Lokalny,Obiekty usługowe,Zabudowa zwarta,Usługi zdrowotne,Priorytet gospodarczy
7,40_2,2,3,1,0,0,Lokalny,Obiekty usługowe,Zabudowa zwarta,Usługi zdrowotne,Priorytet gospodarczy
7,44_2,2,3,1,0,0,Lokalny,Obiekty usługowe,Zabudowa zwarta,Usługi zdrowotne,Priorytet gospodarczy
7,48_2,2,3,1,0,0,Lokalny,Obiekty usługowe,Zabudowa zwarta,Usługi zdrowotne,Priorytet gospodarczy
7,51_2,2,3,1,1,0,Lokalny,Obiekty usługowe,Zabudowa zwarta,Usługi zdrowotne,Priorytet gospodarczy
7,55_2,2,3,1,0,0,Lokalny,Obiekty usługowe,Zabudowa zwarta,Usługi zdrowotne,Priorytet gospodarczy
7,56_2,2,3,1,0,0,Lokalny,Obiekty usługowe,Zabudowa zwarta,Usługi zdrowotne,Priorytet gospodarczy
7,63_2,2,3,1,1,0,Lokalny,Obiekty usługowe,Zabudowa zwarta,Usługi zdrowotne,Priorytet gospodarczy
7,67_2,2,3,1,0,0,Lokalny,Obiekty usługowe,Zabudowa zwarta,Usługi zdrowotne,Priorytet gospodarczy
7,70_2,2,3,1,1,0,Lokalny,Obiekty usługowe,Zabudowa zwarta,Usługi zdrowotne,Priorytet gospodarczy
7,74_2,2,3,1,0,0,Lokalny,Obiekty usługowe,Zabudowa zwarta,Usługi zdrowotne,Priorytet gospodarczy
7,3_3,3,2,2,0,0,Lokalny,Obiekty usługowe,Zabudowa zwarta,Usługi zdrowotne,Priorytet gospodarczy
7,6_3,3,2,2,1,0,Lokalny,Obiekty usługowe,Zabudowa zwarta,Usługi zdrowotne,Priorytet gospodarczy
7,8_3,3,2,2,1,0,Lokalny,Obiekty usługowe,Zabudowa zwarta,Usługi zdrowotne,Priorytet gospodarczy
7,12_3,3,2,2,0,0,Lokalny,Obiekty usługowe,Zabudowa zwarta,Usługi zdrowotne,Priorytet gospodarczy
7,16_3,3,2,2,0,0,Lokalny,Obiekty usługowe,Zabudowa zwarta,Usługi zdrowotne,Priorytet gospodarczy
7,20_3,3,2,2,1,0,Lokalny,Obiekty usługowe,Zabudowa zwarta,Usługi zdrowotne,Priorytet gospodarczy
7,25_3,3,2,2,1,0,Lokalny,Obiekty usługowe,Zabudowa zwarta,Usługi zdrowotne,Priorytet gospodarczy
7,29_3,3,2,2,0,0,Lokalny,Obiekty usługowe,Zabudowa zwarta,Usługi zdrowotne,Priorytet gospodarczy
7,32_3,3,2,2,1,0,Lokalny,Obiekty usługowe,Zabudowa zwarta,Usługi zdrowotne,Priorytet gospodarczy
7,36_3,3,2,2,1,0,Lokalny,Obiekty usługowe,Zabudowa zwarta,Usługi zdrowotne,Priorytet gospodarczy
7,43_3,3,2,2,1,0,Lokalny,Obiekty usługowe,Zabudowa zwarta,Usługi zdrowotne,Priorytet gospodarczy
7,47_3,3,2,2,1,0,Lokalny,Obiekty usługowe,Zabudowa zwarta,Usługi zdrowotne,Priorytet gospodarczy
7,50_3,3,2,2,0,0,Lokalny,Obiekty usługowe,Zabudowa zwarta,Usługi zdrowotne,Priorytet gospodarczy
7,54_3,3,2,2,0,0,Lokalny,Obiekty usługowe,Zabudowa zwarta,Usługi zdrowotne,Priorytet gospodarczy
7,59_3,3,2,2,1,0,Lokalny,Obiekty usługowe,Zabudowa zwarta,Usługi zdrowotne,Priorytet gospodarczy
7,62_3,3,2,2,0,0,Lokalny,Obiekty usługowe,Zabudowa zwarta,Usługi zdrowotne,Priorytet gospodarczy
7,66_3,3,2,2,1,0,Lokalny,Obiekty usługowe,Zabudowa zwarta,Usługi zdrowotne,Priorytet gospodarczy
7,73_3,3,2,2,0,0,Lokalny,Obiekty usługowe,Zabudowa zwarta,Usługi zdrowotne,Priorytet gospodarczy
7,1_4,4,4,1,1,0,Lokalny,Obiekty usługowe,Zabudowa zwarta,Usługi zdrowotne,Priorytet gospodarczy
7,4_4,4,4,1,1,0,Lokalny,Obiekty usługowe,Zabudowa zwarta,Usługi zdrowotne,Priorytet gospodarczy
7,11_4,4,4,1,0,0,Lokalny,Obiekty usługowe,Zabudowa zwarta,Usługi zdrowotne,Priorytet gospodarczy
7,15_4,4,4,1,0,0,Lokalny,Obiekty usługowe,Zabudowa zwarta,Usługi zdrowotne,Priorytet gospodarczy
7,19_4,4,4,1,0,0,Lokalny,Obiekty usługowe,Zabudowa zwarta,Usługi zdrowotne,Priorytet gospodarczy
7,24_4,4,4,1,0,0,Lokalny,Obiekty usługowe,Zabudowa zwarta,Usługi zdrowotne,Priorytet gospodarczy
7,28_4,4,4,1,1,0,Lokalny,Obiekty usługowe,Zabudowa zwarta,Usługi zdrowotne,Priorytet gospodarczy
7,31_4,4,4,1,0,0,Lokalny,Obiekty usługowe,Zabudowa zwarta,Usługi zdrowotne,Priorytet gospodarczy
7,35_4,4,4,1,0,0,Lokalny,Obiekty usługowe,Zabudowa zwarta,Usługi zdrowotne,Priorytet gospodarczy
7,39_4,4,4,1,0,0,Lokalny,Obiekty usługowe,Zabudowa zwarta,Usługi zdrowotne,Priorytet gospodarczy
7,42_4,4,4,1,1,0,Lokalny,Obiekty usługowe,Zabudowa zwarta,Usługi zdrowotne,Priorytet gospodarczy
7,46_4,4,4,1,1,0,Lokalny,Obiekty usługowe,Zabudowa zwarta,Usługi zdrowotne,Priorytet gospodarczy
7,53_4,4,4,1,1,0,Lokalny,Obiekty usługowe,Zabudowa zwarta,Usługi zdrowotne,Priorytet gospodarczy
7,58_4,4,4,1,0,0,Lokalny,Obiekty usługowe,Zabudowa zwarta,Usługi zdrowotne,Priorytet gospodarczy
7,61_4,4,4,1,1,0,Lokalny,Obiekty usługowe,Zabudowa zwarta,Usługi zdrowotne,Priorytet gospodarczy
7,65_4,4,4,1,0,0,Lokalny,Obiekty usługowe,Zabudowa zwarta,Usługi zdrowotne,Priorytet gospodarczy
7,69_4,4,4,1,0,0,Lokalny,Obiekty usługowe,Zabudowa zwarta,Usługi zdrowotne,Priorytet gospodarczy
7,72_4,4,4,1,0,0,Lokalny,Obiekty usługowe,Zabudowa zwarta,Usługi zdrowotne,Priorytet gospodarczy
7,76_4,4,4,1,0,0,Lokalny,Obiekty usługowe,Zabudowa zwarta,Usługi zdrowotne,Priorytet gospodarczy
7,7_5,5,6,2,0,0,Lokalny,Obiekty usługowe,Zabudowa zwarta,Usługi zdrowotne,Priorytet gospodarczy
7,10_5,5,6,2,0,0,Lokalny,Obiekty usługowe,Zabudowa zwarta,Usługi zdrowotne,Priorytet gospodarczy
7,14_5,5,6,2,0,0,Lokalny,Obiekty usługowe,Zabudowa zwarta,Usługi zdrowotne,Priorytet gospodarczy
7,18_5,5,6,2,1,0,Lokalny,Obiekty usługowe,Zabudowa zwarta,Usługi zdrowotne,Priorytet gospodarczy
7,23_5,5,6,2,1,0,Lokalny,Obiekty usługowe,Zabudowa zwarta,Usługi zdrowotne,Priorytet gospodarczy
7,27_5,5,6,2,0,0,Lokalny,Obiekty usługowe,Zabudowa zwarta,Usługi zdrowotne,Priorytet gospodarczy
7,30_5,5,6,2,0,0,Lokalny,Obiekty usługowe,Zabudowa zwarta,Usługi zdrowotne,Priorytet gospodarczy
7,34_5,5,6,2,0,0,Lokalny,Obiekty usługowe,Zabudowa zwarta,Usługi zdrowotne,Priorytet gospodarczy
7,38_5,5,6,2,0,0,Lokalny,Obiekty usługowe,Zabudowa zwarta,Usługi zdrowotne,Priorytet gospodarczy
7,41_5,5,6,2,1,0,Lokalny,Obiekty usługowe,Zabudowa zwarta,Usługi zdrowotne,Priorytet gospodarczy
7,45_5,5,6,2,0,0,Lokalny,Obiekty usługowe,Zabudowa zwarta,Usługi zdrowotne,Priorytet gospodarczy
7,49_5,5,6,2,0,0,Lokalny,Obiekty usługowe,Zabudowa zwarta,Usługi zdrowotne,Priorytet gospodarczy
7,52_5,5,6,2,0,0,Lokalny,Obiekty usługowe,Zabudowa zwarta,Usługi zdrowotne,Priorytet gospodarczy
7,57_5,5,6,2,0,0,Lokalny,Obiekty usługowe,Zabudowa zwarta,Usługi zdrowotne,Priorytet gospodarczy
7,60_5,5,6,2,0,0,Lokalny,Obiekty usługowe,Zabudowa zwarta,Usługi zdrowotne,Priorytet gospodarczy
7,64_5,5,6,2,0,0,Lokalny,Obiekty usługowe,Zabudowa zwarta,Usługi zdrowotne,Priorytet gospodarczy
7,68_5,5,6,2,1,0,Lokalny,Obiekty usługowe,Zabudowa zwarta,Usługi zdrowotne,Priorytet gospodarczy
7,71_5,5,6,2,0,0,Lokalny,Obiekty usługowe,Zabudowa zwarta,Usługi zdrowotne,Priorytet gospodarczy
7,75_5,5,6,2,1,0,Lokalny,Obiekty usługowe,Zabudowa zwarta,Usługi zdrowotne,Priorytet gospodarczy
8,7_1,1,4,1,1,0,Specjalistyczny,Tereny przemysłowe,Domy jednorodzinne,Oferta kulturalna,Rekultywacja terenów
8,10_1,1,4,1,0,0,Specjalistyczny,Tereny przemysłowe,Domy jednorodzinne,Oferta kulturalna,Rekultywacja terenów
8,14_1,1,4,1,1,0,Specjalistyczny,Tereny przemysłowe,Domy jednorodzinne,Oferta kulturalna,Rekultywacja terenów
8,18_1,1,4,1,0,0,Specjalistyczny,Tereny przemysłowe,Domy jednorodzinne,Oferta kulturalna,Rekultywacja terenów
8,22_1,1,4,1,1,0,Specjalistyczny,Tereny przemysłowe,Domy jednorodzinne,Oferta kulturalna,Rekultywacja terenów
8,23_1,1,4,1,0,0,Specjalistyczny,Tereny przemysłowe,Domy jednorodzinne,Oferta kulturalna,Rekultywacja terenów
8,27_1,1,4,1,0,0,Specjalistyczny,Tereny przemysłowe,Domy jednorodzinne,Oferta kulturalna,Rekultywacja terenów
8,30_1,1,4,1,0,0,Specjalistyczny,Tereny przemysłowe,Domy jednorodzinne,Oferta kulturalna,Rekultywacja terenów
8,34_1,1,4,1,0,0,Specjalistyczny,Tereny przemysłowe,Domy jednorodzinne,Oferta kulturalna,Rekultywacja terenów
8,38_1,1,4,1,0,0,Specjalistyczny,Tereny przemysłowe,Domy jednorodzinne,Oferta kulturalna,Rekultywacja terenów
8,41_1,1,4,1,1,0,Specjalistyczny,Tereny przemysłowe,Domy jednorodzinne,Oferta kulturalna,Rekultywacja terenów
8,45_1,1,4,1,1,0,Specjalistyczny,Tereny przemysłowe,Domy jednorodzinne,Oferta kulturalna,Rekultywacja terenów
8,49_1,1,4,1,0,0,Specjalistyczny,Tereny przemysłowe,Domy jednorodzinne,Oferta kulturalna,Rekultywacja terenów
8,52_1,1,4,1,0,0,Specjalistyczny,Tereny przemysłowe,Domy jednorodzinne,Oferta kulturalna,Rekultywacja terenów
8,57_1,1,4,1,1,0,Specjalistyczny,Tereny przemysłowe,Domy jednorodzinne,Oferta kulturalna,Rekultywacja terenów
8,60_1,1,4,1,0,0,Specjalistyczny,Tereny przemysłowe,Domy jednorodzinne,Oferta kulturalna,Rekultywacja terenów
8,64_1,1,4,1,0,0,Specjalistyczny,Tereny przemysłowe,Domy jednorodzinne,Oferta kulturalna,Rekultywacja terenów
8,68_1,1,4,1,1,0,Specjalistyczny,Tereny przemysłowe,Domy jednorodzinne,Oferta kulturalna,Rekultywacja terenów
8,71_1,1,4,1,1,0,Specjalistyczny,Tereny przemysłowe,Domy jednorodzinne,Oferta kulturalna,Rekultywacja terenów
8,75_1,1,4,1,1,0,Specjalistyczny,Tereny przemysłowe,Domy jednorodzinne,Oferta kulturalna,Rekultywacja terenów
8,78_1,1,4,1,1,0,Specjalistyczny,Tereny przemysłowe,Domy jednorodzinne,Oferta kulturalna,Rekultywacja terenów
8,2_2,2,6,2,0,0,Specjalistyczny,Tereny przemysłowe,Domy jednorodzinne,Oferta kulturalna,Rekultywacja terenów
8,5_2,2,6,2,0,0,Specjalistyczny,Tereny przemysłowe,Domy jednorodzinne,Oferta kulturalna,Rekultywacja terenów
8,9_2,2,6,2,0,0,Specjalistyczny,Tereny przemysłowe,Domy jednorodzinne,Oferta kulturalna,Rekultywacja terenów
8,13_2,2,6,2,1,0,Specjalistyczny,Tereny przemysłowe,Domy jednorodzinne,Oferta kulturalna,Rekultywacja terenów
8,17_2,2,6,2,0,0,Specjalistyczny,Tereny przemysłowe,Domy jednorodzinne,Oferta kulturalna,Rekultywacja terenów
8,21_2,2,6,2,0,0,Specjalistyczny,Tereny przemysłowe,Domy jednorodzinne,Oferta kulturalna,Rekultywacja terenów
8,26_2,2,6,2,1,0,Specjalistyczny,Tereny przemysłowe,Domy jednorodzinne,Oferta kulturalna,Rekultywacja terenów
8,33_2,2,6,2,0,0,Specjalistyczny,Tereny przemysłowe,Domy jednorodzinne,Oferta kulturalna,Rekultywacja terenów
8,37_2,2,6,2,1,0,Specjalistyczny,Tereny przemysłowe,Domy jednorodzinne,Oferta kulturalna,Rekultywacja terenów
8,40_2,2,6,2,1,0,Specjalistyczny,Tereny przemysłowe,Domy jednorodzinne,Oferta kulturalna,Rekultywacja terenów
8,44_2,2,6,2,0,0,Specjalistyczny,Tereny przemysłowe,Domy jednorodzinne,Oferta kulturalna,Rekultywacja terenów
8,48_2,2,6,2,0,0,Specjalistyczny,Tereny przemysłowe,Domy jednorodzinne,Oferta kulturalna,Rekultywacja terenów
8,51_2,2,6,2,0,0,Specjalistyczny,Tereny przemysłowe,Domy jednorodzinne,Oferta kulturalna,Rekultywacja terenów
8,55_2,2,6,2,0,0,Specjalistyczny,Tereny przemysłowe,Domy jednorodzinne,Oferta kulturalna,Rekultywacja terenów
8,56_2,2,6,2,1,0,Specjalistyczny,Tereny przemysłowe,Domy jednorodzinne,Oferta kulturalna,Rekultywacja terenów
8,63_2,2,6,2,1,0,Specjalistyczny,Tereny przemysłowe,Domy jednorodzinne,Oferta kulturalna,Rekultywacja terenów
8,67_2,2,6,2,0,0,Specjalistyczny,Tereny przemysłowe,Domy jednorodzinne,Oferta kulturalna,Rekultywacja terenów
8,70_2,2,6,2,0,0,Specjalistyczny,Tereny przemysłowe,Domy jednorodzinne,Oferta kulturalna,Rekultywacja terenów
8,74_2,2,6,2,1,0,Specjalistyczny,Tereny przemysłowe,Domy jednorodzinne,Oferta kulturalna,Rekultywacja terenów
8,3_3,3,5,1,0,0,Specjalistyczny,Tereny przemysłowe,Domy jednorodzinne,Oferta kulturalna,Rekultywacja terenów
8,6_3,3,5,1,1,0,Specjalistyczny,Tereny przemysłowe,Domy jednorodzinne,Oferta kulturalna,Rekultywacja terenów
8,8_3,3,5,1,1,0,Specjalistyczny,Tereny przemysłowe,Domy jednorodzinne,Oferta kulturalna,Rekultywacja terenów
8,12_3,3,5,1,1,0,Specjalistyczny,Tereny przemysłowe,Domy jednorodzinne,Oferta kulturalna,Rekultywacja terenów
8,16_3,3,5,1,0,0,Specjalistyczny,Tereny przemysłowe,Domy jednorodzinne,Oferta kulturalna,Rekultywacja terenów
8,20_3,3,5,1,0,0,Specjalistyczny,Tereny przemysłowe,Domy jednorodzinne,Oferta kulturalna,Rekultywacja terenów
8,25_3,3,5,1,1,0,Specjalistyczny,Tereny przemysłowe,Domy jednorodzinne,Oferta kulturalna,Rekultywacja terenów
8,29_3,3,5,1,1,0,Specjalistyczny,Tereny przemysłowe,Domy jednorodzinne,Oferta kulturalna,Rekultywacja terenów
8,32_3,3,5,1,0,0,Specjalistyczny,Tereny przemysłowe,Domy jednorodzinne,Oferta kulturalna,Rekultywacja terenów
8,36_3,3,5,1,0,0,Specjalistyczny,Tereny przemysłowe,Domy jednorodzinne,Oferta kulturalna,Rekultywacja terenów
8,43_3,3,5,1,0,0,Specjalistyczny,Tereny przemysłowe,Domy jednorodzinne,Oferta kulturalna,Rekultywacja terenów
8,47_3,3,5,1,0,0,Specjalistyczny,Tereny przemysłowe,Domy jednorodzinne,Oferta kulturalna,Rekultywacja terenów
8,50_3,3,5,1,0,0,Specjalistyczny,Tereny przemysłowe,Domy jednorodzinne,Oferta kulturalna,Rekultywacja terenów
8,54_3,3,5,1,0,0,Specjalistyczny,Tereny przemysłowe,Domy jednorodzinne,Oferta kulturalna,Rekultywacja terenów
8,59_3,3,5,1,1,0,Specjalistyczny,Tereny przemysłowe,Domy jednorodzinne,Oferta kulturalna,Rekultywacja terenów
8,62_3,3,5,1,0,0,Specjalistyczny,Tereny przemysłowe,Domy jednorodzinne,Oferta kulturalna,Rekultywacja terenów
8,66_3,3,5,1,0,0,Specjalistyczny,Tereny przemysłowe,Domy jednorodzinne,Oferta kulturalna,Rekultywacja terenów
8,73_3,3,5,1,0,0,Specjalistyczny,Tereny przemysłowe,Domy jednorodzinne,Oferta kulturalna,Rekultywacja terenów
8,1_4,4,7,2,0,0,Specjalistyczny,Tereny przemysłowe,Domy jednorodzinne,Oferta kulturalna,Rekultywacja terenów
8,4_4,4,7,2,0,0,Specjalistyczny,Tereny przemysłowe,Domy jednorodzinne,Oferta kulturalna,Rekultywacja terenów
8,11_4,4,7,2,0,0,Specjalistyczny,Tereny przemysłowe,Domy jednorodzinne,Oferta kulturalna,Rekultywacja terenów
8,15_4,4,7,2,0,0,Specjalistyczny,Tereny przemysłowe,Domy jednorodzinne,Oferta kulturalna,Rekultywacja terenów
8,19_4,4,7,2,0,0,Specjalistyczny,Tereny przemysłowe,Domy jednorodzinne,Oferta kulturalna,Rekultywacja terenów
8,24_4,4,7,2,1,0,Specjalistyczny,Tereny przemysłowe,Domy jednorodzinne,Oferta kulturalna,Rekultywacja terenów
8,28_4,4,7,2,0,0,Specjalistyczny,Tereny przemysłowe,Domy jednorodzinne,Oferta kulturalna,Rekultywacja terenów
8,31_4,4,7,2,0,0,Specjalistyczny,Tereny przemysłowe,Domy jednorodzinne,Oferta kulturalna,Rekultywacja terenów
8,35_4,4,7,2,1,0,Specjalistyczny,Tereny przemysłowe,Domy jednorodzinne,Oferta kulturalna,Rekultywacja terenów
8,39_4,4,7,2,1,0,Specjalistyczny,Tereny przemysłowe,Domy jednorodzinne,Oferta kulturalna,Rekultywacja terenów
8,42_4,4,7,2,1,0,Specjalistyczny,Tereny przemysłowe,Domy jednorodzinne,Oferta kulturalna,Rekultywacja terenów
8,46_4,4,7,2,1,0,Specjalistyczny,Tereny przemysłowe,Domy jednorodzinne,Oferta kulturalna,Rekultywacja terenów
8,53_4,4,7,2,1,0,Specjalistyczny,Tereny przemysłowe,Domy jednorodzinne,Oferta kulturalna,Rekultywacja terenów
8,58_4,4,7,2,0,0,Specjalistyczny,Tereny przemysłowe,Domy jednorodzinne,Oferta kulturalna,Rekultywacja terenów
8,61_4,4,7,2,1,0,Specjalistyczny,Tereny przemysłowe,Domy jednorodzinne,Oferta kulturalna,Rekultywacja terenów
8,65_4,4,7,2,0,0,Specjalistyczny,Tereny przemysłowe,Domy jednorodzinne,Oferta kulturalna,Rekultywacja terenów
8,69_4,4,7,2,0,0,Specjalistyczny,Tereny przemysłowe,Domy jednorodzinne,Oferta kulturalna,Rekultywacja terenów
8,72_4,4,7,2,0,0,Specjalistyczny,Tereny przemysłowe,Domy jednorodzinne,Oferta kulturalna,Rekultywacja terenów
8,76_4,4,7,2,0,0,Specjalistyczny,Tereny przemysłowe,Domy jednorodzinne,Oferta kulturalna,Rekultywacja terenów
8,7_5,5,1,1,1,0,Specjalistyczny,Tereny przemysłowe,Domy jednorodzinne,Oferta kulturalna,Rekultywacja terenów
8,10_5,5,1,1,0,0,Specjalistyczny,Tereny przemysłowe,Domy jednorodzinne,Oferta kulturalna,Rekultywacja terenów
8,14_5,5,1,1,1,0,Specjalistyczny,Tereny przemysłowe,Domy jednorodzinne,Oferta kulturalna,Rekultywacja terenów
8,18_5,5,1,1,1,0,Specjalistyczny,Tereny przemysłowe,Domy jednorodzinne,Oferta kulturalna,Rekultywacja terenów
8,23_5,5,1,1,1,0,Specjalistyczny,Tereny przemysłowe,Domy jednorodzinne,Oferta kulturalna,Rekultywacja terenów
8,27_5,5,1,1,1,0,Specjalistyczny,Tereny przemysłowe,Domy jednorodzinne,Oferta kulturalna,Rekultywacja terenów
8,30_5,5,1,1,0,0,Specjalistyczny,Tereny przemysłowe,Domy jednorodzinne,Oferta kulturalna,Rekultywacja terenów
8,34_5,5,1,1,0,0,Specjalistyczny,Tereny przemysłowe,Domy jednorodzinne,Oferta kulturalna,Rekultywacja terenów
8,38_5,5,1,1,0,0,Specjalistyczny,Tereny przemysłowe,Domy jednorodzinne,Oferta kulturalna,Rekultywacja terenów
8,41_5,5,1,1,0,0,Specjalistyczny,Tereny przemysłowe,Domy jednorodzinne,Oferta kulturalna,Rekultywacja terenów
8,45_5,5,1,1,0,0,Specjalistyczny,Tereny przemysłowe,Domy jednorodzinne,Oferta kulturalna,Rekultywacja terenów
8,49_5,5,1,1,0,0,Specjalistyczny,Tereny przemysłowe,Domy jednorodzinne,Oferta kulturalna,Rekultywacja terenów
8,52_5,5,1,1,0,0,Specjalistyczny,Tereny przemysłowe,Domy jednorodzinne,Oferta kulturalna,Rekultywacja terenów
8,57_5,5,1,1,1,0,Specjalistyczny,Tereny przemysłowe,Domy jednorodzinne,Oferta kulturalna,Rekultywacja terenów
8,60_5,5,1,1,0,0,Specjalistyczny,Tereny przemysłowe,Domy jednorodzinne,Oferta kulturalna,Rekultywacja terenów
8,64_5,5,1,1,1,0,Specjalistyczny,Tereny przemysłowe,Domy jednorodzinne,Oferta kulturalna,Rekultywacja terenów
8,68_5,5,1,1,1,0,Specjalistyczny,Tereny przemysłowe,Domy jednorodzinne,Oferta kulturalna,Rekultywacja terenów
8,71_5,5,1,1,0,0,Specjalistyczny,Tereny przemysłowe,Domy jednorodzinne,Oferta kulturalna,Rekultywacja terenów
8,75_5,5,1,1,0,0,Specjalistyczny,Tereny przemysłowe,Domy jednorodzinne,Oferta kulturalna,Rekultywacja terenów
9,7_1,1,12,1,0,0,Rezydencjalny,Połączenia z Wrocławiem,Budynki wielorodzinne,Partycypacja społeczna,Zrównoważone podejście
9,10_1,1,12,1,0,0,Rezydencjalny,Połączenia z Wrocławiem,Budynki wielorodzinne,Partycypacja społeczna,Zrównoważone podejście
9,14_1,1,12,1,1,0,Rezydencjalny,Połączenia z Wrocławiem,Budynki wielorodzinne,Partycypacja społeczna,Zrównoważone podejście
9,18_1,1,12,1,0,0,Rezydencjalny,Połączenia z Wrocławiem,Budynki wielorodzinne,Partycypacja społeczna,Zrównoważone podejście
9,22_1,1,12,1,1,0,Rezydencjalny,Połączenia z Wrocławiem,Budynki wielorodzinne,Partycypacja społeczna,Zrównoważone podejście
9,23_1,1,12,1,1,0,Rezydencjalny,Połączenia z Wrocławiem,Budynki wielorodzinne,Partycypacja społeczna,Zrównoważone podejście
9,27_1,1,12,1,0,0,Rezydencjalny,Połączenia z Wrocławiem,Budynki wielorodzinne,Partycypacja społeczna,Zrównoważone podejście
9,30_1,1,12,1,1,0,Rezydencjalny,Połączenia z Wrocławiem,Budynki wielorodzinne,Partycypacja społeczna,Zrównoważone podejście
9,34_1,1,12,1,1,0,Rezydencjalny,Połączenia z Wrocławiem,Budynki wielorodzinne,Partycypacja społeczna,Zrównoważone podejście
9,38_1,1,12,1,0,0,Rezydencjalny,Połączenia z Wrocławiem,Budynki wielorodzinne,Partycypacja społeczna,Zrównoważone podejście
9,41_1,1,12,1,1,0,Rezydencjalny,Połączenia z Wrocławiem,Budynki wielorodzinne,Partycypacja społeczna,Zrównoważone podejście
9,45_1,1,12,1,0,0,Rezydencjalny,Połączenia z Wrocławiem,Budynki wielorodzinne,Partycypacja społeczna,Zrównoważone podejście
9,49_1,1,12,1,1,0,Rezydencjalny,Połączenia z Wrocławiem,Budynki wielorodzinne,Partycypacja społeczna,Zrównoważone podejście
9,52_1,1,12,1,1,0,Rezydencjalny,Połączenia z Wrocławiem,Budynki wielorodzinne,Partycypacja społeczna,Zrównoważone podejście
9,57_1,1,12,1,1,0,Rezydencjalny,Połączenia z Wrocławiem,Budynki wielorodzinne,Partycypacja społeczna,Zrównoważone podejście
9,60_1,1,12,1,0,0,Rezydencjalny,Połączenia z Wrocławiem,Budynki wielorodzinne,Partycypacja społeczna,Zrównoważone podejście
9,64_1,1,12,1,0,0,Rezydencjalny,Połączenia z Wrocławiem,Budynki wielorodzinne,Partycypacja społeczna,Zrównoważone podejście
9,68_1,1,12,1,0,0,Rezydencjalny,Połączenia z Wrocławiem,Budynki wielorodzinne,Partycypacja społeczna,Zrównoważone podejście
9,71_1,1,12,1,0,0,Rezydencjalny,Połączenia z Wrocławiem,Budynki wielorodzinne,Partycypacja społeczna,Zrównoważone podejście
9,75_1,1,12,1,1,0,Rezydencjalny,Połączenia z Wrocławiem,Budynki wielorodzinne,Partycypacja społeczna,Zrównoważone podejście
9,78_1,1,12,1,1,0,Rezydencjalny,Połączenia z Wrocławiem,Budynki wielorodzinne,Partycypacja społeczna,Zrównoważone podejście
9,2_2,2,12,2,0,0,Rezydencjalny,Połączenia z Wrocławiem,Budynki wielorodzinne,Partycypacja społeczna,Zrównoważone podejście
9,5_2,2,12,2,0,0,Rezydencjalny,Połączenia z Wrocławiem,Budynki wielorodzinne,Partycypacja społeczna,Zrównoważone podejście
9,9_2,2,12,2,1,0,Rezydencjalny,Połączenia z Wrocławiem,Budynki wielorodzinne,Partycypacja społeczna,Zrównoważone podejście
9,13_2,2,12,2,0,0,Rezydencjalny,Połączenia z Wrocławiem,Budynki wielorodzinne,Partycypacja społeczna,Zrównoważone podejście
9,17_2,2,12,2,0,0,Rezydencjalny,Połączenia z Wrocławiem,Budynki wielorodzinne,Partycypacja społeczna,Zrównoważone podejście
9,21_2,2,12,2,0,0,Rezydencjalny,Połączenia z Wrocławiem,Budynki wielorodzinne,Partycypacja społeczna,Zrównoważone podejście
9,26_2,2,12,2,1,0,Rezydencjalny,Połączenia z Wrocławiem,Budynki wielorodzinne,Partycypacja społeczna,Zrównoważone podejście
9,33_2,2,12,2,1,0,Rezydencjalny,Połączenia z Wrocławiem,Budynki wielorodzinne,Partycypacja społeczna,Zrównoważone podejście
9,37_2,2,12,2,0,0,Rezydencjalny,Połączenia z Wrocławiem,Budynki wielorodzinne,Partycypacja społeczna,Zrównoważone podejście
9,40_2,2,12,2,1,0,Rezydencjalny,Połączenia z Wrocławiem,Budynki wielorodzinne,Partycypacja społeczna,Zrównoważone podejście
9,44_2,2,12,2,1,0,Rezydencjalny,Połączenia z Wrocławiem,Budynki wielorodzinne,Partycypacja społeczna,Zrównoważone podejście
9,48_2,2,12,2,1,0,Rezydencjalny,Połączenia z Wrocławiem,Budynki wielorodzinne,Partycypacja społeczna,Zrównoważone podejście
9,51_2,2,12,2,1,0,Rezydencjalny,Połączenia z Wrocławiem,Budynki wielorodzinne,Partycypacja społeczna,Zrównoważone podejście
9,55_2,2,12,2,0,0,Rezydencjalny,Połączenia z Wrocławiem,Budynki wielorodzinne,Partycypacja społeczna,Zrównoważone podejście
9,56_2,2,12,2,0,0,Rezydencjalny,Połączenia z Wrocławiem,Budynki wielorodzinne,Partycypacja społeczna,Zrównoważone podejście
9,63_2,2,12,2,0,0,Rezydencjalny,Połączenia z Wrocławiem,Budynki wielorodzinne,Partycypacja społeczna,Zrównoważone podejście
9,67_2,2,12,2,0,0,Rezydencjalny,Połączenia z Wrocławiem,Budynki wielorodzinne,Partycypacja społeczna,Zrównoważone podejście
9,70_2,2,12,2,1,0,Rezydencjalny,Połączenia z Wrocławiem,Budynki wielorodzinne,Partycypacja społeczna,Zrównoważone podejście
9,74_2,2,12,2,0,0,Rezydencjalny,Połączenia z Wrocławiem,Budynki wielorodzinne,Partycypacja społeczna,Zrównoważone podejście
9,3_3,3,11,1,0,0,Rezydencjalny,Połączenia z Wrocławiem,Budynki wielorodzinne,Partycypacja społeczna,Zrównoważone podejście
9,6_3,3,11,1,0,0,Rezydencjalny,Połączenia z Wrocławiem,Budynki wielorodzinne,Partycypacja społeczna,Zrównoważone podejście
9,8_3,3,11,1,1,0,Rezydencjalny,Połączenia z Wrocławiem,Budynki wielorodzinne,Partycypacja społeczna,Zrównoważone podejście
9,12_3,3,11,1,0,0,Rezydencjalny,Połączenia z Wrocławiem,Budynki wielorodzinne,Partycypacja społeczna,Zrównoważone podejście
9,16_3,3,11,1,1,0,Rezydencjalny,Połączenia z Wrocławiem,Budynki wielorodzinne,Partycypacja społeczna,Zrównoważone podejście
9,20_3,3,11,1,0,0,Rezydencjalny,Połączenia z Wrocławiem,Budynki wielorodzinne,Partycypacja społeczna,Zrównoważone podejście
9,25_3,3,11,1,0,0,Rezydencjalny,Połączenia z Wrocławiem,Budynki wielorodzinne,Partycypacja społeczna,Zrównoważone podejście
9,29_3,3,11,1,1,0,Rezydencjalny,Połączenia z Wrocławiem,Budynki wielorodzinne,Partycypacja społeczna,Zrównoważone podejście
9,32_3,3,11,1,1,0,Rezydencjalny,Połączenia z Wrocławiem,Budynki wielorodzinne,Partycypacja społeczna,Zrównoważone podejście
9,36_3,3,11,1,1,0,Rezydencjalny,Połączenia z Wrocławiem,Budynki wielorodzinne,Partycypacja społeczna,Zrównoważone podejście
9,43_3,3,11,1,1,0,Rezydencjalny,Połączenia z Wrocławiem,Budynki wielorodzinne,Partycypacja społeczna,Zrównoważone podejście
9,47_3,3,11,1,1,0,Rezydencjalny,Połączenia z Wrocławiem,Budynki wielorodzinne,Partycypacja społeczna,Zrównoważone podejście
9,50_3,3,11,1,1,0,Rezydencjalny,Połączenia z Wrocławiem,Budynki wielorodzinne,Partycypacja społeczna,Zrównoważone podejście
9,54_3,3,11,1,1,0,Rezydencjalny,Połączenia z Wrocławiem,Budynki wielorodzinne,Partycypacja społeczna,Zrównoważone podejście
9,59_3,3,11,1,1,0,Rezydencjalny,Połączenia z Wrocławiem,Budynki wielorodzinne,Partycypacja społeczna,Zrównoważone podejście
9,62_3,3,11,1,1,0,Rezydencjalny,Połączenia z Wrocławiem,Budynki wielorodzinne,Partycypacja społeczna,Zrównoważone podejście
9,66_3,3,11,1,1,0,Rezydencjalny,Połączenia z Wrocławiem,Budynki wielorodzinne,Partycypacja społeczna,Zrównoważone podejście
9,73_3,3,11,1,0,0,Rezydencjalny,Połączenia z Wrocławiem,Budynki wielorodzinne,Partycypacja społeczna,Zrównoważone podejście
9,1_4,4,3,2,0,0,Rezydencjalny,Połączenia z Wrocławiem,Budynki wielorodzinne,Partycypacja społeczna,Zrównoważone podejście
9,4_4,4,3,2,0,0,Rezydencjalny,Połączenia z Wrocławiem,Budynki wielorodzinne,Partycypacja społeczna,Zrównoważone podejście
9,11_4,4,3,2,1,0,Rezydencjalny,Połączenia z Wrocławiem,Budynki wielorodzinne,Partycypacja społeczna,Zrównoważone podejście
9,15_4,4,3,2,0,0,Rezydencjalny,Połączenia z Wrocławiem,Budynki wielorodzinne,Partycypacja społeczna,Zrównoważone podejście
9,19_4,4,3,2,0,0,Rezydencjalny,Połączenia z Wrocławiem,Budynki wielorodzinne,Partycypacja społeczna,Zrównoważone podejście
9,24_4,4,3,2,0,0,Rezydencjalny,Połączenia z Wrocławiem,Budynki wielorodzinne,Partycypacja społeczna,Zrównoważone podejście
9,28_4,4,3,2,0,0,Rezydencjalny,Połączenia z Wrocławiem,Budynki wielorodzinne,Partycypacja społeczna,Zrównoważone podejście
9,31_4,4,3,2,1,0,Rezydencjalny,Połączenia z Wrocławiem,Budynki wielorodzinne,Partycypacja społeczna,Zrównoważone podejście
9,35_4,4,3,2,1,0,Rezydencjalny,Połączenia z Wrocławiem,Budynki wielorodzinne,Partycypacja społeczna,Zrównoważone podejście
9,39_4,4,3,2,1,0,Rezydencjalny,Połączenia z Wrocławiem,Budynki wielorodzinne,Partycypacja społeczna,Zrównoważone podejście
9,42_4,4,3,2,0,0,Rezydencjalny,Połączenia z Wrocławiem,Budynki wielorodzinne,Partycypacja społeczna,Zrównoważone podejście
9,46_4,4,3,2,0,0,Rezydencjalny,Połączenia z Wrocławiem,Budynki wielorodzinne,Partycypacja społeczna,Zrównoważone podejście
9,53_4,4,3,2,0,0,Rezydencjalny,Połączenia z Wrocławiem,Budynki wielorodzinne,Partycypacja społeczna,Zrównoważone podejście
9,58_4,4,3,2,1,0,Rezydencjalny,Połączenia z Wrocławiem,Budynki wielorodzinne,Partycypacja społeczna,Zrównoważone podejście
9,61_4,4,3,2,0,0,Rezydencjalny,Połączenia z Wrocławiem,Budynki wielorodzinne,Partycypacja społeczna,Zrównoważone podejście
9,65_4,4,3,2,1,0,Rezydencjalny,Połączenia z Wrocławiem,Budynki wielorodzinne,Partycypacja społeczna,Zrównoważone podejście
9,69_4,4,3,2,0,0,Rezydencjalny,Połączenia z Wrocławiem,Budynki wielorodzinne,Partycypacja społeczna,Zrównoważone podejście
9,72_4,4,3,2,1,0,Rezydencjalny,Połączenia z Wrocławiem,Budynki wielorodzinne,Partycypacja społeczna,Zrównoważone podejście
9,76_4,4,3,2,0,0,Rezydencjalny,Połączenia z Wrocławiem,Budynki wielorodzinne,Partycypacja społeczna,Zrównoważone podejście
9,7_5,5,11,2,0,0,Rezydencjalny,Połączenia z Wrocławiem,Budynki wielorodzinne,Partycypacja społeczna,Zrównoważone podejście
9,10_5,5,11,2,1,0,Rezydencjalny,Połączenia z Wrocławiem,Budynki wielorodzinne,Partycypacja społeczna,Zrównoważone podejście
9,14_5,5,11,2,1,0,Rezydencjalny,Połączenia z Wrocławiem,Budynki wielorodzinne,Partycypacja społeczna,Zrównoważone podejście
9,18_5,5,11,2,1,0,Rezydencjalny,Połączenia z Wrocławiem,Budynki wielorodzinne,Partycypacja społeczna,Zrównoważone podejście
9,23_5,5,11,2,1,0,Rezydencjalny,Połączenia z Wrocławiem,Budynki wielorodzinne,Partycypacja społeczna,Zrównoważone podejście
9,27_5,5,11,2,0,0,Rezydencjalny,Połączenia z Wrocławiem,Budynki wielorodzinne,Partycypacja społeczna,Zrównoważone podejście
9,30_5,5,11,2,0,0,Rezydencjalny,Połączenia z Wrocławiem,Budynki wielorodzinne,Partycypacja społeczna,Zrównoważone podejście
9,34_5,5,11,2,0,0,Rezydencjalny,Połączenia z Wrocławiem,Budynki wielorodzinne,Partycypacja społeczna,Zrównoważone podejście
9,38_5,5,11,2,1,0,Rezydencjalny,Połączenia z Wrocławiem,Budynki wielorodzinne,Partycypacja społeczna,Zrównoważone podejście
9,41_5,5,11,2,1,0,Rezydencjalny,Połączenia z Wrocławiem,Budynki wielorodzinne,Partycypacja społeczna,Zrównoważone podejście
9,45_5,5,11,2,0,0,Rezydencjalny,Połączenia z Wrocławiem,Budynki wielorodzinne,Partycypacja społeczna,Zrównoważone podejście
9,49_5,5,11,2,1,0,Rezydencjalny,Połączenia z Wrocławiem,Budynki wielorodzinne,Partycypacja społeczna,Zrównoważone podejście
9,52_5,5,11,2,0,0,Rezydencjalny,Połączenia z Wrocławiem,Budynki wielorodzinne,Partycypacja społeczna,Zrównoważone podejście
9,57_5,5,11,2,0,0,Rezydencjalny,Połączenia z Wrocławiem,Budynki wielorodzinne,Partycypacja społeczna,Zrównoważone podejście
9,60_5,5,11,2,0,0,Rezydencjalny,Połączenia z Wrocławiem,Budynki wielorodzinne,Partycypacja społeczna,Zrównoważone podejście
9,64_5,5,11,2,1,0,Rezydencjalny,Połączenia z Wrocławiem,Budynki wielorodzinne,Partycypacja społeczna,Zrównoważone podejście
9,68_5,5,11,2,0,0,Rezydencjalny,Połączenia z Wrocławiem,Budynki wielorodzinne,Partycypacja społeczna,Zrównoważone podejście
9,71_5,5,11,2,0,0,Rezydencjalny,Połączenia z Wrocławiem,Budynki wielorodzinne,Partycypacja społeczna,Zrównoważone podejście
9,75_5,5,11,2,0,0,Rezydencjalny,Połączenia z Wrocławiem,Budynki wielorodzinne,Partycypacja społeczna,Zrównoważone podejście
10,7_1,1,8,2,0,0,Usługowy,Przestrzenie publiczne,Rewitalizacja,Usługi zdrowotne,Maksymalizacja zieleni
10,10_1,1,8,2,0,0,Usługowy,Przestrzenie publiczne,Rewitalizacja,Usługi zdrowotne,Maksymalizacja zieleni
10,14_1,1,8,2,0,0,Usługowy,Przestrzenie publiczne,Rewitalizacja,Usługi zdrowotne,Maksymalizacja zieleni
10,18_1,1,8,2,1,0,Usługowy,Przestrzenie publiczne,Rewitalizacja,Usługi zdrowotne,Maksymalizacja zieleni
10,22_1,1,8,2,0,0,Usługowy,Przestrzenie publiczne,Rewitalizacja,Usługi zdrowotne,Maksymalizacja zieleni
10,23_1,1,8,2,1,0,Usługowy,Przestrzenie publiczne,Rewitalizacja,Usługi zdrowotne,Maksymalizacja zieleni
10,27_1,1,8,2,0,0,Usługowy,Przestrzenie publiczne,Rewitalizacja,Usługi zdrowotne,Maksymalizacja zieleni
10,30_1,1,8,2,1,0,Usługowy,Przestrzenie publiczne,Rewitalizacja,Usługi zdrowotne,Maksymalizacja zieleni
10,34_1,1,8,2,1,0,Usługowy,Przestrzenie publiczne,Rewitalizacja,Usługi zdrowotne,Maksymalizacja zieleni
10,38_1,1,8,2,0,0,Usługowy,Przestrzenie publiczne,Rewitalizacja,Usługi zdrowotne,Maksymalizacja zieleni
10,41_1,1,8,2,0,0,Usługowy,Przestrzenie publiczne,Rewitalizacja,Usługi zdrowotne,Maksymalizacja zieleni
10,45_1,1,8,2,1,0,Usługowy,Przestrzenie publiczne,Rewitalizacja,Usługi zdrowotne,Maksymalizacja zieleni
10,49_1,1,8,2,1,0,Usługowy,Przestrzenie publiczne,Rewitalizacja,Usługi zdrowotne,Maksymalizacja zieleni
10,52_1,1,8,2,0,0,Usługowy,Przestrzenie publiczne,Rewitalizacja,Usługi zdrowotne,Maksymalizacja zieleni
10,57_1,1,8,2,1,0,Usługowy,Przestrzenie publiczne,Rewitalizacja,Usługi zdrowotne,Maksymalizacja zieleni
10,60_1,1,8,2,1,0,Usługowy,Przestrzenie publiczne,Rewitalizacja,Usługi zdrowotne,Maksymalizacja zieleni
10,64_1,1,8,2,1,0,Usługowy,Przestrzenie publiczne,Rewitalizacja,Usługi zdrowotne,Maksymalizacja zieleni
10,68_1,1,8,2,0,0,Usługowy,Przestrzenie publiczne,Rewitalizacja,Usługi zdrowotne,Maksymalizacja zieleni
10,71_1,1,8,2,1,0,Usługowy,Przestrzenie publiczne,Rewitalizacja,Usługi zdrowotne,Maksymalizacja zieleni
10,75_1,1,8,2,1,0,Usługowy,Przestrzenie publiczne,Rewitalizacja,Usługi zdrowotne,Maksymalizacja zieleni
10,78_1,1,8,2,0,0,Usługowy,Przestrzenie publiczne,Rewitalizacja,Usługi zdrowotne,Maksymalizacja zieleni
10,2_2,2,8,1,0,0,Usługowy,Przestrzenie publiczne,Rewitalizacja,Usługi zdrowotne,Maksymalizacja zieleni
10,5_2,2,8,1,1,0,Usługowy,Przestrzenie publiczne,Rewitalizacja,Usługi zdrowotne,Maksymalizacja zieleni
10,9_2,2,8,1,1,0,Usługowy,Przestrzenie publiczne,Rewitalizacja,Usługi zdrowotne,Maksymalizacja zieleni
10,13_2,2,8,1,0,0,Usługowy,Przestrzenie publiczne,Rewitalizacja,Usługi zdrowotne,Maksymalizacja zieleni
10,17_2,2,8,1,0,0,Usługowy,Przestrzenie publiczne,Rewitalizacja,Usługi zdrowotne,Maksymalizacja zieleni
10,21_2,2,8,1,1,0,Usługowy,Przestrzenie publiczne,Rewitalizacja,Usługi zdrowotne,Maksymalizacja zieleni
10,26_2,2,8,1,1,0,Usługowy,Przestrzenie publiczne,Rewitalizacja,Usługi zdrowotne,Maksymalizacja zieleni
10,33_2,2,8,1,0,0,Usługowy,Przestrzenie publiczne,Rewitalizacja,Usługi zdrowotne,Maksymalizacja zieleni
10,37_2,2,8,1,1,0,Usługowy,Przestrzenie publiczne,Rewitalizacja,Usługi zdrowotne,Maksymalizacja zieleni
10,40_2,2,8,1,0,0,Usługowy,Przestrzenie publiczne,Rewitalizacja,Usługi zdrowotne,Maksymalizacja zieleni
10,44_2,2,8,1,0,0,Usługowy,Przestrzenie publiczne,Rewitalizacja,Usługi zdrowotne,Maksymalizacja zieleni
10,48_2,2,8,1,0,0,Usługowy,Przestrzenie publiczne,Rewitalizacja,Usługi zdrowotne,Maksymalizacja zieleni
10,51_2,2,8,1,0,0,Usługowy,Przestrzenie publiczne,Rewitalizacja,Usługi zdrowotne,Maksymalizacja zieleni
10,55_2,2,8,1,1,0,Usługowy,Przestrzenie publiczne,Rewitalizacja,Usługi zdrowotne,Maksymalizacja zieleni
10,56_2,2,8,1,0,0,Usługowy,Przestrzenie publiczne,Rewitalizacja,Usługi zdrowotne,Maksymalizacja zieleni
10,63_2,2,8,1,1,0,Usługowy,Przestrzenie publiczne,Rewitalizacja,Usługi zdrowotne,Maksymalizacja zieleni
10,67_2,2,8,1,1,0,Usługowy,Przestrzenie publiczne,Rewitalizacja,Usługi zdrowotne,Maksymalizacja zieleni
10,70_2,2,8,1,0,0,Usługowy,Przestrzenie publiczne,Rewitalizacja,Usługi zdrowotne,Maksymalizacja zieleni
10,74_2,2,8,1,1,0,Usługowy,Przestrzenie publiczne,Rewitalizacja,Usługi zdrowotne,Maksymalizacja zieleni
10,3_3,3,9,2,0,0,Usługowy,Przestrzenie publiczne,Rewitalizacja,Usługi zdrowotne,Maksymalizacja zieleni
10,6_3,3,9,2,1,0,Usługowy,Przestrzenie publiczne,Rewitalizacja,Usługi zdrowotne,Maksymalizacja zieleni
10,8_3,3,9,2,0,0,Usługowy,Przestrzenie publiczne,Rewitalizacja,Usługi zdrowotne,Maksymalizacja zieleni
10,12_3,3,9,2,1,0,Usługowy,Przestrzenie publiczne,Rewitalizacja,Usługi zdrowotne,Maksymalizacja zieleni
10,16_3,3,9,2,1,0,Usługowy,Przestrzenie publiczne,Rewitalizacja,Usługi zdrowotne,Maksymalizacja zieleni
10,20_3,3,9,2,0,0,Usługowy,Przestrzenie publiczne,Rewitalizacja,Usługi zdrowotne,Maksymalizacja zieleni
10,25_3,3,9,2,1,0,Usługowy,Przestrzenie publiczne,Rewitalizacja,Usługi zdrowotne,Maksymalizacja zieleni
10,29_3,3,9,2,0,0,Usługowy,Przestrzenie publiczne,Rewitalizacja,Usługi zdrowotne,Maksymalizacja zieleni
10,32_3,3,9,2,0,0,Usługowy,Przestrzenie publiczne,Rewitalizacja,Usługi zdrowotne,Maksymalizacja zieleni
10,36_3,3,9,2,1,0,Usługowy,Przestrzenie publiczne,Rewitalizacja,Usługi zdrowotne,Maksymalizacja zieleni
10,43_3,3,9,2,0,0,Usługowy,Przestrzenie publiczne,Rewitalizacja,Usługi zdrowotne,Maksymalizacja zieleni
10,47_3,3,9,2,0,0,Usługowy,Przestrzenie publiczne,Rewitalizacja,Usługi zdrowotne,Maksymalizacja zieleni
10,50_3,3,9,2,0,0,Usługowy,Przestrzenie publiczne,Rewitalizacja,Usługi zdrowotne,Maksymalizacja zieleni
10,54_3,3,9,2,1,0,Usługowy,Przestrzenie publiczne,Rewitalizacja,Usługi zdrowotne,Maksymalizacja zieleni
10,59_3,3,9,2,0,0,Usługowy,Przestrzenie publiczne,Rewitalizacja,Usługi zdrowotne,Maksymalizacja zieleni
10,62_3,3,9,2,1,0,Usługowy,Przestrzenie publiczne,Rewitalizacja,Usługi zdrowotne,Maksymalizacja zieleni
10,66_3,3,9,2,1,0,Usługowy,Przestrzenie publiczne,Rewitalizacja,Usługi zdrowotne,Maksymalizacja zieleni
10,73_3,3,9,2,0,0,Usługowy,Przestrzenie publiczne,Rewitalizacja,Usługi zdrowotne,Maksymalizacja zieleni
10,1_4,4,10,2,1,0,Usługowy,Przestrzenie publiczne,Rewitalizacja,Usługi zdrowotne,Maksymalizacja zieleni
10,4_4,4,10,2,0,0,Usługowy,Przestrzenie publiczne,Rewitalizacja,Usługi zdrowotne,Maksymalizacja zieleni
10,11_4,4,10,2,1,0,Usługowy,Przestrzenie publiczne,Rewitalizacja,Usługi zdrowotne,Maksymalizacja zieleni
10,15_4,4,10,2,1,0,Usługowy,Przestrzenie publiczne,Rewitalizacja,Usługi zdrowotne,Maksymalizacja zieleni
10,19_4,4,10,2,1,0,Usługowy,Przestrzenie publiczne,Rewitalizacja,Usługi zdrowotne,Maksymalizacja zieleni
10,24_4,4,10,2,1,0,Usługowy,Przestrzenie publiczne,Rewitalizacja,Usługi zdrowotne,Maksymalizacja zieleni
10,28_4,4,10,2,1,0,Usługowy,Przestrzenie publiczne,Rewitalizacja,Usługi zdrowotne,Maksymalizacja zieleni
10,31_4,4,10,2,1,0,Usługowy,Przestrzenie publiczne,Rewitalizacja,Usługi zdrowotne,Maksymalizacja zieleni
10,35_4,4,10,2,0,0,Usługowy,Przestrzenie publiczne,Rewitalizacja,Usługi zdrowotne,Maksymalizacja zieleni
10,39_4,4,10,2,1,0,Usługowy,Przestrzenie publiczne,Rewitalizacja,Usługi zdrowotne,Maksymalizacja zieleni
10,42_4,4,10,2,1,0,Usługowy,Przestrzenie publiczne,Rewitalizacja,Usługi zdrowotne,Maksymalizacja zieleni
10,46_4,4,10,2,0,0,Usługowy,Przestrzenie publiczne,Rewitalizacja,Usługi zdrowotne,Maksymalizacja zieleni
10,53_4,4,10,2,0,0,Usługowy,Przestrzenie publiczne,Rewitalizacja,Usługi zdrowotne,Maksymalizacja zieleni
10,58_4,4,10,2,1,0,Usługowy,Przestrzenie publiczne,Rewitalizacja,Usługi zdrowotne,Maksymalizacja zieleni
10,61_4,4,10,2,0,0,Usługowy,Przestrzenie publiczne,Rewitalizacja,Usługi zdrowotne,Maksymalizacja zieleni
10,65_4,4,10,2,1,0,Usługowy,Przestrzenie publiczne,Rewitalizacja,Usługi zdrowotne,Maksymalizacja zieleni
10,69_4,4,10,2,1,0,Usługowy,Przestrzenie publiczne,Rewitalizacja,Usługi zdrowotne,Maksymalizacja zieleni
10,72_4,4,10,2,1,0,Usługowy,Przestrzenie publiczne,Rewitalizacja,Usługi zdrowotne,Maksymalizacja zieleni
10,76_4,4,10,2,1,0,Usługowy,Przestrzenie publiczne,Rewitalizacja,Usługi zdrowotne,Maksymalizacja zieleni
10,7_5,5,5,1,1,0,Usługowy,Przestrzenie publiczne,Rewitalizacja,Usługi zdrowotne,Maksymalizacja zieleni
10,10_5,5,5,1,1,0,Usługowy,Przestrzenie publiczne,Rewitalizacja,Usługi zdrowotne,Maksymalizacja zieleni
10,14_5,5,5,1,1,0,Usługowy,Przestrzenie publiczne,Rewitalizacja,Usługi zdrowotne,Maksymalizacja zieleni
10,18_5,5,5,1,1,0,Usługowy,Przestrzenie publiczne,Rewitalizacja,Usługi zdrowotne,Maksymalizacja zieleni
10,23_5,5,5,1,0,0,Usługowy,Przestrzenie publiczne,Rewitalizacja,Usługi zdrowotne,Maksymalizacja zieleni
10,27_5,5,5,1,0,0,Usługowy,Przestrzenie publiczne,Rewitalizacja,Usługi zdrowotne,Maksymalizacja zieleni
10,30_5,5,5,1,1,0,Usługowy,Przestrzenie publiczne,Rewitalizacja,Usługi zdrowotne,Maksymalizacja zieleni
10,34_5,5,5,1,0,0,Usługowy,Przestrzenie publiczne,Rewitalizacja,Usługi zdrowotne,Maksymalizacja zieleni
10,38_5,5,5,1,1,0,Usługowy,Przestrzenie publiczne,Rewitalizacja,Usługi zdrowotne,Maksymalizacja zieleni
10,41_5,5,5,1,0,0,Usługowy,Przestrzenie publiczne,Rewitalizacja,Usługi zdrowotne,Maksymalizacja zieleni
10,45_5,5,5,1,0,0,Usługowy,Przestrzenie publiczne,Rewitalizacja,Usługi zdrowotne,Maksymalizacja zieleni
10,49_5,5,5,1,0,0,Usługowy,Przestrzenie publiczne,Rewitalizacja,Usługi zdrowotne,Maksymalizacja zieleni
10,52_5,5,5,1,0,0,Usługowy,Przestrzenie publiczne,Rewitalizacja,Usługi zdrowotne,Maksymalizacja zieleni
10,57_5,5,5,1,0,0,Usługowy,Przestrzenie publiczne,Rewitalizacja,Usługi zdrowotne,Maksymalizacja zieleni
10,60_5,5,5,1,0,0,Usługowy,Przestrzenie publiczne,Rewitalizacja,Usługi zdrowotne,Maksymalizacja zieleni
10,64_5,5,5,1,1,0,Usługowy,Przestrzenie publiczne,Rewitalizacja,Usługi zdrowotne,Maksymalizacja zieleni
10,68_5,5,5,1,1,0,Usługowy,Przestrzenie publiczne,Rewitalizacja,Usługi zdrowotne,Maksymalizacja zieleni
10,71_5,5,5,1,0,0,Usługowy,Przestrzenie publiczne,Rewitalizacja,Usługi zdrowotne,Maksymalizacja zieleni
10,75_5,5,5,1,1,0,Usługowy,Przestrzenie publiczne,Rewitalizacja,Usługi zdrowotne,Maksymalizacja zieleni
11,7_1,1,3,1,1,0,Przemysłowy,Połączenia z Wrocławiem,Zabudowa zwarta,Oferta kulturalna,Rekultywacja terenów
11,10_1,1,3,1,0,0,Przemysłowy,Połączenia z Wrocławiem,Zabudowa zwarta,Oferta kulturalna,Rekultywacja terenów
11,14_1,1,3,1,1,0,Przemysłowy,Połączenia z Wrocławiem,Zabudowa zwarta,Oferta kulturalna,Rekultywacja terenów
11,18_1,1,3,1,1,0,Przemysłowy,Połączenia z Wrocławiem,Zabudowa zwarta,Oferta kulturalna,Rekultywacja terenów
11,22_1,1,3,1,1,0,Przemysłowy,Połączenia z Wrocławiem,Zabudowa zwarta,Oferta kulturalna,Rekultywacja terenów
11,23_1,1,3,1,1,0,Przemysłowy,Połączenia z Wrocławiem,Zabudowa zwarta,Oferta kulturalna,Rekultywacja terenów
11,27_1,1,3,1,0,0,Przemysłowy,Połączenia z Wrocławiem,Zabudowa zwarta,Oferta kulturalna,Rekultywacja terenów
11,30_1,1,3,1,1,0,Przemysłowy,Połączenia z Wrocławiem,Zabudowa zwarta,Oferta kulturalna,Rekultywacja terenów
11,34_1,1,3,1,1,0,Przemysłowy,Połączenia z Wrocławiem,Zabudowa zwarta,Oferta kulturalna,Rekultywacja terenów
11,38_1,1,3,1,0,0,Przemysłowy,Połączenia z Wrocławiem,Zabudowa zwarta,Oferta kulturalna,Rekultywacja terenów
11,41_1,1,3,1,0,0,Przemysłowy,Połączenia z Wrocławiem,Zabudowa zwarta,Oferta kulturalna,Rekultywacja terenów
11,45_1,1,3,1,0,0,Przemysłowy,Połączenia z Wrocławiem,Zabudowa zwarta,Oferta kulturalna,Rekultywacja terenów
11,49_1,1,3,1,1,0,Przemysłowy,Połączenia z Wrocławiem,Zabudowa zwarta,Oferta kulturalna,Rekultywacja terenów
11,52_1,1,3,1,1,0,Przemysłowy,Połączenia z Wrocławiem,Zabudowa zwarta,Oferta kulturalna,Rekultywacja terenów
11,57_1,1,3,1,0,0,Przemysłowy,Połączenia z Wrocławiem,Zabudowa zwarta,Oferta kulturalna,Rekultywacja terenów
11,60_1,1,3,1,1,0,Przemysłowy,Połączenia z Wrocławiem,Zabudowa zwarta,Oferta kulturalna,Rekultywacja terenów
11,64_1,1,3,1,0,0,Przemysłowy,Połączenia z Wrocławiem,Zabudowa zwarta,Oferta kulturalna,Rekultywacja terenów
11,68_1,1,3,1,1,0,Przemysłowy,Połączenia z Wrocławiem,Zabudowa zwarta,Oferta kulturalna,Rekultywacja terenów
11,71_1,1,3,1,1,0,Przemysłowy,Połączenia z Wrocławiem,Zabudowa zwarta,Oferta kulturalna,Rekultywacja terenów
11,75_1,1,3,1,1,0,Przemysłowy,Połączenia z Wrocławiem,Zabudowa zwarta,Oferta kulturalna,Rekultywacja terenów
11,78_1,1,3,1,1,0,Przemysłowy,Połączenia z Wrocławiem,Zabudowa zwarta,Oferta kulturalna,Rekultywacja terenów
11,2_2,2,1,2,0,0,Przemysłowy,Połączenia z Wrocławiem,Zabudowa zwarta,Oferta kulturalna,Rekultywacja terenów
11,5_2,2,1,2,0,0,Przemysłowy,Połączenia z Wrocławiem,Zabudowa zwarta,Oferta kulturalna,Rekultywacja terenów
11,9_2,2,1,2,0,0,Przemysłowy,Połączenia z Wrocławiem,Zabudowa zwarta,Oferta kulturalna,Rekultywacja terenów
11,13_2,2,1,2,0,0,Przemysłowy,Połączenia z Wrocławiem,Zabudowa zwarta,Oferta kulturalna,Rekultywacja terenów
11,17_2,2,1,2,1,0,Przemysłowy,Połączenia z Wrocławiem,Zabudowa zwarta,Oferta kulturalna,Rekultywacja terenów
11,21_2,2,1,2,0,0,Przemysłowy,Połączenia z Wrocławiem,Zabudowa zwarta,Oferta kulturalna,Rekultywacja terenów
11,26_2,2,1,2,1,0,Przemysłowy,Połączenia z Wrocławiem,Zabudowa zwarta,Oferta kulturalna,Rekultywacja terenów
11,33_2,2,1,2,1,0,Przemysłowy,Połączenia z Wrocławiem,Zabudowa zwarta,Oferta kulturalna,Rekultywacja terenów
11,37_2,2,1,2,0,0,Przemysłowy,Połączenia z Wrocławiem,Zabudowa zwarta,Oferta kulturalna,Rekultywacja terenów
11,40_2,2,1,2,1,0,Przemysłowy,Połączenia z Wrocławiem,Zabudowa zwarta,Oferta kulturalna,Rekultywacja terenów
11,44_2,2,1,2,0,0,Przemysłowy,Połączenia z Wrocławiem,Zabudowa zwarta,Oferta kulturalna,Rekultywacja terenów
11,48_2,2,1,2,0,0,Przemysłowy,Połączenia z Wrocławiem,Zabudowa zwarta,Oferta kulturalna,Rekultywacja terenów
11,51_2,2,1,2,0,0,Przemysłowy,Połączenia z Wrocławiem,Zabudowa zwarta,Oferta kulturalna,Rekultywacja terenów
11,55_2,2,1,2,0,0,Przemysłowy,Połączenia z Wrocławiem,Zabudowa zwarta,Oferta kulturalna,Rekultywacja terenów
11,56_2,2,1,2,1,0,Przemysłowy,Połączenia z Wrocławiem,Zabudowa zwarta,Oferta kulturalna,Rekultywacja terenów
11,63_2,2,1,2,0,0,Przemysłowy,Połączenia z Wrocławiem,Zabudowa zwarta,Oferta kulturalna,Rekultywacja terenów
11,67_2,2,1,2,0,0,Przemysłowy,Połączenia z Wrocławiem,Zabudowa zwarta,Oferta kulturalna,Rekultywacja terenów
11,70_2,2,1,2,1,0,Przemysłowy,Połączenia z Wrocławiem,Zabudowa zwarta,Oferta kulturalna,Rekultywacja terenów
11,74_2,2,1,2,0,0,Przemysłowy,Połączenia z Wrocławiem,Zabudowa zwarta,Oferta kulturalna,Rekultywacja terenów
11,3_3,3,4,2,1,0,Przemysłowy,Połączenia z Wrocławiem,Zabudowa zwarta,Oferta kulturalna,Rekultywacja terenów
11,6_3,3,4,2,0,0,Przemysłowy,Połączenia z Wrocławiem,Zabudowa zwarta,Oferta kulturalna,Rekultywacja terenów
11,8_3,3,4,2,0,0,Przemysłowy,Połączenia z Wrocławiem,Zabudowa zwarta,Oferta kulturalna,Rekultywacja terenów
11,12_3,3,4,2,1,0,Przemysłowy,Połączenia z Wrocławiem,Zabudowa zwarta,Oferta kulturalna,Rekultywacja terenów
11,16_3,3,4,2,0,0,Przemysłowy,Połączenia z Wrocławiem,Zabudowa zwarta,Oferta kulturalna,Rekultywacja terenów
11,20_3,3,4,2,0,0,Przemysłowy,Połączenia z Wrocławiem,Zabudowa zwarta,Oferta kulturalna,Rekultywacja terenów
11,25_3,3,4,2,0,0,Przemysłowy,Połączenia z Wrocławiem,Zabudowa zwarta,Oferta kulturalna,Rekultywacja terenów
11,29_3,3,4,2,0,0,Przemysłowy,Połączenia z Wrocławiem,Zabudowa zwarta,Oferta kulturalna,Rekultywacja terenów
11,32_3,3,4,2,0,0,Przemysłowy,Połączenia z Wrocławiem,Zabudowa zwarta,Oferta kulturalna,Rekultywacja terenów
11,36_3,3,4,2,1,0,Przemysłowy,Połączenia z Wrocławiem,Zabudowa zwarta,Oferta kulturalna,Rekultywacja terenów
11,43_3,3,4,2,1,0,Przemysłowy,Połączenia z Wrocławiem,Zabudowa zwarta,Oferta kulturalna,Rekultywacja terenów
11,47_3,3,4,2,0,0,Przemysłowy,Połączenia z Wrocławiem,Zabudowa zwarta,Oferta kulturalna,Rekultywacja terenów
11,50_3,3,4,2,0,0,Przemysłowy,Połączenia z Wrocławiem,Zabudowa zwarta,Oferta kulturalna,Rekultywacja terenów
11,54_3,3,4,2,1,0,Przemysłowy,Połączenia z Wrocławiem,Zabudowa zwarta,Oferta kulturalna,Rekultywacja terenów
11,59_3,3,4,2,1,0,Przemysłowy,Połączenia z Wrocławiem,Zabudowa zwarta,Oferta kulturalna,Rekultywacja terenów
11,62_3,3,4,2,0,0,Przemysłowy,Połączenia z Wrocławiem,Zabudowa zwarta,Oferta kulturalna,Rekultywacja terenów
11,66_3,3,4,2,1,0,Przemysłowy,Połączenia z Wrocławiem,Zabudowa zwarta,Oferta kulturalna,Rekultywacja terenów
11,73_3,3,4,2,0,0,Przemysłowy,Połączenia z Wrocławiem,Zabudowa zwarta,Oferta kulturalna,Rekultywacja terenów
11,1_4,4,2,1,1,0,Przemysłowy,Połączenia z Wrocławiem,Zabudowa zwarta,Oferta kulturalna,Rekultywacja terenów
11,4_4,4,2,1,1,0,Przemysłowy,Połączenia z Wrocławiem,Zabudowa zwarta,Oferta kulturalna,Rekultywacja terenów
11,11_4,4,2,1,0,0,Przemysłowy,Połączenia z Wrocławiem,Zabudowa zwarta,Oferta kulturalna,Rekultywacja terenów
11,15_4,4,2,1,0,0,Przemysłowy,Połączenia z Wrocławiem,Zabudowa zwarta,Oferta kulturalna,Rekultywacja terenów
11,19_4,4,2,1,1,0,Przemysłowy,Połączenia z Wrocławiem,Zabudowa zwarta,Oferta kulturalna,Rekultywacja terenów
11,24_4,4,2,1,0,0,Przemysłowy,Połączenia z Wrocławiem,Zabudowa zwarta,Oferta kulturalna,Rekultywacja terenów
11,28_4,4,2,1,0,0,Przemysłowy,Połączenia z Wrocławiem,Zabudowa zwarta,Oferta kulturalna,Rekultywacja terenów
11,31_4,4,2,1,0,0,Przemysłowy,Połączenia z Wrocławiem,Zabudowa zwarta,Oferta kulturalna,Rekultywacja terenów
11,35_4,4,2,1,0,0,Przemysłowy,Połączenia z Wrocławiem,Zabudowa zwarta,Oferta kulturalna,Rekultywacja terenów
11,39_4,4,2,1,0,0,Przemysłowy,Połączenia z Wrocławiem,Zabudowa zwarta,Oferta kulturalna,Rekultywacja terenów
11,42_4,4,2,1,0,0,Przemysłowy,Połączenia z Wrocławiem,Zabudowa zwarta,Oferta kulturalna,Rekultywacja terenów
11,46_4,4,2,1,1,0,Przemysłowy,Połączenia z Wrocławiem,Zabudowa zwarta,Oferta kulturalna,Rekultywacja terenów
11,53_4,4,2,1,0,0,Przemysłowy,Połączenia z Wrocławiem,Zabudowa zwarta,Oferta kulturalna,Rekultywacja terenów
11,58_4,4,2,1,0,0,Przemysłowy,Połączenia z Wrocławiem,Zabudowa zwarta,Oferta kulturalna,Rekultywacja terenów
11,61_4,4,2,1,1,0,Przemysłowy,Połączenia z Wrocławiem,Zabudowa zwarta,Oferta kulturalna,Rekultywacja terenów
11,65_4,4,2,1,1,0,Przemysłowy,Połączenia z Wrocławiem,Zabudowa zwarta,Oferta kulturalna,Rekultywacja terenów
11,69_4,4,2,1,1,0,Przemysłowy,Połączenia z Wrocławiem,Zabudowa zwarta,Oferta kulturalna,Rekultywacja terenów
11,72_4,4,2,1,1,0,Przemysłowy,Połączenia z Wrocławiem,Zabudowa zwarta,Oferta kulturalna,Rekultywacja terenów
11,76_4,4,2,1,0,0,Przemysłowy,Połączenia z Wrocławiem,Zabudowa zwarta,Oferta kulturalna,Rekultywacja terenów
11,7_5,5,10,2,0,0,Przemysłowy,Połączenia z Wrocławiem,Zabudowa zwarta,Oferta kulturalna,Rekultywacja terenów
11,10_5,5,10,2,0,0,Przemysłowy,Połączenia z Wrocławiem,Zabudowa zwarta,Oferta kulturalna,Rekultywacja terenów
11,14_5,5,10,2,0,0,Przemysłowy,Połączenia z Wrocławiem,Zabudowa zwarta,Oferta kulturalna,Rekultywacja terenów
11,18_5,5,10,2,0,0,Przemysłowy,Połączenia z Wrocławiem,Zabudowa zwarta,Oferta kulturalna,Rekultywacja terenów
11,23_5,5,10,2,1,0,Przemysłowy,Połączenia z Wrocławiem,Zabudowa zwarta,Oferta kulturalna,Rekultywacja terenów
11,27_5,5,10,2,0,0,Przemysłowy,Połączenia z Wrocławiem,Zabudowa zwarta,Oferta kulturalna,Rekultywacja terenów
11,30_5,5,10,2,0,0,Przemysłowy,Połączenia z Wrocławiem,Zabudowa zwarta,Oferta kulturalna,Rekultywacja terenów
11,34_5,5,10,2,0,0,Przemysłowy,Połączenia z Wrocławiem,Zabudowa zwarta,Oferta kulturalna,Rekultywacja terenów
11,38_5,5,10,2,0,0,Przemysłowy,Połączenia z Wrocławiem,Zabudowa zwarta,Oferta kulturalna,Rekultywacja terenów
11,41_5,5,10,2,1,0,Przemysłowy,Połączenia z Wrocławiem,Zabudowa zwarta,Oferta kulturalna,Rekultywacja terenów
11,45_5,5,10,2,0,0,Przemysłowy,Połączenia z Wrocławiem,Zabudowa zwarta,Oferta kulturalna,Rekultywacja terenów
11,49_5,5,10,2,0,0,Przemysłowy,Połączenia z Wrocławiem,Zabudowa zwarta,Oferta kulturalna,Rekultywacja terenów
11,52_5,5,10,2,0,0,Przemysłowy,Połączenia z Wrocławiem,Zabudowa zwarta,Oferta kulturalna,Rekultywacja terenów
11,57_5,5,10,2,0,0,Przemysłowy,Połączenia z Wrocławiem,Zabudowa zwarta,Oferta kulturalna,Rekultywacja terenów
11,60_5,5,10,2,0,0,Przemysłowy,Połączenia z Wrocławiem,Zabudowa zwarta,Oferta kulturalna,Rekultywacja terenów
11,64_5,5,10,2,1,0,Przemysłowy,Połączenia z Wrocławiem,Zabudowa zwarta,Oferta kulturalna,Rekultywacja terenów
11,68_5,5,10,2,0,0,Przemysłowy,Połączenia z Wrocławiem,Zabudowa zwarta,Oferta kulturalna,Rekultywacja terenów
11,71_5,5,10,2,0,0,Przemysłowy,Połączenia z Wrocławiem,Zabudowa zwarta,Oferta kulturalna,Rekultywacja terenów
11,75_5,5,10,2,0,0,Przemysłowy,Połączenia z Wrocławiem,Zabudowa zwarta,Oferta kulturalna,Rekultywacja terenów
12,7_1,1,6,1,0,0,Lokalny,Tereny przemysłowe,Domy jednorodzinne,Partycypacja społeczna,Maksymalizacja zieleni
12,10_1,1,6,1,0,0,Lokalny,Tereny przemysłowe,Domy jednorodzinne,Partycypacja społeczna,Maksymalizacja zieleni
12,14_1,1,6,1,1,0,Lokalny,Tereny przemysłowe,Domy jednorodzinne,Partycypacja społeczna,Maksymalizacja zieleni
12,18_1,1,6,1,0,0,Lokalny,Tereny przemysłowe,Domy jednorodzinne,Partycypacja społeczna,Maksymalizacja zieleni
12,22_1,1,6,1,0,0,Lokalny,Tereny przemysłowe,Domy jednorodzinne,Partycypacja społeczna,Maksymalizacja zieleni
12,23_1,1,6,1,1,0,Lokalny,Tereny przemysłowe,Domy jednorodzinne,Partycypacja społeczna,Maksymalizacja zieleni
12,27_1,1,6,1,0,0,Lokalny,Tereny przemysłowe,Domy jednorodzinne,Partycypacja społeczna,Maksymalizacja zieleni
12,30_1,1,6,1,0,0,Lokalny,Tereny przemysłowe,Domy jednorodzinne,Partycypacja społeczna,Maksymalizacja zieleni
12,34_1,1,6,1,0,0,Lokalny,Tereny przemysłowe,Domy jednorodzinne,Partycypacja społeczna,Maksymalizacja zieleni
12,38_1,1,6,1,0,0,Lokalny,Tereny przemysłowe,Domy jednorodzinne,Partycypacja społeczna,Maksymalizacja zieleni
12,41_1,1,6,1,0,0,Lokalny,Tereny przemysłowe,Domy jednorodzinne,Partycypacja społeczna,Maksymalizacja zieleni
12,45_1,1,6,1,0,0,Lokalny,Tereny przemysłowe,Domy jednorodzinne,Partycypacja społeczna,Maksymalizacja zieleni
12,49_1,1,6,1,1,0,Lokalny,Tereny przemysłowe,Domy jednorodzinne,Partycypacja społeczna,Maksymalizacja zieleni
12,52_1,1,6,1,0,0,Lokalny,Tereny przemysłowe,Domy jednorodzinne,Partycypacja społeczna,Maksymalizacja zieleni
12,57_1,1,6,1,1,0,Lokalny,Tereny przemysłowe,Domy jednorodzinne,Partycypacja społeczna,Maksymalizacja zieleni
12,60_1,1,6,1,0,0,Lokalny,Tereny przemysłowe,Domy jednorodzinne,Partycypacja społeczna,Maksymalizacja zieleni
12,64_1,1,6,1,0,0,Lokalny,Tereny przemysłowe,Domy jednorodzinne,Partycypacja społeczna,Maksymalizacja zieleni
12,68_1,1,6,1,1,0,Lokalny,Tereny przemysłowe,Domy jednorodzinne,Partycypacja społeczna,Maksymalizacja zieleni
12,71_1,1,6,1,1,0,Lokalny,Tereny przemysłowe,Domy jednorodzinne,Partycypacja społeczna,Maksymalizacja zieleni
12,75_1,1,6,1,0,0,Lokalny,Tereny przemysłowe,Domy jednorodzinne,Partycypacja społeczna,Maksymalizacja zieleni
12,78_1,1,6,1,1,0,Lokalny,Tereny przemysłowe,Domy jednorodzinne,Partycypacja społeczna,Maksymalizacja zieleni
12,2_2,2,5,2,0,0,Lokalny,Tereny przemysłowe,Domy jednorodzinne,Partycypacja społeczna,Maksymalizacja zieleni
12,5_2,2,5,2,1,0,Lokalny,Tereny przemysłowe,Domy jednorodzinne,Partycypacja społeczna,Maksymalizacja zieleni
12,9_2,2,5,2,1,0,Lokalny,Tereny przemysłowe,Domy jednorodzinne,Partycypacja społeczna,Maksymalizacja zieleni
12,13_2,2,5,2,0,0,Lokalny,Tereny przemysłowe,Domy jednorodzinne,Partycypacja społeczna,Maksymalizacja zieleni
12,17_2,2,5,2,1,0,Lokalny,Tereny przemysłowe,Domy jednorodzinne,Partycypacja społeczna,Maksymalizacja zieleni
12,21_2,2,5,2,0,0,Lokalny,Tereny przemysłowe,Domy jednorodzinne,Partycypacja społeczna,Maksymalizacja zieleni
12,26_2,2,5,2,0,0,Lokalny,Tereny przemysłowe,Domy jednorodzinne,Partycypacja społeczna,Maksymalizacja zieleni
12,33_2,2,5,2,1,0,Lokalny,Tereny przemysłowe,Domy jednorodzinne,Partycypacja społeczna,Maksymalizacja zieleni
12,37_2,2,5,2,0,0,Lokalny,Tereny przemysłowe,Domy jednorodzinne,Partycypacja społeczna,Maksymalizacja zieleni
12,40_2,2,5,2,1,0,Lokalny,Tereny przemysłowe,Domy jednorodzinne,Partycypacja społeczna,Maksymalizacja zieleni
12,44_2,2,5,2,1,0,Lokalny,Tereny przemysłowe,Domy jednorodzinne,Partycypacja społeczna,Maksymalizacja zieleni
12,48_2,2,5,2,0,0,Lokalny,Tereny przemysłowe,Domy jednorodzinne,Partycypacja społeczna,Maksymalizacja zieleni
12,51_2,2,5,2,0,0,Lokalny,Tereny przemysłowe,Domy jednorodzinne,Partycypacja społeczna,Maksymalizacja zieleni
12,55_2,2,5,2,1,0,Lokalny,Tereny przemysłowe,Domy jednorodzinne,Partycypacja społeczna,Maksymalizacja zieleni
12,56_2,2,5,2,1,0,Lokalny,Tereny przemysłowe,Domy jednorodzinne,Partycypacja społeczna,Maksymalizacja zieleni
12,63_2,2,5,2,0,0,Lokalny,Tereny przemysłowe,Domy jednorodzinne,Partycypacja społeczna,Maksymalizacja zieleni
12,67_2,2,5,2,1,0,Lokalny,Tereny przemysłowe,Domy jednorodzinne,Partycypacja społeczna,Maksymalizacja zieleni
12,70_2,2,5,2,0,0,Lokalny,Tereny przemysłowe,Domy jednorodzinne,Partycypacja społeczna,Maksymalizacja zieleni
12,74_2,2,5,2,0,0,Lokalny,Tereny przemysłowe,Domy jednorodzinne,Partycypacja społeczna,Maksymalizacja zieleni
12,3_3,3,1,1,0,0,Lokalny,Tereny przemysłowe,Domy jednorodzinne,Partycypacja społeczna,Maksymalizacja zieleni
12,6_3,3,1,1,1,0,Lokalny,Tereny przemysłowe,Domy jednorodzinne,Partycypacja społeczna,Maksymalizacja zieleni
12,8_3,3,1,1,1,0,Lokalny,Tereny przemysłowe,Domy jednorodzinne,Partycypacja społeczna,Maksymalizacja zieleni
12,12_3,3,1,1,0,0,Lokalny,Tereny przemysłowe,Domy jednorodzinne,Partycypacja społeczna,Maksymalizacja zieleni
12,16_3,3,1,1,0,0,Lokalny,Tereny przemysłowe,Domy jednorodzinne,Partycypacja społeczna,Maksymalizacja zieleni
12,20_3,3,1,1,1,0,Lokalny,Tereny przemysłowe,Domy jednorodzinne,Partycypacja społeczna,Maksymalizacja zieleni
12,25_3,3,1,1,0,0,Lokalny,Tereny przemysłowe,Domy jednorodzinne,Partycypacja społeczna,Maksymalizacja zieleni
12,29_3,3,1,1,0,0,Lokalny,Tereny przemysłowe,Domy jednorodzinne,Partycypacja społeczna,Maksymalizacja zieleni
12,32_3,3,1,1,0,0,Lokalny,Tereny przemysłowe,Domy jednorodzinne,Partycypacja społeczna,Maksymalizacja zieleni
12,36_3,3,1,1,0,0,Lokalny,Tereny przemysłowe,Domy jednorodzinne,Partycypacja społeczna,Maksymalizacja zieleni
12,43_3,3,1,1,1,0,Lokalny,Tereny przemysłowe,Domy jednorodzinne,Partycypacja społeczna,Maksymalizacja zieleni
12,47_3,3,1,1,0,0,Lokalny,Tereny przemysłowe,Domy jednorodzinne,Partycypacja społeczna,Maksymalizacja zieleni
12,50_3,3,1,1,0,0,Lokalny,Tereny przemysłowe,Domy jednorodzinne,Partycypacja społeczna,Maksymalizacja zieleni
12,54_3,3,1,1,0,0,Lokalny,Tereny przemysłowe,Domy jednorodzinne,Partycypacja społeczna,Maksymalizacja zieleni
12,59_3,3,1,1,1,0,Lokalny,Tereny przemysłowe,Domy jednorodzinne,Partycypacja społeczna,Maksymalizacja zieleni
12,62_3,3,1,1,0,0,Lokalny,Tereny przemysłowe,Domy jednorodzinne,Partycypacja społeczna,Maksymalizacja zieleni
12,66_3,3,1,1,0,0,Lokalny,Tereny przemysłowe,Domy jednorodzinne,Partycypacja społeczna,Maksymalizacja zieleni
12,73_3,3,1,1,0,0,Lokalny,Tereny przemysłowe,Domy jednorodzinne,Partycypacja społeczna,Maksymalizacja zieleni
12,1_4,4,6,2,0,0,Lokalny,Tereny przemysłowe,Domy jednorodzinne,Partycypacja społeczna,Maksymalizacja zieleni
12,4_4,4,6,2,0,0,Lokalny,Tereny przemysłowe,Domy jednorodzinne,Partycypacja społeczna,Maksymalizacja zieleni
12,11_4,4,6,2,0,0,Lokalny,Tereny przemysłowe,Domy jednorodzinne,Partycypacja społeczna,Maksymalizacja zieleni
12,15_4,4,6,2,1,0,Lokalny,Tereny przemysłowe,Domy jednorodzinne,Partycypacja społeczna,Maksymalizacja zieleni
12,19_4,4,6,2,1,0,Lokalny,Tereny przemysłowe,Domy jednorodzinne,Partycypacja społeczna,Maksymalizacja zieleni
12,24_4,4,6,2,0,0,Lokalny,Tereny przemysłowe,Domy jednorodzinne,Partycypacja społeczna,Maksymalizacja zieleni
12,28_4,4,6,2,0,0,Lokalny,Tereny przemysłowe,Domy jednorodzinne,Partycypacja społeczna,Maksymalizacja zieleni
12,31_4,4,6,2,1,0,Lokalny,Tereny przemysłowe,Domy jednorodzinne,Partycypacja społeczna,Maksymalizacja zieleni
12,35_4,4,6,2,1,0,Lokalny,Tereny przemysłowe,Domy jednorodzinne,Partycypacja społeczna,Maksymalizacja zieleni
12,39_4,4,6,2,1,0,Lokalny,Tereny przemysłowe,Domy jednorodzinne,Partycypacja społeczna,Maksymalizacja zieleni
12,42_4,4,6,2,1,0,Lokalny,Tereny przemysłowe,Domy jednorodzinne,Partycypacja społeczna,Maksymalizacja zieleni
12,46_4,4,6,2,0,0,Lokalny,Tereny przemysłowe,Domy jednorodzinne,Partycypacja społeczna,Maksymalizacja zieleni
12,53_4,4,6,2,1,0,Lokalny,Tereny przemysłowe,Domy jednorodzinne,Partycypacja społeczna,Maksymalizacja zieleni
12,58_4,4,6,2,0,0,Lokalny,Tereny przemysłowe,Domy jednorodzinne,Partycypacja społeczna,Maksymalizacja zieleni
12,61_4,4,6,2,1,0,Lokalny,Tereny przemysłowe,Domy jednorodzinne,Partycypacja społeczna,Maksymalizacja zieleni
12,65_4,4,6,2,0,0,Lokalny,Tereny przemysłowe,Domy jednorodzinne,Partycypacja społeczna,Maksymalizacja zieleni
12,69_4,4,6,2,1,0,Lokalny,Tereny przemysłowe,Domy jednorodzinne,Partycypacja społeczna,Maksymalizacja zieleni
12,72_4,4,6,2,0,0,Lokalny,Tereny przemysłowe,Domy jednorodzinne,Partycypacja społeczna,Maksymalizacja zieleni
12,76_4,4,6,2,0,0,Lokalny,Tereny przemysłowe,Domy jednorodzinne,Partycypacja społeczna,Maksymalizacja zieleni
12,7_5,5,2,2,0,0,Lokalny,Tereny przemysłowe,Domy jednorodzinne,Partycypacja społeczna,Maksymalizacja zieleni
12,10_5,5,2,2,1,0,Lokalny,Tereny przemysłowe,Domy jednorodzinne,Partycypacja społeczna,Maksymalizacja zieleni
12,14_5,5,2,2,0,0,Lokalny,Tereny przemysłowe,Domy jednorodzinne,Partycypacja społeczna,Maksymalizacja zieleni
12,18_5,5,2,2,0,0,Lokalny,Tereny przemysłowe,Domy jednorodzinne,Partycypacja społeczna,Maksymalizacja zieleni
12,23_5,5,2,2,1,0,Lokalny,Tereny przemysłowe,Domy jednorodzinne,Partycypacja społeczna,Maksymalizacja zieleni
12,27_5,5,2,2,1,0,Lokalny,Tereny przemysłowe,Domy jednorodzinne,Partycypacja społeczna,Maksymalizacja zieleni
12,30_5,5,2,2,1,0,Lokalny,Tereny przemysłowe,Domy jednorodzinne,Partycypacja społeczna,Maksymalizacja zieleni
12,34_5,5,2,2,0,0,Lokalny,Tereny przemysłowe,Domy jednorodzinne,Partycypacja społeczna,Maksymalizacja zieleni
12,38_5,5,2,2,1,0,Lokalny,Tereny przemysłowe,Domy jednorodzinne,Partycypacja społeczna,Maksymalizacja zieleni
12,41_5,5,2,2,1,0,Lokalny,Tereny przemysłowe,Domy jednorodzinne,Partycypacja społeczna,Maksymalizacja zieleni
12,45_5,5,2,2,0,0,Lokalny,Tereny przemysłowe,Domy jednorodzinne,Partycypacja społeczna,Maksymalizacja zieleni
12,49_5,5,2,2,0,0,Lokalny,Tereny przemysłowe,Domy jednorodzinne,Partycypacja społeczna,Maksymalizacja zieleni
12,52_5,5,2,2,1,0,Lokalny,Tereny przemysłowe,Domy jednorodzinne,Partycypacja społeczna,Maksymalizacja zieleni
12,57_5,5,2,2,1,0,Lokalny,Tereny przemysłowe,Domy jednorodzinne,Partycypacja społeczna,Maksymalizacja zieleni
12,60_5,5,2,2,0,0,Lokalny,Tereny przemysłowe,Domy jednorodzinne,Partycypacja społeczna,Maksymalizacja zieleni
12,64_5,5,2,2,0,0,Lokalny,Tereny przemysłowe,Domy jednorodzinne,Partycypacja społeczna,Maksymalizacja zieleni
12,68_5,5,2,2,1,0,Lokalny,Tereny przemysłowe,Domy jednorodzinne,Partycypacja społeczna,Maksymalizacja zieleni
12,71_5,5,2,2,1,0,Lokalny,Tereny przemysłowe,Domy jednorodzinne,Partycypacja społeczna,Maksymalizacja zieleni
12,75_5,5,2,2,0,0,Lokalny,Tereny przemysłowe,Domy jednorodzinne,Partycypacja społeczna,Maksymalizacja zieleni
13,7_1,1,10,1,0,0,Specjalistyczny,Obiekty usługowe,Budynki wielorodzinne,Młode rodziny,Zrównoważone podejście
13,10_1,1,10,1,1,0,Specjalistyczny,Obiekty usługowe,Budynki wielorodzinne,Młode rodziny,Zrównoważone podejście
13,14_1,1,10,1,1,0,Specjalistyczny,Obiekty usługowe,Budynki wielorodzinne,Młode rodziny,Zrównoważone podejście
13,18_1,1,10,1,0,0,Specjalistyczny,Obiekty usługowe,Budynki wielorodzinne,Młode rodziny,Zrównoważone podejście
13,22_1,1,10,1,0,0,Specjalistyczny,Obiekty usługowe,Budynki wielorodzinne,Młode rodziny,Zrównoważone podejście
13,23_1,1,10,1,1,0,Specjalistyczny,Obiekty usługowe,Budynki wielorodzinne,Młode rodziny,Zrównoważone podejście
13,27_1,1,10,1,1,0,Specjalistyczny,Obiekty usługowe,Budynki wielorodzinne,Młode rodziny,Zrównoważone podejście
13,30_1,1,10,1,1,0,Specjalistyczny,Obiekty usługowe,Budynki wielorodzinne,Młode rodziny,Zrównoważone podejście
13,34_1,1,10,1,1,0,Specjalistyczny,Obiekty usługowe,Budynki wielorodzinne,Młode rodziny,Zrównoważone podejście
13,38_1,1,10,1,0,0,Specjalistyczny,Obiekty usługowe,Budynki wielorodzinne,Młode rodziny,Zrównoważone podejście
13,41_1,1,10,1,1,0,Specjalistyczny,Obiekty usługowe,Budynki wielorodzinne,Młode rodziny,Zrównoważone podejście
13,45_1,1,10,1,1,0,Specjalistyczny,Obiekty usługowe,Budynki wielorodzinne,Młode rodziny,Zrównoważone podejście
13,49_1,1,10,1,1,0,Specjalistyczny,Obiekty usługowe,Budynki wielorodzinne,Młode rodziny,Zrównoważone podejście
13,52_1,1,10,1,1,0,Specjalistyczny,Obiekty usługowe,Budynki wielorodzinne,Młode rodziny,Zrównoważone podejście
13,57_1,1,10,1,1,0,Specjalistyczny,Obiekty usługowe,Budynki wielorodzinne,Młode rodziny,Zrównoważone podejście
13,60_1,1,10,1,1,0,Specjalistyczny,Obiekty usługowe,Budynki wielorodzinne,Młode rodziny,Zrównoważone podejście
13,64_1,1,10,1,1,0,Specjalistyczny,Obiekty usługowe,Budynki wielorodzinne,Młode rodziny,Zrównoważone podejście
13,68_1,1,10,1,0,0,Specjalistyczny,Obiekty usługowe,Budynki wielorodzinne,Młode rodziny,Zrównoważone podejście
13,71_1,1,10,1,1,0,Specjalistyczny,Obiekty usługowe,Budynki wielorodzinne,Młode rodziny,Zrównoważone podejście
13,75_1,1,10,1,0,0,Specjalistyczny,Obiekty usługowe,Budynki wielorodzinne,Młode rodziny,Zrównoważone podejście
13,78_1,1,10,1,1,0,Specjalistyczny,Obiekty usługowe,Budynki wielorodzinne,Młode rodziny,Zrównoważone podejście
13,2_2,2,9,2,0,0,Specjalistyczny,Obiekty usługowe,Budynki wielorodzinne,Młode rodziny,Zrównoważone podejście
13,5_2,2,9,2,0,0,Specjalistyczny,Obiekty usługowe,Budynki wielorodzinne,Młode rodziny,Zrównoważone podejście
13,9_2,2,9,2,1,0,Specjalistyczny,Obiekty usługowe,Budynki wielorodzinne,Młode rodziny,Zrównoważone podejście
13,13_2,2,9,2,1,0,Specjalistyczny,Obiekty usługowe,Budynki wielorodzinne,Młode rodziny,Zrównoważone podejście
13,17_2,2,9,2,0,0,Specjalistyczny,Obiekty usługowe,Budynki wielorodzinne,Młode rodziny,Zrównoważone podejście
13,21_2,2,9,2,1,0,Specjalistyczny,Obiekty usługowe,Budynki wielorodzinne,Młode rodziny,Zrównoważone podejście
13,26_2,2,9,2,1,0,Specjalistyczny,Obiekty usługowe,Budynki wielorodzinne,Młode rodziny,Zrównoważone podejście
13,33_2,2,9,2,1,0,Specjalistyczny,Obiekty usługowe,Budynki wielorodzinne,Młode rodziny,Zrównoważone podejście
13,37_2,2,9,2,0,0,Specjalistyczny,Obiekty usługowe,Budynki wielorodzinne,Młode rodziny,Zrównoważone podejście
13,40_2,2,9,2,1,0,Specjalistyczny,Obiekty usługowe,Budynki wielorodzinne,Młode rodziny,Zrównoważone podejście
13,44_2,2,9,2,0,0,Specjalistyczny,Obiekty usługowe,Budynki wielorodzinne,Młode rodziny,Zrównoważone podejście
13,48_2,2,9,2,1,0,Specjalistyczny,Obiekty usługowe,Budynki wielorodzinne,Młode rodziny,Zrównoważone podejście
13,51_2,2,9,2,1,0,Specjalistyczny,Obiekty usługowe,Budynki wielorodzinne,Młode rodziny,Zrównoważone podejście
13,55_2,2,9,2,0,0,Specjalistyczny,Obiekty usługowe,Budynki wielorodzinne,Młode rodziny,Zrównoważone podejście
13,56_2,2,9,2,0,0,Specjalistyczny,Obiekty usługowe,Budynki wielorodzinne,Młode rodziny,Zrównoważone podejście
13,63_2,2,9,2,0,0,Specjalistyczny,Obiekty usługowe,Budynki wielorodzinne,Młode rodziny,Zrównoważone podejście
13,67_2,2,9,2,1,0,Specjalistyczny,Obiekty usługowe,Budynki wielorodzinne,Młode rodziny,Zrównoważone podejście
13,70_2,2,9,2,0,0,Specjalistyczny,Obiekty usługowe,Budynki wielorodzinne,Młode rodziny,Zrównoważone podejście
13,74_2,2,9,2,1,0,Specjalistyczny,Obiekty usługowe,Budynki wielorodzinne,Młode rodziny,Zrównoważone podejście
13,3_3,3,9,1,1,0,Specjalistyczny,Obiekty usługowe,Budynki wielorodzinne,Młode rodziny,Zrównoważone podejście
13,6_3,3,9,1,0,0,Specjalistyczny,Obiekty usługowe,Budynki wielorodzinne,Młode rodziny,Zrównoważone podejście
13,8_3,3,9,1,1,0,Specjalistyczny,Obiekty usługowe,Budynki wielorodzinne,Młode rodziny,Zrównoważone podejście
13,12_3,3,9,1,0,0,Specjalistyczny,Obiekty usługowe,Budynki wielorodzinne,Młode rodziny,Zrównoważone podejście
13,16_3,3,9,1,0,0,Specjalistyczny,Obiekty usługowe,Budynki wielorodzinne,Młode rodziny,Zrównoważone podejście
13,20_3,3,9,1,1,0,Specjalistyczny,Obiekty usługowe,Budynki wielorodzinne,Młode rodziny,Zrównoważone podejście
13,25_3,3,9,1,0,0,Specjalistyczny,Obiekty usługowe,Budynki wielorodzinne,Młode rodziny,Zrównoważone podejście
13,29_3,3,9,1,1,0,Specjalistyczny,Obiekty usługowe,Budynki wielorodzinne,Młode rodziny,Zrównoważone podejście
13,32_3,3,9,1,1,0,Specjalistyczny,Obiekty usługowe,Budynki wielorodzinne,Młode rodziny,Zrównoważone podejście
13,36_3,3,9,1,0,0,Specjalistyczny,Obiekty usługowe,Budynki wielorodzinne,Młode rodziny,Zrównoważone podejście
13,43_3,3,9,1,1,0,Specjalistyczny,Obiekty usługowe,Budynki wielorodzinne,Młode rodziny,Zrównoważone podejście
13,47_3,3,9,1,1,0,Specjalistyczny,Obiekty usługowe,Budynki wielorodzinne,Młode rodziny,Zrównoważone podejście
13,50_3,3,9,1,1,0,Specjalistyczny,Obiekty usługowe,Budynki wielorodzinne,Młode rodziny,Zrównoważone podejście
13,54_3,3,9,1,0,0,Specjalistyczny,Obiekty usługowe,Budynki wielorodzinne,Młode rodziny,Zrównoważone podejście
13,59_3,3,9,1,1,0,Specjalistyczny,Obiekty usługowe,Budynki wielorodzinne,Młode rodziny,Zrównoważone podejście
13,62_3,3,9,1,0,0,Specjalistyczny,Obiekty usługowe,Budynki wielorodzinne,Młode rodziny,Zrównoważone podejście
13,66_3,3,9,1,0,0,Specjalistyczny,Obiekty usługowe,Budynki wielorodzinne,Młode rodziny,Zrównoważone podejście
13,73_3,3,9,1,0,0,Specjalistyczny,Obiekty usługowe,Budynki wielorodzinne,Młode rodziny,Zrównoważone podejście
13,1_4,4,9,2,1,0,Specjalistyczny,Obiekty usługowe,Budynki wielorodzinne,Młode rodziny,Zrównoważone podejście
13,4_4,4,9,2,0,0,Specjalistyczny,Obiekty usługowe,Budynki wielorodzinne,Młode rodziny,Zrównoważone podejście
13,11_4,4,9,2,0,0,Specjalistyczny,Obiekty usługowe,Budynki wielorodzinne,Młode rodziny,Zrównoważone podejście
13,15_4,4,9,2,0,0,Specjalistyczny,Obiekty usługowe,Budynki wielorodzinne,Młode rodziny,Zrównoważone podejście
13,19_4,4,9,2,0,0,Specjalistyczny,Obiekty usługowe,Budynki wielorodzinne,Młode rodziny,Zrównoważone podejście
13,24_4,4,9,2,1,0,Specjalistyczny,Obiekty usługowe,Budynki wielorodzinne,Młode rodziny,Zrównoważone podejście
13,28_4,4,9,2,1,0,Specjalistyczny,Obiekty usługowe,Budynki wielorodzinne,Młode rodziny,Zrównoważone podejście
13,31_4,4,9,2,0,0,Specjalistyczny,Obiekty usługowe,Budynki wielorodzinne,Młode rodziny,Zrównoważone podejście
13,35_4,4,9,2,0,0,Specjalistyczny,Obiekty usługowe,Budynki wielorodzinne,Młode rodziny,Zrównoważone podejście
13,39_4,4,9,2,0,0,Specjalistyczny,Obiekty usługowe,Budynki wielorodzinne,Młode rodziny,Zrównoważone podejście
13,42_4,4,9,2,0,0,Specjalistyczny,Obiekty usługowe,Budynki wielorodzinne,Młode rodziny,Zrównoważone podejście
13,46_4,4,9,2,1,0,Specjalistyczny,Obiekty usługowe,Budynki wielorodzinne,Młode rodziny,Zrównoważone podejście
13,53_4,4,9,2,0,0,Specjalistyczny,Obiekty usługowe,Budynki wielorodzinne,Młode rodziny,Zrównoważone podejście
13,58_4,4,9,2,1,0,Specjalistyczny,Obiekty usługowe,Budynki wielorodzinne,Młode rodziny,Zrównoważone podejście
13,61_4,4,9,2,0,0,Specjalistyczny,Obiekty usługowe,Budynki wielorodzinne,Młode rodziny,Zrównoważone podejście
13,65_4,4,9,2,1,0,Specjalistyczny,Obiekty usługowe,Budynki wielorodzinne,Młode rodziny,Zrównoważone podejście
13,69_4,4,9,2,0,0,Specjalistyczny,Obiekty usługowe,Budynki wielorodzinne,Młode rodziny,Zrównoważone podejście
13,72_4,4,9,2,1,0,Specjalistyczny,Obiekty usługowe,Budynki wielorodzinne,Młode rodziny,Zrównoważone podejście
13,76_4,4,9,2,0,0,Specjalistyczny,Obiekty usługowe,Budynki wielorodzinne,Młode rodziny,Zrównoważone podejście
13,7_5,5,4,1,1,0,Specjalistyczny,Obiekty usługowe,Budynki wielorodzinne,Młode rodziny,Zrównoważone podejście
13,10_5,5,4,1,0,0,Specjalistyczny,Obiekty usługowe,Budynki wielorodzinne,Młode rodziny,Zrównoważone podejście
13,14_5,5,4,1,1,0,Specjalistyczny,Obiekty usługowe,Budynki wielorodzinne,Młode rodziny,Zrównoważone podejście
13,18_5,5,4,1,1,0,Specjalistyczny,Obiekty usługowe,Budynki wielorodzinne,Młode rodziny,Zrównoważone podejście
13,23_5,5,4,1,1,0,Specjalistyczny,Obiekty usługowe,Budynki wielorodzinne,Młode rodziny,Zrównoważone podejście
13,27_5,5,4,1,0,0,Specjalistyczny,Obiekty usługowe,Budynki wielorodzinne,Młode rodziny,Zrównoważone podejście
13,30_5,5,4,1,1,0,Specjalistyczny,Obiekty usługowe,Budynki wielorodzinne,Młode rodziny,Zrównoważone podejście
13,34_5,5,4,1,0,0,Specjalistyczny,Obiekty usługowe,Budynki wielorodzinne,Młode rodziny,Zrównoważone podejście
13,38_5,5,4,1,0,0,Specjalistyczny,Obiekty usługowe,Budynki wielorodzinne,Młode rodziny,Zrównoważone podejście
13,41_5,5,4,1,0,0,Specjalistyczny,Obiekty usługowe,Budynki wielorodzinne,Młode rodziny,Zrównoważone podejście
13,45_5,5,4,1,0,0,Specjalistyczny,Obiekty usługowe,Budynki wielorodzinne,Młode rodziny,Zrównoważone podejście
13,49_5,5,4,1,1,0,Specjalistyczny,Obiekty usługowe,Budynki wielorodzinne,Młode rodziny,Zrównoważone podejście
13,52_5,5,4,1,0,0,Specjalistyczny,Obiekty usługowe,Budynki wielorodzinne,Młode rodziny,Zrównoważone podejście
13,57_5,5,4,1,1,0,Specjalistyczny,Obiekty usługowe,Budynki wielorodzinne,Młode rodziny,Zrównoważone podejście
13,60_5,5,4,1,0,0,Specjalistyczny,Obiekty usługowe,Budynki wielorodzinne,Młode rodziny,Zrównoważone podejście
13,64_5,5,4,1,1,0,Specjalistyczny,Obiekty usługowe,Budynki wielorodzinne,Młode rodziny,Zrównoważone podejście
13,68_5,5,4,1,1,0,Specjalistyczny,Obiekty usługowe,Budynki wielorodzinne,Młode rodziny,Zrównoważone podejście
13,71_5,5,4,1,1,0,Specjalistyczny,Obiekty usługowe,Budynki wielorodzinne,Młode rodziny,Zrównoważone podejście
13,75_5,5,4,1,1,0,Specjalistyczny,Obiekty usługowe,Budynki wielorodzinne,Młode rodziny,Zrównoważone podejście
14,7_1,1,4,2,0,0,Rezydencjalny,Przestrzenie publiczne,Zabudowa zwarta,Usługi zdrowotne,Priorytet gospodarczy
14,10_1,1,4,2,1,0,Rezydencjalny,Przestrzenie publiczne,Zabudowa zwarta,Usługi zdrowotne,Priorytet gospodarczy
14,14_1,1,4,2,0,0,Rezydencjalny,Przestrzenie publiczne,Zabudowa zwarta,Usługi zdrowotne,Priorytet gospodarczy
14,18_1,1,4,2,1,0,Rezydencjalny,Przestrzenie publiczne,Zabudowa zwarta,Usługi zdrowotne,Priorytet gospodarczy
14,22_1,1,4,2,0,0,Rezydencjalny,Przestrzenie publiczne,Zabudowa zwarta,Usługi zdrowotne,Priorytet gospodarczy
14,23_1,1,4,2,1,0,Rezydencjalny,Przestrzenie publiczne,Zabudowa zwarta,Usługi zdrowotne,Priorytet gospodarczy
14,27_1,1,4,2,0,0,Rezydencjalny,Przestrzenie publiczne,Zabudowa zwarta,Usługi zdrowotne,Priorytet gospodarczy
14,30_1,1,4,2,1,0,Rezydencjalny,Przestrzenie publiczne,Zabudowa zwarta,Usługi zdrowotne,Priorytet gospodarczy
14,34_1,1,4,2,1,0,Rezydencjalny,Przestrzenie publiczne,Zabudowa zwarta,Usługi zdrowotne,Priorytet gospodarczy
14,38_1,1,4,2,1,0,Rezydencjalny,Przestrzenie publiczne,Zabudowa zwarta,Usługi zdrowotne,Priorytet gospodarczy
14,41_1,1,4,2,0,0,Rezydencjalny,Przestrzenie publiczne,Zabudowa zwarta,Usługi zdrowotne,Priorytet gospodarczy
14,45_1,1,4,2,0,0,Rezydencjalny,Przestrzenie publiczne,Zabudowa zwarta,Usługi zdrowotne,Priorytet gospodarczy
14,49_1,1,4,2,1,0,Rezydencjalny,Przestrzenie publiczne,Zabudowa zwarta,Usługi zdrowotne,Priorytet gospodarczy
14,52_1,1,4,2,1,0,Rezydencjalny,Przestrzenie publiczne,Zabudowa zwarta,Usługi zdrowotne,Priorytet gospodarczy
14,57_1,1,4,2,0,0,Rezydencjalny,Przestrzenie publiczne,Zabudowa zwarta,Usługi zdrowotne,Priorytet gospodarczy
14,60_1,1,4,2,1,0,Rezydencjalny,Przestrzenie publiczne,Zabudowa zwarta,Usługi zdrowotne,Priorytet gospodarczy
14,64_1,1,4,2,1,0,Rezydencjalny,Przestrzenie publiczne,Zabudowa zwarta,Usługi zdrowotne,Priorytet gospodarczy
14,68_1,1,4,2,0,0,Rezydencjalny,Przestrzenie publiczne,Zabudowa zwarta,Usługi zdrowotne,Priorytet gospodarczy
14,71_1,1,4,2,0,0,Rezydencjalny,Przestrzenie publiczne,Zabudowa zwarta,Usługi zdrowotne,Priorytet gospodarczy
14,75_1,1,4,2,0,0,Rezydencjalny,Przestrzenie publiczne,Zabudowa zwarta,Usługi zdrowotne,Priorytet gospodarczy
14,78_1,1,4,2,0,0,Rezydencjalny,Przestrzenie publiczne,Zabudowa zwarta,Usługi zdrowotne,Priorytet gospodarczy
14,2_2,2,7,1,1,0,Rezydencjalny,Przestrzenie publiczne,Zabudowa zwarta,Usługi zdrowotne,Priorytet gospodarczy
14,5_2,2,7,1,1,0,Rezydencjalny,Przestrzenie publiczne,Zabudowa zwarta,Usługi zdrowotne,Priorytet gospodarczy
14,9_2,2,7,1,0,0,Rezydencjalny,Przestrzenie publiczne,Zabudowa zwarta,Usługi zdrowotne,Priorytet gospodarczy
14,13_2,2,7,1,1,0,Rezydencjalny,Przestrzenie publiczne,Zabudowa zwarta,Usługi zdrowotne,Priorytet gospodarczy
14,17_2,2,7,1,1,0,Rezydencjalny,Przestrzenie publiczne,Zabudowa zwarta,Usługi zdrowotne,Priorytet gospodarczy
14,21_2,2,7,1,1,0,Rezydencjalny,Przestrzenie publiczne,Zabudowa zwarta,Usługi zdrowotne,Priorytet gospodarczy
14,26_2,2,7,1,1,0,Rezydencjalny,Przestrzenie publiczne,Zabudowa zwarta,Usługi zdrowotne,Priorytet gospodarczy
14,33_2,2,7,1,0,0,Rezydencjalny,Przestrzenie publiczne,Zabudowa zwarta,Usługi zdrowotne,Priorytet gospodarczy
14,37_2,2,7,1,1,0,Rezydencjalny,Przestrzenie publiczne,Zabudowa zwarta,Usługi zdrowotne,Priorytet gospodarczy
14,40_2,2,7,1,0,0,Rezydencjalny,Przestrzenie publiczne,Zabudowa zwarta,Usługi zdrowotne,Priorytet gospodarczy
14,44_2,2,7,1,0,0,Rezydencjalny,Przestrzenie publiczne,Zabudowa zwarta,Usługi zdrowotne,Priorytet gospodarczy
14,48_2,2,7,1,0,0,Rezydencjalny,Przestrzenie publiczne,Zabudowa zwarta,Usługi zdrowotne,Priorytet gospodarczy
14,51_2,2,7,1,0,0,Rezydencjalny,Przestrzenie publiczne,Zabudowa zwarta,Usługi zdrowotne,Priorytet gospodarczy
14,55_2,2,7,1,0,0,Rezydencjalny,Przestrzenie publiczne,Zabudowa zwarta,Usługi zdrowotne,Priorytet gospodarczy
14,56_2,2,7,1,0,0,Rezydencjalny,Przestrzenie publiczne,Zabudowa zwarta,Usługi zdrowotne,Priorytet gospodarczy
14,63_2,2,7,1,1,0,Rezydencjalny,Przestrzenie publiczne,Zabudowa zwarta,Usługi zdrowotne,Priorytet gospodarczy
14,67_2,2,7,1,0,0,Rezydencjalny,Przestrzenie publiczne,Zabudowa zwarta,Usługi zdrowotne,Priorytet gospodarczy
14,70_2,2,7,1,1,0,Rezydencjalny,Przestrzenie publiczne,Zabudowa zwarta,Usługi zdrowotne,Priorytet gospodarczy
14,74_2,2,7,1,1,0,Rezydencjalny,Przestrzenie publiczne,Zabudowa zwarta,Usługi zdrowotne,Priorytet gospodarczy
14,3_3,3,6,1,0,0,Rezydencjalny,Przestrzenie publiczne,Zabudowa zwarta,Usługi zdrowotne,Priorytet gospodarczy
14,6_3,3,6,1,1,0,Rezydencjalny,Przestrzenie publiczne,Zabudowa zwarta,Usługi zdrowotne,Priorytet gospodarczy
14,8_3,3,6,1,0,0,Rezydencjalny,Przestrzenie publiczne,Zabudowa zwarta,Usługi zdrowotne,Priorytet gospodarczy
14,12_3,3,6,1,1,0,Rezydencjalny,Przestrzenie publiczne,Zabudowa zwarta,Usługi zdrowotne,Priorytet gospodarczy
14,16_3,3,6,1,0,0,Rezydencjalny,Przestrzenie publiczne,Zabudowa zwarta,Usługi zdrowotne,Priorytet gospodarczy
14,20_3,3,6,1,1,0,Rezydencjalny,Przestrzenie publiczne,Zabudowa zwarta,Usługi zdrowotne,Priorytet gospodarczy
14,25_3,3,6,1,1,0,Rezydencjalny,Przestrzenie publiczne,Zabudowa zwarta,Usługi zdrowotne,Priorytet gospodarczy
14,29_3,3,6,1,1,0,Rezydencjalny,Przestrzenie publiczne,Zabudowa zwarta,Usługi zdrowotne,Priorytet gospodarczy
14,32_3,3,6,1,0,0,Rezydencjalny,Przestrzenie publiczne,Zabudowa zwarta,Usługi zdrowotne,Priorytet gospodarczy
14,36_3,3,6,1,0,0,Rezydencjalny,Przestrzenie publiczne,Zabudowa zwarta,Usługi zdrowotne,Priorytet gospodarczy
14,43_3,3,6,1,0,0,Rezydencjalny,Przestrzenie publiczne,Zabudowa zwarta,Usługi zdrowotne,Priorytet gospodarczy
14,47_3,3,6,1,0,0,Rezydencjalny,Przestrzenie publiczne,Zabudowa zwarta,Usługi zdrowotne,Priorytet gospodarczy
14,50_3,3,6,1,0,0,Rezydencjalny,Przestrzenie publiczne,Zabudowa zwarta,Usługi zdrowotne,Priorytet gospodarczy
14,54_3,3,6,1,1,0,Rezydencjalny,Przestrzenie publiczne,Zabudowa zwarta,Usługi zdrowotne,Priorytet gospodarczy
14,59_3,3,6,1,0,0,Rezydencjalny,Przestrzenie publiczne,Zabudowa zwarta,Usługi zdrowotne,Priorytet gospodarczy
14,62_3,3,6,1,1,0,Rezydencjalny,Przestrzenie publiczne,Zabudowa zwarta,Usługi zdrowotne,Priorytet gospodarczy
14,66_3,3,6,1,0,0,Rezydencjalny,Przestrzenie publiczne,Zabudowa zwarta,Usługi zdrowotne,Priorytet gospodarczy
14,73_3,3,6,1,0,0,Rezydencjalny,Przestrzenie publiczne,Zabudowa zwarta,Usługi zdrowotne,Priorytet gospodarczy
14,1_4,4,2,2,0,0,Rezydencjalny,Przestrzenie publiczne,Zabudowa zwarta,Usługi zdrowotne,Priorytet gospodarczy
14,4_4,4,2,2,0,0,Rezydencjalny,Przestrzenie publiczne,Zabudowa zwarta,Usługi zdrowotne,Priorytet gospodarczy
14,11_4,4,2,2,1,0,Rezydencjalny,Przestrzenie publiczne,Zabudowa zwarta,Usługi zdrowotne,Priorytet gospodarczy
14,15_4,4,2,2,1,0,Rezydencjalny,Przestrzenie publiczne,Zabudowa zwarta,Usługi zdrowotne,Priorytet gospodarczy
14,19_4,4,2,2,0,0,Rezydencjalny,Przestrzenie publiczne,Zabudowa zwarta,Usługi zdrowotne,Priorytet gospodarczy
14,24_4,4,2,2,1,0,Rezydencjalny,Przestrzenie publiczne,Zabudowa zwarta,Usługi zdrowotne,Priorytet gospodarczy
14,28_4,4,2,2,0,0,Rezydencjalny,Przestrzenie publiczne,Zabudowa zwarta,Usługi zdrowotne,Priorytet gospodarczy
14,31_4,4,2,2,1,0,Rezydencjalny,Przestrzenie publiczne,Zabudowa zwarta,Usługi zdrowotne,Priorytet gospodarczy
14,35_4,4,2,2,1,0,Rezydencjalny,Przestrzenie publiczne,Zabudowa zwarta,Usługi zdrowotne,Priorytet gospodarczy
14,39_4,4,2,2,1,0,Rezydencjalny,Przestrzenie publiczne,Zabudowa zwarta,Usługi zdrowotne,Priorytet gospodarczy
14,42_4,4,2,2,1,0,Rezydencjalny,Przestrzenie publiczne,Zabudowa zwarta,Usługi zdrowotne,Priorytet gospodarczy
14,46_4,4,2,2,0,0,Rezydencjalny,Przestrzenie publiczne,Zabudowa zwarta,Usługi zdrowotne,Priorytet gospodarczy
14,53_4,4,2,2,1,0,Rezydencjalny,Przestrzenie publiczne,Zabudowa zwarta,Usługi zdrowotne,Priorytet gospodarczy
14,58_4,4,2,2,1,0,Rezydencjalny,Przestrzenie publiczne,Zabudowa zwarta,Usługi zdrowotne,Priorytet gospodarczy
14,61_4,4,2,2,0,0,Rezydencjalny,Przestrzenie publiczne,Zabudowa zwarta,Usługi zdrowotne,Priorytet gospodarczy
14,65_4,4,2,2,0,0,Rezydencjalny,Przestrzenie publiczne,Zabudowa zwarta,Usługi zdrowotne,Priorytet gospodarczy
14,69_4,4,2,2,0,0,Rezydencjalny,Przestrzenie publiczne,Zabudowa zwarta,Usługi zdrowotne,Priorytet gospodarczy
14,72_4,4,2,2,0,0,Rezydencjalny,Przestrzenie publiczne,Zabudowa zwarta,Usługi zdrowotne,Priorytet gospodarczy
14,76_4,4,2,2,1,0,Rezydencjalny,Przestrzenie publiczne,Zabudowa zwarta,Usługi zdrowotne,Priorytet gospodarczy
14,7_5,5,9,1,1,0,Rezydencjalny,Przestrzenie publiczne,Zabudowa zwarta,Usługi zdrowotne,Priorytet gospodarczy
14,10_5,5,9,1,0,0,Rezydencjalny,Przestrzenie publiczne,Zabudowa zwarta,Usługi zdrowotne,Priorytet gospodarczy
14,14_5,5,9,1,1,0,Rezydencjalny,Przestrzenie publiczne,Zabudowa zwarta,Usługi zdrowotne,Priorytet gospodarczy
14,18_5,5,9,1,1,0,Rezydencjalny,Przestrzenie publiczne,Zabudowa zwarta,Usługi zdrowotne,Priorytet gospodarczy
14,23_5,5,9,1,1,0,Rezydencjalny,Przestrzenie publiczne,Zabudowa zwarta,Usługi zdrowotne,Priorytet gospodarczy
14,27_5,5,9,1,1,0,Rezydencjalny,Przestrzenie publiczne,Zabudowa zwarta,Usługi zdrowotne,Priorytet gospodarczy
14,30_5,5,9,1,0,0,Rezydencjalny,Przestrzenie publiczne,Zabudowa zwarta,Usługi zdrowotne,Priorytet gospodarczy
14,34_5,5,9,1,0,0,Rezydencjalny,Przestrzenie publiczne,Zabudowa zwarta,Usługi zdrowotne,Priorytet gospodarczy
14,38_5,5,9,1,1,0,Rezydencjalny,Przestrzenie publiczne,Zabudowa zwarta,Usługi zdrowotne,Priorytet gospodarczy
14,41_5,5,9,1,0,0,Rezydencjalny,Przestrzenie publiczne,Zabudowa zwarta,Usługi zdrowotne,Priorytet gospodarczy
14,45_5,5,9,1,0,0,Rezydencjalny,Przestrzenie publiczne,Zabudowa zwarta,Usługi zdrowotne,Priorytet gospodarczy
14,49_5,5,9,1,0,0,Rezydencjalny,Przestrzenie publiczne,Zabudowa zwarta,Usługi zdrowotne,Priorytet gospodarczy
14,52_5,5,9,1,0,0,Rezydencjalny,Przestrzenie publiczne,Zabudowa zwarta,Usługi zdrowotne,Priorytet gospodarczy
14,57_5,5,9,1,0,0,Rezydencjalny,Przestrzenie publiczne,Zabudowa zwarta,Usługi zdrowotne,Priorytet gospodarczy
14,60_5,5,9,1,0,0,Rezydencjalny,Przestrzenie publiczne,Zabudowa zwarta,Usługi zdrowotne,Priorytet gospodarczy
14,64_5,5,9,1,1,0,Rezydencjalny,Przestrzenie publiczne,Zabudowa zwarta,Usługi zdrowotne,Priorytet gospodarczy
14,68_5,5,9,1,1,0,Rezydencjalny,Przestrzenie publiczne,Zabudowa zwarta,Usługi zdrowotne,Priorytet gospodarczy
14,71_5,5,9,1,0,0,Rezydencjalny,Przestrzenie publiczne,Zabudowa zwarta,Usługi zdrowotne,Priorytet gospodarczy
14,75_5,5,9,1,1,0,Rezydencjalny,Przestrzenie publiczne,Zabudowa zwarta,Usługi zdrowotne,Priorytet gospodarczy
15,7_1,1,1,1,0,0,Usługowy,Połączenia z Wrocławiem,Rewitalizacja,Oferta kulturalna,Rekultywacja terenów
15,10_1,1,1,1,0,0,Usługowy,Połączenia z Wrocławiem,Rewitalizacja,Oferta kulturalna,Rekultywacja terenów
15,14_1,1,1,1,0,0,Usługowy,Połączenia z Wrocławiem,Rewitalizacja,Oferta kulturalna,Rekultywacja terenów
15,18_1,1,1,1,0,0,Usługowy,Połączenia z Wrocławiem,Rewitalizacja,Oferta kulturalna,Rekultywacja terenów
15,22_1,1,1,1,1,0,Usługowy,Połączenia z Wrocławiem,Rewitalizacja,Oferta kulturalna,Rekultywacja terenów
15,23_1,1,1,1,1,0,Usługowy,Połączenia z Wrocławiem,Rewitalizacja,Oferta kulturalna,Rekultywacja terenów
15,27_1,1,1,1,1,0,Usługowy,Połączenia z Wrocławiem,Rewitalizacja,Oferta kulturalna,Rekultywacja terenów
15,30_1,1,1,1,1,0,Usługowy,Połączenia z Wrocławiem,Rewitalizacja,Oferta kulturalna,Rekultywacja terenów
15,34_1,1,1,1,1,0,Usługowy,Połączenia z Wrocławiem,Rewitalizacja,Oferta kulturalna,Rekultywacja terenów
15,38_1,1,1,1,0,0,Usługowy,Połączenia z Wrocławiem,Rewitalizacja,Oferta kulturalna,Rekultywacja terenów
15,41_1,1,1,1,0,0,Usługowy,Połączenia z Wrocławiem,Rewitalizacja,Oferta kulturalna,Rekultywacja terenów
15,45_1,1,1,1,0,0,Usługowy,Połączenia z Wrocławiem,Rewitalizacja,Oferta kulturalna,Rekultywacja terenów
15,49_1,1,1,1,1,0,Usługowy,Połączenia z Wrocławiem,Rewitalizacja,Oferta kulturalna,Rekultywacja terenów
15,52_1,1,1,1,1,0,Usługowy,Połączenia z Wrocławiem,Rewitalizacja,Oferta kulturalna,Rekultywacja terenów
15,57_1,1,1,1,1,0,Usługowy,Połączenia z Wrocławiem,Rewitalizacja,Oferta kulturalna,Rekultywacja terenów
15,60_1,1,1,1,0,0,Usługowy,Połączenia z Wrocławiem,Rewitalizacja,Oferta kulturalna,Rekultywacja terenów
15,64_1,1,1,1,0,0,Usługowy,Połączenia z Wrocławiem,Rewitalizacja,Oferta kulturalna,Rekultywacja terenów
15,68_1,1,1,1,0,0,Usługowy,Połączenia z Wrocławiem,Rewitalizacja,Oferta kulturalna,Rekultywacja terenów
15,71_1,1,1,1,1,0,Usługowy,Połączenia z Wrocławiem,Rewitalizacja,Oferta kulturalna,Rekultywacja terenów
15,75_1,1,1,1,1,0,Usługowy,Połączenia z Wrocławiem,Rewitalizacja,Oferta kulturalna,Rekultywacja terenów
15,78_1,1,1,1,0,0,Usługowy,Połączenia z Wrocławiem,Rewitalizacja,Oferta kulturalna,Rekultywacja terenów
15,2_2,2,4,1,1,0,Usługowy,Połączenia z Wrocławiem,Rewitalizacja,Oferta kulturalna,Rekultywacja terenów
15,5_2,2,4,1,1,0,Usługowy,Połączenia z Wrocławiem,Rewitalizacja,Oferta kulturalna,Rekultywacja terenów
15,9_2,2,4,1,0,0,Usługowy,Połączenia z Wrocławiem,Rewitalizacja,Oferta kulturalna,Rekultywacja terenów
15,13_2,2,4,1,1,0,Usługowy,Połączenia z Wrocławiem,Rewitalizacja,Oferta kulturalna,Rekultywacja terenów
15,17_2,2,4,1,0,0,Usługowy,Połączenia z Wrocławiem,Rewitalizacja,Oferta kulturalna,Rekultywacja terenów
15,21_2,2,4,1,0,0,Usługowy,Połączenia z Wrocławiem,Rewitalizacja,Oferta kulturalna,Rekultywacja terenów
15,26_2,2,4,1,0,0,Usługowy,Połączenia z Wrocławiem,Rewitalizacja,Oferta kulturalna,Rekultywacja terenów
15,33_2,2,4,1,1,0,Usługowy,Połączenia z Wrocławiem,Rewitalizacja,Oferta kulturalna,Rekultywacja terenów
15,37_2,2,4,1,0,0,Usługowy,Połączenia z Wrocławiem,Rewitalizacja,Oferta kulturalna,Rekultywacja terenów
15,40_2,2,4,1,0,0,Usługowy,Połączenia z Wrocławiem,Rewitalizacja,Oferta kulturalna,Rekultywacja terenów
15,44_2,2,4,1,0,0,Usługowy,Połączenia z Wrocławiem,Rewitalizacja,Oferta kulturalna,Rekultywacja terenów
15,48_2,2,4,1,1,0,Usługowy,Połączenia z Wrocławiem,Rewitalizacja,Oferta kulturalna,Rekultywacja terenów
15,51_2,2,4,1,0,0,Usługowy,Połączenia z Wrocławiem,Rewitalizacja,Oferta kulturalna,Rekultywacja terenów
15,55_2,2,4,1,0,0,Usługowy,Połączenia z Wrocławiem,Rewitalizacja,Oferta kulturalna,Rekultywacja terenów
15,56_2,2,4,1,0,0,Usługowy,Połączenia z Wrocławiem,Rewitalizacja,Oferta kulturalna,Rekultywacja terenów
15,63_2,2,4,1,1,0,Usługowy,Połączenia z Wrocławiem,Rewitalizacja,Oferta kulturalna,Rekultywacja terenów
15,67_2,2,4,1,1,0,Usługowy,Połączenia z Wrocławiem,Rewitalizacja,Oferta kulturalna,Rekultywacja terenów
15,70_2,2,4,1,0,0,Usługowy,Połączenia z Wrocławiem,Rewitalizacja,Oferta kulturalna,Rekultywacja terenów
15,74_2,2,4,1,1,0,Usługowy,Połączenia z Wrocławiem,Rewitalizacja,Oferta kulturalna,Rekultywacja terenów
15,3_3,3,3,2,0,0,Usługowy,Połączenia z Wrocławiem,Rewitalizacja,Oferta kulturalna,Rekultywacja terenów
15,6_3,3,3,2,0,0,Usługowy,Połączenia z Wrocławiem,Rewitalizacja,Oferta kulturalna,Rekultywacja terenów
15,8_3,3,3,2,1,0,Usługowy,Połączenia z Wrocławiem,Rewitalizacja,Oferta kulturalna,Rekultywacja terenów
15,12_3,3,3,2,1,0,Usługowy,Połączenia z Wrocławiem,Rewitalizacja,Oferta kulturalna,Rekultywacja terenów
15,16_3,3,3,2,1,0,Usługowy,Połączenia z Wrocławiem,Rewitalizacja,Oferta kulturalna,Rekultywacja terenów
15,20_3,3,3,2,0,0,Usługowy,Połączenia z Wrocławiem,Rewitalizacja,Oferta kulturalna,Rekultywacja terenów
15,25_3,3,3,2,1,0,Usługowy,Połączenia z Wrocławiem,Rewitalizacja,Oferta kulturalna,Rekultywacja terenów
15,29_3,3,3,2,1,0,Usługowy,Połączenia z Wrocławiem,Rewitalizacja,Oferta kulturalna,Rekultywacja terenów
15,32_3,3,3,2,1,0,Usługowy,Połączenia z Wrocławiem,Rewitalizacja,Oferta kulturalna,Rekultywacja terenów
15,36_3,3,3,2,0,0,Usługowy,Połączenia z Wrocławiem,Rewitalizacja,Oferta kulturalna,Rekultywacja terenów
15,43_3,3,3,2,1,0,Usługowy,Połączenia z Wrocławiem,Rewitalizacja,Oferta kulturalna,Rekultywacja terenów
15,47_3,3,3,2,0,0,Usługowy,Połączenia z Wrocławiem,Rewitalizacja,Oferta kulturalna,Rekultywacja terenów
15,50_3,3,3,2,1,0,Usługowy,Połączenia z Wrocławiem,Rewitalizacja,Oferta kulturalna,Rekultywacja terenów
15,54_3,3,3,2,0,0,Usługowy,Połączenia z Wrocławiem,Rewitalizacja,Oferta kulturalna,Rekultywacja terenów
15,59_3,3,3,2,0,0,Usługowy,Połączenia z Wrocławiem,Rewitalizacja,Oferta kulturalna,Rekultywacja terenów
15,62_3,3,3,2,0,0,Usługowy,Połączenia z Wrocławiem,Rewitalizacja,Oferta kulturalna,Rekultywacja terenów
15,66_3,3,3,2,0,0,Usługowy,Połączenia z Wrocławiem,Rewitalizacja,Oferta kulturalna,Rekultywacja terenów
15,73_3,3,3,2,0,0,Usługowy,Połączenia z Wrocławiem,Rewitalizacja,Oferta kulturalna,Rekultywacja terenów
15,1_4,4,7,1,1,0,Usługowy,Połączenia z Wrocławiem,Rewitalizacja,Oferta kulturalna,Rekultywacja terenów
15,4_4,4,7,1,1,0,Usługowy,Połączenia z Wrocławiem,Rewitalizacja,Oferta kulturalna,Rekultywacja terenów
15,11_4,4,7,1,1,0,Usługowy,Połączenia z Wrocławiem,Rewitalizacja,Oferta kulturalna,Rekultywacja terenów
15,15_4,4,7,1,1,0,Usługowy,Połączenia z Wrocławiem,Rewitalizacja,Oferta kulturalna,Rekultywacja terenów
15,19_4,4,7,1,1,0,Usługowy,Połączenia z Wrocławiem,Rewitalizacja,Oferta kulturalna,Rekultywacja terenów
15,24_4,4,7,1,0,0,Usługowy,Połączenia z Wrocławiem,Rewitalizacja,Oferta kulturalna,Rekultywacja terenów
15,28_4,4,7,1,1,0,Usługowy,Połączenia z Wrocławiem,Rewitalizacja,Oferta kulturalna,Rekultywacja terenów
15,31_4,4,7,1,1,0,Usługowy,Połączenia z Wrocławiem,Rewitalizacja,Oferta kulturalna,Rekultywacja terenów
15,35_4,4,7,1,0,0,Usługowy,Połączenia z Wrocławiem,Rewitalizacja,Oferta kulturalna,Rekultywacja terenów
15,39_4,4,7,1,0,0,Usługowy,Połączenia z Wrocławiem,Rewitalizacja,Oferta kulturalna,Rekultywacja terenów
15,42_4,4,7,1,0,0,Usługowy,Połączenia z Wrocławiem,Rewitalizacja,Oferta kulturalna,Rekultywacja terenów
15,46_4,4,7,1,0,0,Usługowy,Połączenia z Wrocławiem,Rewitalizacja,Oferta kulturalna,Rekultywacja terenów
15,53_4,4,7,1,0,0,Usługowy,Połączenia z Wrocławiem,Rewitalizacja,Oferta kulturalna,Rekultywacja terenów
15,58_4,4,7,1,1,0,Usługowy,Połączenia z Wrocławiem,Rewitalizacja,Oferta kulturalna,Rekultywacja terenów
15,61_4,4,7,1,0,0,Usługowy,Połączenia z Wrocławiem,Rewitalizacja,Oferta kulturalna,Rekultywacja terenów
15,65_4,4,7,1,1,0,Usługowy,Połączenia z Wrocławiem,Rewitalizacja,Oferta kulturalna,Rekultywacja terenów
15,69_4,4,7,1,1,0,Usługowy,Połączenia z Wrocławiem,Rewitalizacja,Oferta kulturalna,Rekultywacja terenów
15,72_4,4,7,1,1,0,Usługowy,Połączenia z Wrocławiem,Rewitalizacja,Oferta kulturalna,Rekultywacja terenów
15,76_4,4,7,1,1,0,Usługowy,Połączenia z Wrocławiem,Rewitalizacja,Oferta kulturalna,Rekultywacja terenów
15,7_5,5,7,2,0,0,Usługowy,Połączenia z Wrocławiem,Rewitalizacja,Oferta kulturalna,Rekultywacja terenów
15,10_5,5,7,2,1,0,Usługowy,Połączenia z Wrocławiem,Rewitalizacja,Oferta kulturalna,Rekultywacja terenów
15,14_5,5,7,2,0,0,Usługowy,Połączenia z Wrocławiem,Rewitalizacja,Oferta kulturalna,Rekultywacja terenów
15,18_5,5,7,2,0,0,Usługowy,Połączenia z Wrocławiem,Rewitalizacja,Oferta kulturalna,Rekultywacja terenów
15,23_5,5,7,2,1,0,Usługowy,Połączenia z Wrocławiem,Rewitalizacja,Oferta kulturalna,Rekultywacja terenów
15,27_5,5,7,2,0,0,Usługowy,Połączenia z Wrocławiem,Rewitalizacja,Oferta kulturalna,Rekultywacja terenów
15,30_5,5,7,2,1,0,Usługowy,Połączenia z Wrocławiem,Rewitalizacja,Oferta kulturalna,Rekultywacja terenów
15,34_5,5,7,2,0,0,Usługowy,Połączenia z Wrocławiem,Rewitalizacja,Oferta kulturalna,Rekultywacja terenów
15,38_5,5,7,2,1,0,Usługowy,Połączenia z Wrocławiem,Rewitalizacja,Oferta kulturalna,Rekultywacja terenów
15,41_5,5,7,2,1,0,Usługowy,Połączenia z Wrocławiem,Rewitalizacja,Oferta kulturalna,Rekultywacja terenów
15,45_5,5,7,2,1,0,Usługowy,Połączenia z Wrocławiem,Rewitalizacja,Oferta kulturalna,Rekultywacja terenów
15,49_5,5,7,2,1,0,Usługowy,Połączenia z Wrocławiem,Rewitalizacja,Oferta kulturalna,Rekultywacja terenów
15,52_5,5,7,2,1,0,Usługowy,Połączenia z Wrocławiem,Rewitalizacja,Oferta kulturalna,Rekultywacja terenów
15,57_5,5,7,2,1,0,Usługowy,Połączenia z Wrocławiem,Rewitalizacja,Oferta kulturalna,Rekultywacja terenów
15,60_5,5,7,2,0,0,Usługowy,Połączenia z Wrocławiem,Rewitalizacja,Oferta kulturalna,Rekultywacja terenów
15,64_5,5,7,2,1,0,Usługowy,Połączenia z Wrocławiem,Rewitalizacja,Oferta kulturalna,Rekultywacja terenów
15,68_5,5,7,2,0,0,Usługowy,Połączenia z Wrocławiem,Rewitalizacja,Oferta kulturalna,Rekultywacja terenów
15,71_5,5,7,2,1,0,Usługowy,Połączenia z Wrocławiem,Rewitalizacja,Oferta kulturalna,Rekultywacja terenów
15,75_5,5,7,2,1,0,Usługowy,Połączenia z Wrocławiem,Rewitalizacja,Oferta kulturalna,Rekultywacja terenów
16,7_1,1,11,2,1,0,Przemysłowy,Tereny przemysłowe,Budynki wielorodzinne,Partycypacja społeczna,Zrównoważone podejście
16,10_1,1,11,2,0,0,Przemysłowy,Tereny przemysłowe,Budynki wielorodzinne,Partycypacja społeczna,Zrównoważone podejście
16,14_1,1,11,2,0,0,Przemysłowy,Tereny przemysłowe,Budynki wielorodzinne,Partycypacja społeczna,Zrównoważone podejście
16,18_1,1,11,2,0,0,Przemysłowy,Tereny przemysłowe,Budynki wielorodzinne,Partycypacja społeczna,Zrównoważone podejście
16,22_1,1,11,2,0,0,Przemysłowy,Tereny przemysłowe,Budynki wielorodzinne,Partycypacja społeczna,Zrównoważone podejście
16,23_1,1,11,2,0,0,Przemysłowy,Tereny przemysłowe,Budynki wielorodzinne,Partycypacja społeczna,Zrównoważone podejście
16,27_1,1,11,2,0,0,Przemysłowy,Tereny przemysłowe,Budynki wielorodzinne,Partycypacja społeczna,Zrównoważone podejście
16,30_1,1,11,2,1,0,Przemysłowy,Tereny przemysłowe,Budynki wielorodzinne,Partycypacja społeczna,Zrównoważone podejście
16,34_1,1,11,2,0,0,Przemysłowy,Tereny przemysłowe,Budynki wielorodzinne,Partycypacja społeczna,Zrównoważone podejście
16,38_1,1,11,2,0,0,Przemysłowy,Tereny przemysłowe,Budynki wielorodzinne,Partycypacja społeczna,Zrównoważone podejście
16,41_1,1,11,2,0,0,Przemysłowy,Tereny przemysłowe,Budynki wielorodzinne,Partycypacja społeczna,Zrównoważone podejście
16,45_1,1,11,2,0,0,Przemysłowy,Tereny przemysłowe,Budynki wielorodzinne,Partycypacja społeczna,Zrównoważone podejście
16,49_1,1,11,2,0,0,Przemysłowy,Tereny przemysłowe,Budynki wielorodzinne,Partycypacja społeczna,Zrównoważone podejście
16,52_1,1,11,2,0,0,Przemysłowy,Tereny przemysłowe,Budynki wielorodzinne,Partycypacja społeczna,Zrównoważone podejście
16,57_1,1,11,2,0,0,Przemysłowy,Tereny przemysłowe,Budynki wielorodzinne,Partycypacja społeczna,Zrównoważone podejście
16,60_1,1,11,2,1,0,Przemysłowy,Tereny przemysłowe,Budynki wielorodzinne,Partycypacja społeczna,Zrównoważone podejście
16,64_1,1,11,2,0,0,Przemysłowy,Tereny przemysłowe,Budynki wielorodzinne,Partycypacja społeczna,Zrównoważone podejście
16,68_1,1,11,2,1,0,Przemysłowy,Tereny przemysłowe,Budynki wielorodzinne,Partycypacja społeczna,Zrównoważone podejście
16,71_1,1,11,2,1,0,Przemysłowy,Tereny przemysłowe,Budynki wielorodzinne,Partycypacja społeczna,Zrównoważone podejście
16,75_1,1,11,2,0,0,Przemysłowy,Tereny przemysłowe,Budynki wielorodzinne,Partycypacja społeczna,Zrównoważone podejście
16,78_1,1,11,2,0,0,Przemysłowy,Tereny przemysłowe,Budynki wielorodzinne,Partycypacja społeczna,Zrównoważone podejście
16,2_2,2,11,1,0,0,Przemysłowy,Tereny przemysłowe,Budynki wielorodzinne,Partycypacja społeczna,Zrównoważone podejście
16,5_2,2,11,1,1,0,Przemysłowy,Tereny przemysłowe,Budynki wielorodzinne,Partycypacja społeczna,Zrównoważone podejście
16,9_2,2,11,1,1,0,Przemysłowy,Tereny przemysłowe,Budynki wielorodzinne,Partycypacja społeczna,Zrównoważone podejście
16,13_2,2,11,1,0,0,Przemysłowy,Tereny przemysłowe,Budynki wielorodzinne,Partycypacja społeczna,Zrównoważone podejście
16,17_2,2,11,1,1,0,Przemysłowy,Tereny przemysłowe,Budynki wielorodzinne,Partycypacja społeczna,Zrównoważone podejście
16,21_2,2,11,1,0,0,Przemysłowy,Tereny przemysłowe,Budynki wielorodzinne,Partycypacja społeczna,Zrównoważone podejście
16,26_2,2,11,1,0,0,Przemysłowy,Tereny przemysłowe,Budynki wielorodzinne,Partycypacja społeczna,Zrównoważone podejście
16,33_2,2,11,1,0,0,Przemysłowy,Tereny przemysłowe,Budynki wielorodzinne,Partycypacja społeczna,Zrównoważone podejście
16,37_2,2,11,1,1,0,Przemysłowy,Tereny przemysłowe,Budynki wielorodzinne,Partycypacja społeczna,Zrównoważone podejście
16,40_2,2,11,1,0,0,Przemysłowy,Tereny przemysłowe,Budynki wielorodzinne,Partycypacja społeczna,Zrównoważone podejście
16,44_2,2,11,1,1,0,Przemysłowy,Tereny przemysłowe,Budynki wielorodzinne,Partycypacja społeczna,Zrównoważone podejście
16,48_2,2,11,1,0,0,Przemysłowy,Tereny przemysłowe,Budynki wielorodzinne,Partycypacja społeczna,Zrównoważone podejście
16,51_2,2,11,1,1,0,Przemysłowy,Tereny przemysłowe,Budynki wielorodzinne,Partycypacja społeczna,Zrównoważone podejście
16,55_2,2,11,1,0,0,Przemysłowy,Tereny przemysłowe,Budynki wielorodzinne,Partycypacja społeczna,Zrównoważone podejście
16,56_2,2,11,1,1,0,Przemysłowy,Tereny przemysłowe,Budynki wielorodzinne,Partycypacja społeczna,Zrównoważone podejście
16,63_2,2,11,1,0,0,Przemysłowy,Tereny przemysłowe,Budynki wielorodzinne,Partycypacja społeczna,Zrównoważone podejście
16,67_2,2,11,1,0,0,Przemysłowy,Tereny przemysłowe,Budynki wielorodzinne,Partycypacja społeczna,Zrównoważone podejście
16,70_2,2,11,1,1,0,Przemysłowy,Tereny przemysłowe,Budynki wielorodzinne,Partycypacja społeczna,Zrównoważone podejście
16,74_2,2,11,1,1,0,Przemysłowy,Tereny przemysłowe,Budynki wielorodzinne,Partycypacja społeczna,Zrównoważone podejście
16,3_3,3,11,2,1,0,Przemysłowy,Tereny przemysłowe,Budynki wielorodzinne,Partycypacja społeczna,Zrównoważone podejście
16,6_3,3,11,2,0,0,Przemysłowy,Tereny przemysłowe,Budynki wielorodzinne,Partycypacja społeczna,Zrównoważone podejście
16,8_3,3,11,2,0,0,Przemysłowy,Tereny przemysłowe,Budynki wielorodzinne,Partycypacja społeczna,Zrównoważone podejście
16,12_3,3,11,2,0,0,Przemysłowy,Tereny przemysłowe,Budynki wielorodzinne,Partycypacja społeczna,Zrównoważone podejście
16,16_3,3,11,2,0,0,Przemysłowy,Tereny przemysłowe,Budynki wielorodzinne,Partycypacja społeczna,Zrównoważone podejście
16,20_3,3,11,2,1,0,Przemysłowy,Tereny przemysłowe,Budynki wielorodzinne,Partycypacja społeczna,Zrównoważone podejście
16,25_3,3,11,2,1,0,Przemysłowy,Tereny przemysłowe,Budynki wielorodzinne,Partycypacja społeczna,Zrównoważone podejście
16,29_3,3,11,2,0,0,Przemysłowy,Tereny przemysłowe,Budynki wielorodzinne,Partycypacja społeczna,Zrównoważone podejście
16,32_3,3,11,2,0,0,Przemysłowy,Tereny przemysłowe,Budynki wielorodzinne,Partycypacja społeczna,Zrównoważone podejście
16,36_3,3,11,2,0,0,Przemysłowy,Tereny przemysłowe,Budynki wielorodzinne,Partycypacja społeczna,Zrównoważone podejście
16,43_3,3,11,2,0,0,Przemysłowy,Tereny przemysłowe,Budynki wielorodzinne,Partycypacja społeczna,Zrównoważone podejście
16,47_3,3,11,2,0,0,Przemysłowy,Tereny przemysłowe,Budynki wielorodzinne,Partycypacja społeczna,Zrównoważone podejście
16,50_3,3,11,2,0,0,Przemysłowy,Tereny przemysłowe,Budynki wielorodzinne,Partycypacja społeczna,Zrównoważone podejście
16,54_3,3,11,2,0,0,Przemysłowy,Tereny przemysłowe,Budynki wielorodzinne,Partycypacja społeczna,Zrównoważone podejście
16,59_3,3,11,2,0,0,Przemysłowy,Tereny przemysłowe,Budynki wielorodzinne,Partycypacja społeczna,Zrównoważone podejście
16,62_3,3,11,2,0,0,Przemysłowy,Tereny przemysłowe,Budynki wielorodzinne,Partycypacja społeczna,Zrównoważone podejście
16,66_3,3,11,2,0,0,Przemysłowy,Tereny przemysłowe,Budynki wielorodzinne,Partycypacja społeczna,Zrównoważone podejście
16,73_3,3,11,2,0,0,Przemysłowy,Tereny przemysłowe,Budynki wielorodzinne,Partycypacja społeczna,Zrównoważone podejście
16,1_4,4,5,2,1,0,Przemysłowy,Tereny przemysłowe,Budynki wielorodzinne,Partycypacja społeczna,Zrównoważone podejście
16,4_4,4,5,2,0,0,Przemysłowy,Tereny przemysłowe,Budynki wielorodzinne,Partycypacja społeczna,Zrównoważone podejście
16,11_4,4,5,2,0,0,Przemysłowy,Tereny przemysłowe,Budynki wielorodzinne,Partycypacja społeczna,Zrównoważone podejście
16,15_4,4,5,2,0,0,Przemysłowy,Tereny przemysłowe,Budynki wielorodzinne,Partycypacja społeczna,Zrównoważone podejście
16,19_4,4,5,2,1,0,Przemysłowy,Tereny przemysłowe,Budynki wielorodzinne,Partycypacja społeczna,Zrównoważone podejście
16,24_4,4,5,2,1,0,Przemysłowy,Tereny przemysłowe,Budynki wielorodzinne,Partycypacja społeczna,Zrównoważone podejście
16,28_4,4,5,2,0,0,Przemysłowy,Tereny przemysłowe,Budynki wielorodzinne,Partycypacja społeczna,Zrównoważone podejście
16,31_4,4,5,2,0,0,Przemysłowy,Tereny przemysłowe,Budynki wielorodzinne,Partycypacja społeczna,Zrównoważone podejście
16,35_4,4,5,2,1,0,Przemysłowy,Tereny przemysłowe,Budynki wielorodzinne,Partycypacja społeczna,Zrównoważone podejście
16,39_4,4,5,2,1,0,Przemysłowy,Tereny przemysłowe,Budynki wielorodzinne,Partycypacja społeczna,Zrównoważone podejście
16,42_4,4,5,2,1,0,Przemysłowy,Tereny przemysłowe,Budynki wielorodzinne,Partycypacja społeczna,Zrównoważone podejście
16,46_4,4,5,2,0,0,Przemysłowy,Tereny przemysłowe,Budynki wielorodzinne,Partycypacja społeczna,Zrównoważone podejście
16,53_4,4,5,2,0,0,Przemysłowy,Tereny przemysłowe,Budynki wielorodzinne,Partycypacja społeczna,Zrównoważone podejście
16,58_4,4,5,2,0,0,Przemysłowy,Tereny przemysłowe,Budynki wielorodzinne,Partycypacja społeczna,Zrównoważone podejście
16,61_4,4,5,2,1,0,Przemysłowy,Tereny przemysłowe,Budynki wielorodzinne,Partycypacja społeczna,Zrównoważone podejście
16,65_4,4,5,2,0,0,Przemysłowy,Tereny przemysłowe,Budynki wielorodzinne,Partycypacja społeczna,Zrównoważone podejście
16,69_4,4,5,2,0,0,Przemysłowy,Tereny przemysłowe,Budynki wielorodzinne,Partycypacja społeczna,Zrównoważone podejście
16,72_4,4,5,2,0,0,Przemysłowy,Tereny przemysłowe,Budynki wielorodzinne,Partycypacja społeczna,Zrównoważone podejście
16,76_4,4,5,2,0,0,Przemysłowy,Tereny przemysłowe,Budynki wielorodzinne,Partycypacja społeczna,Zrównoważone podejście
16,7_5,5,2,1,0,0,Przemysłowy,Tereny przemysłowe,Budynki wielorodzinne,Partycypacja społeczna,Zrównoważone podejście
16,10_5,5,2,1,0,0,Przemysłowy,Tereny przemysłowe,Budynki wielorodzinne,Partycypacja społeczna,Zrównoważone podejście
16,14_5,5,2,1,1,0,Przemysłowy,Tereny przemysłowe,Budynki wielorodzinne,Partycypacja społeczna,Zrównoważone podejście
16,18_5,5,2,1,0,0,Przemysłowy,Tereny przemysłowe,Budynki wielorodzinne,Partycypacja społeczna,Zrównoważone podejście
16,23_5,5,2,1,0,0,Przemysłowy,Tereny przemysłowe,Budynki wielorodzinne,Partycypacja społeczna,Zrównoważone podejście
16,27_5,5,2,1,0,0,Przemysłowy,Tereny przemysłowe,Budynki wielorodzinne,Partycypacja społeczna,Zrównoważone podejście
16,30_5,5,2,1,0,0,Przemysłowy,Tereny przemysłowe,Budynki wielorodzinne,Partycypacja społeczna,Zrównoważone podejście
16,34_5,5,2,1,1,0,Przemysłowy,Tereny przemysłowe,Budynki wielorodzinne,Partycypacja społeczna,Zrównoważone podejście
16,38_5,5,2,1,0,0,Przemysłowy,Tereny przemysłowe,Budynki wielorodzinne,Partycypacja społeczna,Zrównoważone podejście
16,41_5,5,2,1,0,0,Przemysłowy,Tereny przemysłowe,Budynki wielorodzinne,Partycypacja społeczna,Zrównoważone podejście
16,45_5,5,2,1,1,0,Przemysłowy,Tereny przemysłowe,Budynki wielorodzinne,Partycypacja społeczna,Zrównoważone podejście
16,49_5,5,2,1,1,0,Przemysłowy,Tereny przemysłowe,Budynki wielorodzinne,Partycypacja społeczna,Zrównoważone podejście
16,52_5,5,2,1,0,0,Przemysłowy,Tereny przemysłowe,Budynki wielorodzinne,Partycypacja społeczna,Zrównoważone podejście
16,57_5,5,2,1,0,0,Przemysłowy,Tereny przemysłowe,Budynki wielorodzinne,Partycypacja społeczna,Zrównoważone podejście
16,60_5,5,2,1,0,0,Przemysłowy,Tereny przemysłowe,Budynki wielorodzinne,Partycypacja społeczna,Zrównoważone podejście
16,64_5,5,2,1,1,0,Przemysłowy,Tereny przemysłowe,Budynki wielorodzinne,Partycypacja społeczna,Zrównoważone podejście
16,68_5,5,2,1,0,0,Przemysłowy,Tereny przemysłowe,Budynki wielorodzinne,Partycypacja społeczna,Zrównoważone podejście
16,71_5,5,2,1,0,0,Przemysłowy,Tereny przemysłowe,Budynki wielorodzinne,Partycypacja społeczna,Zrównoważone podejście
16,75_5,5,2,1,1,0,Przemysłowy,Tereny przemysłowe,Budynki wielorodzinne,Partycypacja społeczna,Zrównoważone podejście
17,7_1,1,7,2,0,0,Lokalny,Przestrzenie publiczne,Domy jednorodzinne,Usługi zdrowotne,Rekultywacja terenów
17,10_1,1,7,2,0,0,Lokalny,Przestrzenie publiczne,Domy jednorodzinne,Usługi zdrowotne,Rekultywacja terenów
17,14_1,1,7,2,0,0,Lokalny,Przestrzenie publiczne,Domy jednorodzinne,Usługi zdrowotne,Rekultywacja terenów
17,18_1,1,7,2,0,0,Lokalny,Przestrzenie publiczne,Domy jednorodzinne,Usługi zdrowotne,Rekultywacja terenów
17,22_1,1,7,2,1,0,Lokalny,Przestrzenie publiczne,Domy jednorodzinne,Usługi zdrowotne,Rekultywacja terenów
17,23_1,1,7,2,0,0,Lokalny,Przestrzenie publiczne,Domy jednorodzinne,Usługi zdrowotne,Rekultywacja terenów
17,27_1,1,7,2,1,0,Lokalny,Przestrzenie publiczne,Domy jednorodzinne,Usługi zdrowotne,Rekultywacja terenów
17,30_1,1,7,2,1,0,Lokalny,Przestrzenie publiczne,Domy jednorodzinne,Usługi zdrowotne,Rekultywacja terenów
17,34_1,1,7,2,0,0,Lokalny,Przestrzenie publiczne,Domy jednorodzinne,Usługi zdrowotne,Rekultywacja terenów
17,38_1,1,7,2,0,0,Lokalny,Przestrzenie publiczne,Domy jednorodzinne,Usługi zdrowotne,Rekultywacja terenów
17,41_1,1,7,2,1,0,Lokalny,Przestrzenie publiczne,Domy jednorodzinne,Usługi zdrowotne,Rekultywacja terenów
17,45_1,1,7,2,0,0,Lokalny,Przestrzenie publiczne,Domy jednorodzinne,Usługi zdrowotne,Rekultywacja terenów
17,49_1,1,7,2,0,0,Lokalny,Przestrzenie publiczne,Domy jednorodzinne,Usługi zdrowotne,Rekultywacja terenów
17,52_1,1,7,2,0,0,Lokalny,Przestrzenie publiczne,Domy jednorodzinne,Usługi zdrowotne,Rekultywacja terenów
17,57_1,1,7,2,1,0,Lokalny,Przestrzenie publiczne,Domy jednorodzinne,Usługi zdrowotne,Rekultywacja terenów
17,60_1,1,7,2,0,0,Lokalny,Przestrzenie publiczne,Domy jednorodzinne,Usługi zdrowotne,Rekultywacja terenów
17,64_1,1,7,2,1,0,Lokalny,Przestrzenie publiczne,Domy jednorodzinne,Usługi zdrowotne,Rekultywacja terenów
17,68_1,1,7,2,1,0,Lokalny,Przestrzenie publiczne,Domy jednorodzinne,Usługi zdrowotne,Rekultywacja terenów
17,71_1,1,7,2,0,0,Lokalny,Przestrzenie publiczne,Domy jednorodzinne,Usługi zdrowotne,Rekultywacja terenów
17,75_1,1,7,2,0,0,Lokalny,Przestrzenie publiczne,Domy jednorodzinne,Usługi zdrowotne,Rekultywacja terenów
17,78_1,1,7,2,0,0,Lokalny,Przestrzenie publiczne,Domy jednorodzinne,Usługi zdrowotne,Rekultywacja terenów
17,2_2,2,9,1,1,0,Lokalny,Przestrzenie publiczne,Domy jednorodzinne,Usługi zdrowotne,Rekultywacja terenów
17,5_2,2,9,1,1,0,Lokalny,Przestrzenie publiczne,Domy jednorodzinne,Usługi zdrowotne,Rekultywacja terenów
17,9_2,2,9,1,0,0,Lokalny,Przestrzenie publiczne,Domy jednorodzinne,Usługi zdrowotne,Rekultywacja terenów
17,13_2,2,9,1,0,0,Lokalny,Przestrzenie publiczne,Domy jednorodzinne,Usługi zdrowotne,Rekultywacja terenów
17,17_2,2,9,1,1,0,Lokalny,Przestrzenie publiczne,Domy jednorodzinne,Usługi zdrowotne,Rekultywacja terenów
17,21_2,2,9,1,0,0,Lokalny,Przestrzenie publiczne,Domy jednorodzinne,Usługi zdrowotne,Rekultywacja terenów
17,26_2,2,9,1,0,0,Lokalny,Przestrzenie publiczne,Domy jednorodzinne,Usługi zdrowotne,Rekultywacja terenów
17,33_2,2,9,1,0,0,Lokalny,Przestrzenie publiczne,Domy jednorodzinne,Usługi zdrowotne,Rekultywacja terenów
17,37_2,2,9,1,1,0,Lokalny,Przestrzenie publiczne,Domy jednorodzinne,Usługi zdrowotne,Rekultywacja terenów
17,40_2,2,9,1,0,0,Lokalny,Przestrzenie publiczne,Domy jednorodzinne,Usługi zdrowotne,Rekultywacja terenów
17,44_2,2,9,1,1,0,Lokalny,Przestrzenie publiczne,Domy jednorodzinne,Usługi zdrowotne,Rekultywacja terenów
17,48_2,2,9,1,0,0,Lokalny,Przestrzenie publiczne,Domy jednorodzinne,Usługi zdrowotne,Rekultywacja terenów
17,51_2,2,9,1,0,0,Lokalny,Przestrzenie publiczne,Domy jednorodzinne,Usługi zdrowotne,Rekultywacja terenów
17,55_2,2,9,1,0,0,Lokalny,Przestrzenie publiczne,Domy jednorodzinne,Usługi zdrowotne,Rekultywacja terenów
17,56_2,2,9,1,1,0,Lokalny,Przestrzenie publiczne,Domy jednorodzinne,Usługi zdrowotne,Rekultywacja terenów
17,63_2,2,9,1,1,0,Lokalny,Przestrzenie publiczne,Domy jednorodzinne,Usługi zdrowotne,Rekultywacja terenów
17,67_2,2,9,1,0,0,Lokalny,Przestrzenie publiczne,Domy jednorodzinne,Usługi zdrowotne,Rekultywacja terenów
17,70_2,2,9,1,1,0,Lokalny,Przestrzenie publiczne,Domy jednorodzinne,Usługi zdrowotne,Rekultywacja terenów
17,74_2,2,9,1,0,0,Lokalny,Przestrzenie publiczne,Domy jednorodzinne,Usługi zdrowotne,Rekultywacja terenów
17,3_3,3,8,2,1,0,Lokalny,Przestrzenie publiczne,Domy jednorodzinne,Usługi zdrowotne,Rekultywacja terenów
17,6_3,3,8,2,0,0,Lokalny,Przestrzenie publiczne,Domy jednorodzinne,Usługi zdrowotne,Rekultywacja terenów
17,8_3,3,8,2,1,0,Lokalny,Przestrzenie publiczne,Domy jednorodzinne,Usługi zdrowotne,Rekultywacja terenów
17,12_3,3,8,2,1,0,Lokalny,Przestrzenie publiczne,Domy jednorodzinne,Usługi zdrowotne,Rekultywacja terenów
17,16_3,3,8,2,1,0,Lokalny,Przestrzenie publiczne,Domy jednorodzinne,Usługi zdrowotne,Rekultywacja terenów
17,20_3,3,8,2,1,0,Lokalny,Przestrzenie publiczne,Domy jednorodzinne,Usługi zdrowotne,Rekultywacja terenów
17,25_3,3,8,2,1,0,Lokalny,Przestrzenie publiczne,Domy jednorodzinne,Usługi zdrowotne,Rekultywacja terenów
17,29_3,3,8,2,1,0,Lokalny,Przestrzenie publiczne,Domy jednorodzinne,Usługi zdrowotne,Rekultywacja terenów
17,32_3,3,8,2,1,0,Lokalny,Przestrzenie publiczne,Domy jednorodzinne,Usługi zdrowotne,Rekultywacja terenów
17,36_3,3,8,2,1,0,Lokalny,Przestrzenie publiczne,Domy jednorodzinne,Usługi zdrowotne,Rekultywacja terenów
17,43_3,3,8,2,0,0,Lokalny,Przestrzenie publiczne,Domy jednorodzinne,Usługi zdrowotne,Rekultywacja terenów
17,47_3,3,8,2,1,0,Lokalny,Przestrzenie publiczne,Domy jednorodzinne,Usługi zdrowotne,Rekultywacja terenów
17,50_3,3,8,2,1,0,Lokalny,Przestrzenie publiczne,Domy jednorodzinne,Usługi zdrowotne,Rekultywacja terenów
17,54_3,3,8,2,1,0,Lokalny,Przestrzenie publiczne,Domy jednorodzinne,Usługi zdrowotne,Rekultywacja terenów
17,59_3,3,8,2,1,0,Lokalny,Przestrzenie publiczne,Domy jednorodzinne,Usługi zdrowotne,Rekultywacja terenów
17,62_3,3,8,2,0,0,Lokalny,Przestrzenie publiczne,Domy jednorodzinne,Usługi zdrowotne,Rekultywacja terenów
17,66_3,3,8,2,0,0,Lokalny,Przestrzenie publiczne,Domy jednorodzinne,Usługi zdrowotne,Rekultywacja terenów
17,73_3,3,8,2,0,0,Lokalny,Przestrzenie publiczne,Domy jednorodzinne,Usługi zdrowotne,Rekultywacja terenów
17,1_4,4,10,1,0,0,Lokalny,Przestrzenie publiczne,Domy jednorodzinne,Usługi zdrowotne,Rekultywacja terenów
17,4_4,4,10,1,1,0,Lokalny,Przestrzenie publiczne,Domy jednorodzinne,Usługi zdrowotne,Rekultywacja terenów
17,11_4,4,10,1,0,0,Lokalny,Przestrzenie publiczne,Domy jednorodzinne,Usługi zdrowotne,Rekultywacja terenów
17,15_4,4,10,1,0,0,Lokalny,Przestrzenie publiczne,Domy jednorodzinne,Usługi zdrowotne,Rekultywacja terenów
17,19_4,4,10,1,0,0,Lokalny,Przestrzenie publiczne,Domy jednorodzinne,Usługi zdrowotne,Rekultywacja terenów
17,24_4,4,10,1,0,0,Lokalny,Przestrzenie publiczne,Domy jednorodzinne,Usługi zdrowotne,Rekultywacja terenów
17,28_4,4,10,1,0,0,Lokalny,Przestrzenie publiczne,Domy jednorodzinne,Usługi zdrowotne,Rekultywacja terenów
17,31_4,4,10,1,0,0,Lokalny,Przestrzenie publiczne,Domy jednorodzinne,Usługi zdrowotne,Rekultywacja terenów
17,35_4,4,10,1,1,0,Lokalny,Przestrzenie publiczne,Domy jednorodzinne,Usługi zdrowotne,Rekultywacja terenów
17,39_4,4,10,1,0,0,Lokalny,Przestrzenie publiczne,Domy jednorodzinne,Usługi zdrowotne,Rekultywacja terenów
17,42_4,4,10,1,0,0,Lokalny,Przestrzenie publiczne,Domy jednorodzinne,Usługi zdrowotne,Rekultywacja terenów
17,46_4,4,10,1,1,0,Lokalny,Przestrzenie publiczne,Domy jednorodzinne,Usługi zdrowotne,Rekultywacja terenów
17,53_4,4,10,1,0,0,Lokalny,Przestrzenie publiczne,Domy jednorodzinne,Usługi zdrowotne,Rekultywacja terenów
17,58_4,4,10,1,0,0,Lokalny,Przestrzenie publiczne,Domy jednorodzinne,Usługi zdrowotne,Rekultywacja terenów
17,61_4,4,10,1,1,0,Lokalny,Przestrzenie publiczne,Domy jednorodzinne,Usługi zdrowotne,Rekultywacja terenów
17,65_4,4,10,1,0,0,Lokalny,Przestrzenie publiczne,Domy jednorodzinne,Usługi zdrowotne,Rekultywacja terenów
17,69_4,4,10,1,0,0,Lokalny,Przestrzenie publiczne,Domy jednorodzinne,Usługi zdrowotne,Rekultywacja terenów
17,72_4,4,10,1,0,0,Lokalny,Przestrzenie publiczne,Domy jednorodzinne,Usługi zdrowotne,Rekultywacja terenów
17,76_4,4,10,1,0,0,Lokalny,Przestrzenie publiczne,Domy jednorodzinne,Usługi zdrowotne,Rekultywacja terenów
17,7_5,5,8,1,1,0,Lokalny,Przestrzenie publiczne,Domy jednorodzinne,Usługi zdrowotne,Rekultywacja terenów
17,10_5,5,8,1,0,0,Lokalny,Przestrzenie publiczne,Domy jednorodzinne,Usługi zdrowotne,Rekultywacja terenów
17,14_5,5,8,1,0,0,Lokalny,Przestrzenie publiczne,Domy jednorodzinne,Usługi zdrowotne,Rekultywacja terenów
17,18_5,5,8,1,0,0,Lokalny,Przestrzenie publiczne,Domy jednorodzinne,Usługi zdrowotne,Rekultywacja terenów
17,23_5,5,8,1,0,0,Lokalny,Przestrzenie publiczne,Domy jednorodzinne,Usługi zdrowotne,Rekultywacja terenów
17,27_5,5,8,1,0,0,Lokalny,Przestrzenie publiczne,Domy jednorodzinne,Usługi zdrowotne,Rekultywacja terenów
17,30_5,5,8,1,1,0,Lokalny,Przestrzenie publiczne,Domy jednorodzinne,Usługi zdrowotne,Rekultywacja terenów
17,34_5,5,8,1,1,0,Lokalny,Przestrzenie publiczne,Domy jednorodzinne,Usługi zdrowotne,Rekultywacja terenów
17,38_5,5,8,1,0,0,Lokalny,Przestrzenie publiczne,Domy jednorodzinne,Usługi zdrowotne,Rekultywacja terenów
17,41_5,5,8,1,0,0,Lokalny,Przestrzenie publiczne,Domy jednorodzinne,Usługi zdrowotne,Rekultywacja terenów
17,45_5,5,8,1,0,0,Lokalny,Przestrzenie publiczne,Domy jednorodzinne,Usługi zdrowotne,Rekultywacja terenów
17,49_5,5,8,1,0,0,Lokalny,Przestrzenie publiczne,Domy jednorodzinne,Usługi zdrowotne,Rekultywacja terenów
17,52_5,5,8,1,0,0,Lokalny,Przestrzenie publiczne,Domy jednorodzinne,Usługi zdrowotne,Rekultywacja terenów
17,57_5,5,8,1,0,0,Lokalny,Przestrzenie publiczne,Domy jednorodzinne,Usługi zdrowotne,Rekultywacja terenów
17,60_5,5,8,1,0,0,Lokalny,Przestrzenie publiczne,Domy jednorodzinne,Usługi zdrowotne,Rekultywacja terenów
17,64_5,5,8,1,0,0,Lokalny,Przestrzenie publiczne,Domy jednorodzinne,Usługi zdrowotne,Rekultywacja terenów
17,68_5,5,8,1,1,0,Lokalny,Przestrzenie publiczne,Domy jednorodzinne,Usługi zdrowotne,Rekultywacja terenów
17,71_5,5,8,1,1,0,Lokalny,Przestrzenie publiczne,Domy jednorodzinne,Usługi zdrowotne,Rekultywacja terenów
17,75_5,5,8,1,1,0,Lokalny,Przestrzenie publiczne,Domy jednorodzinne,Usługi zdrowotne,Rekultywacja terenów
18,7_1,1,9,1,1,0,Specjalistyczny,Połączenia z Wrocławiem,Zabudowa zwarta,Młode rodziny,Priorytet gospodarczy
18,10_1,1,9,1,1,0,Specjalistyczny,Połączenia z Wrocławiem,Zabudowa zwarta,Młode rodziny,Priorytet gospodarczy
18,14_1,1,9,1,1,0,Specjalistyczny,Połączenia z Wrocławiem,Zabudowa zwarta,Młode rodziny,Priorytet gospodarczy
18,18_1,1,9,1,1,0,Specjalistyczny,Połączenia z Wrocławiem,Zabudowa zwarta,Młode rodziny,Priorytet gospodarczy
18,22_1,1,9,1,1,0,Specjalistyczny,Połączenia z Wrocławiem,Zabudowa zwarta,Młode rodziny,Priorytet gospodarczy
18,23_1,1,9,1,1,0,Specjalistyczny,Połączenia z Wrocławiem,Zabudowa zwarta,Młode rodziny,Priorytet gospodarczy
18,27_1,1,9,1,0,0,Specjalistyczny,Połączenia z Wrocławiem,Zabudowa zwarta,Młode rodziny,Priorytet gospodarczy
18,30_1,1,9,1,1,0,Specjalistyczny,Połączenia z Wrocławiem,Zabudowa zwarta,Młode rodziny,Priorytet gospodarczy
18,34_1,1,9,1,0,0,Specjalistyczny,Połączenia z Wrocławiem,Zabudowa zwarta,Młode rodziny,Priorytet gospodarczy
18,38_1,1,9,1,1,0,Specjalistyczny,Połączenia z Wrocławiem,Zabudowa zwarta,Młode rodziny,Priorytet gospodarczy
18,41_1,1,9,1,1,0,Specjalistyczny,Połączenia z Wrocławiem,Zabudowa zwarta,Młode rodziny,Priorytet gospodarczy
18,45_1,1,9,1,1,0,Specjalistyczny,Połączenia z Wrocławiem,Zabudowa zwarta,Młode rodziny,Priorytet gospodarczy
18,49_1,1,9,1,0,0,Specjalistyczny,Połączenia z Wrocławiem,Zabudowa zwarta,Młode rodziny,Priorytet gospodarczy
18,52_1,1,9,1,0,0,Specjalistyczny,Połączenia z Wrocławiem,Zabudowa zwarta,Młode rodziny,Priorytet gospodarczy
18,57_1,1,9,1,0,0,Specjalistyczny,Połączenia z Wrocławiem,Zabudowa zwarta,Młode rodziny,Priorytet gospodarczy
18,60_1,1,9,1,0,0,Specjalistyczny,Połączenia z Wrocławiem,Zabudowa zwarta,Młode rodziny,Priorytet gospodarczy
18,64_1,1,9,1,1,0,Specjalistyczny,Połączenia z Wrocławiem,Zabudowa zwarta,Młode rodziny,Priorytet gospodarczy
18,68_1,1,9,1,1,0,Specjalistyczny,Połączenia z Wrocławiem,Zabudowa zwarta,Młode rodziny,Priorytet gospodarczy
18,71_1,1,9,1,0,0,Specjalistyczny,Połączenia z Wrocławiem,Zabudowa zwarta,Młode rodziny,Priorytet gospodarczy
18,75_1,1,9,1,1,0,Specjalistyczny,Połączenia z Wrocławiem,Zabudowa zwarta,Młode rodziny,Priorytet gospodarczy
18,78_1,1,9,1,0,0,Specjalistyczny,Połączenia z Wrocławiem,Zabudowa zwarta,Młode rodziny,Priorytet gospodarczy
18,2_2,2,2,2,1,0,Specjalistyczny,Połączenia z Wrocławiem,Zabudowa zwarta,Młode rodziny,Priorytet gospodarczy
18,5_2,2,2,2,1,0,Specjalistyczny,Połączenia z Wrocławiem,Zabudowa zwarta,Młode rodziny,Priorytet gospodarczy
18,9_2,2,2,2,0,0,Specjalistyczny,Połączenia z Wrocławiem,Zabudowa zwarta,Młode rodziny,Priorytet gospodarczy
18,13_2,2,2,2,0,0,Specjalistyczny,Połączenia z Wrocławiem,Zabudowa zwarta,Młode rodziny,Priorytet gospodarczy
18,17_2,2,2,2,1,0,Specjalistyczny,Połączenia z Wrocławiem,Zabudowa zwarta,Młode rodziny,Priorytet gospodarczy
18,21_2,2,2,2,1,0,Specjalistyczny,Połączenia z Wrocławiem,Zabudowa zwarta,Młode rodziny,Priorytet gospodarczy
18,26_2,2,2,2,1,0,Specjalistyczny,Połączenia z Wrocławiem,Zabudowa zwarta,Młode rodziny,Priorytet gospodarczy
18,33_2,2,2,2,0,0,Specjalistyczny,Połączenia z Wrocławiem,Zabudowa zwarta,Młode rodziny,Priorytet gospodarczy
18,37_2,2,2,2,0,0,Specjalistyczny,Połączenia z Wrocławiem,Zabudowa zwarta,Młode rodziny,Priorytet gospodarczy
18,40_2,2,2,2,1,0,Specjalistyczny,Połączenia z Wrocławiem,Zabudowa zwarta,Młode rodziny,Priorytet gospodarczy
18,44_2,2,2,2,0,0,Specjalistyczny,Połączenia z Wrocławiem,Zabudowa zwarta,Młode rodziny,Priorytet gospodarczy
18,48_2,2,2,2,1,0,Specjalistyczny,Połączenia z Wrocławiem,Zabudowa zwarta,Młode rodziny,Priorytet gospodarczy
18,51_2,2,2,2,0,0,Specjalistyczny,Połączenia z Wrocławiem,Zabudowa zwarta,Młode rodziny,Priorytet gospodarczy
18,55_2,2,2,2,1,0,Specjalistyczny,Połączenia z Wrocławiem,Zabudowa zwarta,Młode rodziny,Priorytet gospodarczy
18,56_2,2,2,2,0,0,Specjalistyczny,Połączenia z Wrocławiem,Zabudowa zwarta,Młode rodziny,Priorytet gospodarczy
18,63_2,2,2,2,1,0,Specjalistyczny,Połączenia z Wrocławiem,Zabudowa zwarta,Młode rodziny,Priorytet gospodarczy
18,67_2,2,2,2,0,0,Specjalistyczny,Połączenia z Wrocławiem,Zabudowa zwarta,Młode rodziny,Priorytet gospodarczy
18,70_2,2,2,2,0,0,Specjalistyczny,Połączenia z Wrocławiem,Zabudowa zwarta,Młode rodziny,Priorytet gospodarczy
18,74_2,2,2,2,1,0,Specjalistyczny,Połączenia z Wrocławiem,Zabudowa zwarta,Młode rodziny,Priorytet gospodarczy
18,3_3,3,1,2,1,0,Specjalistyczny,Połączenia z Wrocławiem,Zabudowa zwarta,Młode rodziny,Priorytet gospodarczy
18,6_3,3,1,2,0,0,Specjalistyczny,Połączenia z Wrocławiem,Zabudowa zwarta,Młode rodziny,Priorytet gospodarczy
18,8_3,3,1,2,0,0,Specjalistyczny,Połączenia z Wrocławiem,Zabudowa zwarta,Młode rodziny,Priorytet gospodarczy
18,12_3,3,1,2,1,0,Specjalistyczny,Połączenia z Wrocławiem,Zabudowa zwarta,Młode rodziny,Priorytet gospodarczy
18,16_3,3,1,2,1,0,Specjalistyczny,Połączenia z Wrocławiem,Zabudowa zwarta,Młode rodziny,Priorytet gospodarczy
18,20_3,3,1,2,0,0,Specjalistyczny,Połączenia z Wrocławiem,Zabudowa zwarta,Młode rodziny,Priorytet gospodarczy
18,25_3,3,1,2,1,0,Specjalistyczny,Połączenia z Wrocławiem,Zabudowa zwarta,Młode rodziny,Priorytet gospodarczy
18,29_3,3,1,2,1,0,Specjalistyczny,Połączenia z Wrocławiem,Zabudowa zwarta,Młode rodziny,Priorytet gospodarczy
18,32_3,3,1,2,1,0,Specjalistyczny,Połączenia z Wrocławiem,Zabudowa zwarta,Młode rodziny,Priorytet gospodarczy
18,36_3,3,1,2,1,0,Specjalistyczny,Połączenia z Wrocławiem,Zabudowa zwarta,Młode rodziny,Priorytet gospodarczy
18,43_3,3,1,2,0,0,Specjalistyczny,Połączenia z Wrocławiem,Zabudowa zwarta,Młode rodziny,Priorytet gospodarczy
18,47_3,3,1,2,1,0,Specjalistyczny,Połączenia z Wrocławiem,Zabudowa zwarta,Młode rodziny,Priorytet gospodarczy
18,50_3,3,1,2,1,0,Specjalistyczny,Połączenia z Wrocławiem,Zabudowa zwarta,Młode rodziny,Priorytet gospodarczy
18,54_3,3,1,2,1,0,Specjalistyczny,Połączenia z Wrocławiem,Zabudowa zwarta,Młode rodziny,Priorytet gospodarczy
18,59_3,3,1,2,0,0,Specjalistyczny,Połączenia z Wrocławiem,Zabudowa zwarta,Młode rodziny,Priorytet gospodarczy
18,62_3,3,1,2,0,0,Specjalistyczny,Połączenia z Wrocławiem,Zabudowa zwarta,Młode rodziny,Priorytet gospodarczy
18,66_3,3,1,2,1,0,Specjalistyczny,Połączenia z Wrocławiem,Zabudowa zwarta,Młode rodziny,Priorytet gospodarczy
18,73_3,3,1,2,0,0,Specjalistyczny,Połączenia z Wrocławiem,Zabudowa zwarta,Młode rodziny,Priorytet gospodarczy
18,1_4,4,3,1,1,0,Specjalistyczny,Połączenia z Wrocławiem,Zabudowa zwarta,Młode rodziny,Priorytet gospodarczy
18,4_4,4,3,1,1,0,Specjalistyczny,Połączenia z Wrocławiem,Zabudowa zwarta,Młode rodziny,Priorytet gospodarczy
18,11_4,4,3,1,0,0,Specjalistyczny,Połączenia z Wrocławiem,Zabudowa zwarta,Młode rodziny,Priorytet gospodarczy
18,15_4,4,3,1,1,0,Specjalistyczny,Połączenia z Wrocławiem,Zabudowa zwarta,Młode rodziny,Priorytet gospodarczy
18,19_4,4,3,1,1,0,Specjalistyczny,Połączenia z Wrocławiem,Zabudowa zwarta,Młode rodziny,Priorytet gospodarczy
18,24_4,4,3,1,1,0,Specjalistyczny,Połączenia z Wrocławiem,Zabudowa zwarta,Młode rodziny,Priorytet gospodarczy
18,28_4,4,3,1,1,0,Specjalistyczny,Połączenia z Wrocławiem,Zabudowa zwarta,Młode rodziny,Priorytet gospodarczy
18,31_4,4,3,1,0,0,Specjalistyczny,Połączenia z Wrocławiem,Zabudowa zwarta,Młode rodziny,Priorytet gospodarczy
18,35_4,4,3,1,0,0,Specjalistyczny,Połączenia z Wrocławiem,Zabudowa zwarta,Młode rodziny,Priorytet gospodarczy
18,39_4,4,3,1,0,0,Specjalistyczny,Połączenia z Wrocławiem,Zabudowa zwarta,Młode rodziny,Priorytet gospodarczy
18,42_4,4,3,1,1,0,Specjalistyczny,Połączenia z Wrocławiem,Zabudowa zwarta,Młode rodziny,Priorytet gospodarczy
18,46_4,4,3,1,1,0,Specjalistyczny,Połączenia z Wrocławiem,Zabudowa zwarta,Młode rodziny,Priorytet gospodarczy
18,53_4,4,3,1,1,0,Specjalistyczny,Połączenia z Wrocławiem,Zabudowa zwarta,Młode rodziny,Priorytet gospodarczy
18,58_4,4,3,1,0,0,Specjalistyczny,Połączenia z Wrocławiem,Zabudowa zwarta,Młode rodziny,Priorytet gospodarczy
18,61_4,4,3,1,1,0,Specjalistyczny,Połączenia z Wrocławiem,Zabudowa zwarta,Młode rodziny,Priorytet gospodarczy
18,65_4,4,3,1,0,0,Specjalistyczny,Połączenia z Wrocławiem,Zabudowa zwarta,Młode rodziny,Priorytet gospodarczy
18,69_4,4,3,1,1,0,Specjalistyczny,Połączenia z Wrocławiem,Zabudowa zwarta,Młode rodziny,Priorytet gospodarczy
18,72_4,4,3,1,0,0,Specjalistyczny,Połączenia z Wrocławiem,Zabudowa zwarta,Młode rodziny,Priorytet gospodarczy
18,76_4,4,3,1,1,0,Specjalistyczny,Połączenia z Wrocławiem,Zabudowa zwarta,Młode rodziny,Priorytet gospodarczy
18,7_5,5,5,2,0,0,Specjalistyczny,Połączenia z Wrocławiem,Zabudowa zwarta,Młode rodziny,Priorytet gospodarczy
18,10_5,5,5,2,0,0,Specjalistyczny,Połączenia z Wrocławiem,Zabudowa zwarta,Młode rodziny,Priorytet gospodarczy
18,14_5,5,5,2,0,0,Specjalistyczny,Połączenia z Wrocławiem,Zabudowa zwarta,Młode rodziny,Priorytet gospodarczy
18,18_5,5,5,2,0,0,Specjalistyczny,Połączenia z Wrocławiem,Zabudowa zwarta,Młode rodziny,Priorytet gospodarczy
18,23_5,5,5,2,1,0,Specjalistyczny,Połączenia z Wrocławiem,Zabudowa zwarta,Młode rodziny,Priorytet gospodarczy
18,27_5,5,5,2,1,0,Specjalistyczny,Połączenia z Wrocławiem,Zabudowa zwarta,Młode rodziny,Priorytet gospodarczy
18,30_5,5,5,2,0,0,Specjalistyczny,Połączenia z Wrocławiem,Zabudowa zwarta,Młode rodziny,Priorytet gospodarczy
18,34_5,5,5,2,1,0,Specjalistyczny,Połączenia z Wrocławiem,Zabudowa zwarta,Młode rodziny,Priorytet gospodarczy
18,38_5,5,5,2,0,0,Specjalistyczny,Połączenia z Wrocławiem,Zabudowa zwarta,Młode rodziny,Priorytet gospodarczy
18,41_5,5,5,2,1,0,Specjalistyczny,Połączenia z Wrocławiem,Zabudowa zwarta,Młode rodziny,Priorytet gospodarczy
18,45_5,5,5,2,1,0,Specjalistyczny,Połączenia z Wrocławiem,Zabudowa zwarta,Młode rodziny,Priorytet gospodarczy
18,49_5,5,5,2,1,0,Specjalistyczny,Połączenia z Wrocławiem,Zabudowa zwarta,Młode rodziny,Priorytet gospodarczy
18,52_5,5,5,2,1,0,Specjalistyczny,Połączenia z Wrocławiem,Zabudowa zwarta,Młode rodziny,Priorytet gospodarczy
18,57_5,5,5,2,1,0,Specjalistyczny,Połączenia z Wrocławiem,Zabudowa zwarta,Młode rodziny,Priorytet gospodarczy
18,60_5,5,5,2,0,0,Specjalistyczny,Połączenia z Wrocławiem,Zabudowa zwarta,Młode rodziny,Priorytet gospodarczy
18,64_5,5,5,2,0,0,Specjalistyczny,Połączenia z Wrocławiem,Zabudowa zwarta,Młode rodziny,Priorytet gospodarczy
18,68_5,5,5,2,0,0,Specjalistyczny,Połączenia z Wrocławiem,Zabudowa zwarta,Młode rodziny,Priorytet gospodarczy
18,71_5,5,5,2,1,0,Specjalistyczny,Połączenia z Wrocławiem,Zabudowa zwarta,Młode rodziny,Priorytet gospodarczy
18,75_5,5,5,2,0,0,Specjalistyczny,Połączenia z Wrocławiem,Zabudowa zwarta,Młode rodziny,Priorytet gospodarczy
19,7_1,1,3,2,0,0,Rezydencjalny,Tereny przemysłowe,Rewitalizacja,Oferta kulturalna,Maksymalizacja zieleni
19,10_1,1,3,2,0,0,Rezydencjalny,Tereny przemysłowe,Rewitalizacja,Oferta kulturalna,Maksymalizacja zieleni
19,14_1,1,3,2,0,0,Rezydencjalny,Tereny przemysłowe,Rewitalizacja,Oferta kulturalna,Maksymalizacja zieleni
19,18_1,1,3,2,0,0,Rezydencjalny,Tereny przemysłowe,Rewitalizacja,Oferta kulturalna,Maksymalizacja zieleni
19,22_1,1,3,2,0,0,Rezydencjalny,Tereny przemysłowe,Rewitalizacja,Oferta kulturalna,Maksymalizacja zieleni
19,23_1,1,3,2,0,0,Rezydencjalny,Tereny przemysłowe,Rewitalizacja,Oferta kulturalna,Maksymalizacja zieleni
19,27_1,1,3,2,1,0,Rezydencjalny,Tereny przemysłowe,Rewitalizacja,Oferta kulturalna,Maksymalizacja zieleni
19,30_1,1,3,2,0,0,Rezydencjalny,Tereny przemysłowe,Rewitalizacja,Oferta kulturalna,Maksymalizacja zieleni
19,34_1,1,3,2,0,0,Rezydencjalny,Tereny przemysłowe,Rewitalizacja,Oferta kulturalna,Maksymalizacja zieleni
19,38_1,1,3,2,1,0,Rezydencjalny,Tereny przemysłowe,Rewitalizacja,Oferta kulturalna,Maksymalizacja zieleni
19,41_1,1,3,2,1,0,Rezydencjalny,Tereny przemysłowe,Rewitalizacja,Oferta kulturalna,Maksymalizacja zieleni
19,45_1,1,3,2,1,0,Rezydencjalny,Tereny przemysłowe,Rewitalizacja,Oferta kulturalna,Maksymalizacja zieleni
19,49_1,1,3,2,0,0,Rezydencjalny,Tereny przemysłowe,Rewitalizacja,Oferta kulturalna,Maksymalizacja zieleni
19,52_1,1,3,2,0,0,Rezydencjalny,Tereny przemysłowe,Rewitalizacja,Oferta kulturalna,Maksymalizacja zieleni
19,57_1,1,3,2,1,0,Rezydencjalny,Tereny przemysłowe,Rewitalizacja,Oferta kulturalna,Maksymalizacja zieleni
19,60_1,1,3,2,0,0,Rezydencjalny,Tereny przemysłowe,Rewitalizacja,Oferta kulturalna,Maksymalizacja zieleni
19,64_1,1,3,2,0,0,Rezydencjalny,Tereny przemysłowe,Rewitalizacja,Oferta kulturalna,Maksymalizacja zieleni
19,68_1,1,3,2,0,0,Rezydencjalny,Tereny przemysłowe,Rewitalizacja,Oferta kulturalna,Maksymalizacja zieleni
19,71_1,1,3,2,0,0,Rezydencjalny,Tereny przemysłowe,Rewitalizacja,Oferta kulturalna,Maksymalizacja zieleni
19,75_1,1,3,2,0,0,Rezydencjalny,Tereny przemysłowe,Rewitalizacja,Oferta kulturalna,Maksymalizacja zieleni
19,78_1,1,3,2,0,0,Rezydencjalny,Tereny przemysłowe,Rewitalizacja,Oferta kulturalna,Maksymalizacja zieleni
19,2_2,2,6,1,0,0,Rezydencjalny,Tereny przemysłowe,Rewitalizacja,Oferta kulturalna,Maksymalizacja zieleni
19,5_2,2,6,1,1,0,Rezydencjalny,Tereny przemysłowe,Rewitalizacja,Oferta kulturalna,Maksymalizacja zieleni
19,9_2,2,6,1,1,0,Rezydencjalny,Tereny przemysłowe,Rewitalizacja,Oferta kulturalna,Maksymalizacja zieleni
19,13_2,2,6,1,0,0,Rezydencjalny,Tereny przemysłowe,Rewitalizacja,Oferta kulturalna,Maksymalizacja zieleni
19,17_2,2,6,1,1,0,Rezydencjalny,Tereny przemysłowe,Rewitalizacja,Oferta kulturalna,Maksymalizacja zieleni
19,21_2,2,6,1,0,0,Rezydencjalny,Tereny przemysłowe,Rewitalizacja,Oferta kulturalna,Maksymalizacja zieleni
19,26_2,2,6,1,0,0,Rezydencjalny,Tereny przemysłowe,Rewitalizacja,Oferta kulturalna,Maksymalizacja zieleni
19,33_2,2,6,1,1,0,Rezydencjalny,Tereny przemysłowe,Rewitalizacja,Oferta kulturalna,Maksymalizacja zieleni
19,37_2,2,6,1,0,0,Rezydencjalny,Tereny przemysłowe,Rewitalizacja,Oferta kulturalna,Maksymalizacja zieleni
19,40_2,2,6,1,0,0,Rezydencjalny,Tereny przemysłowe,Rewitalizacja,Oferta kulturalna,Maksymalizacja zieleni
19,44_2,2,6,1,1,0,Rezydencjalny,Tereny przemysłowe,Rewitalizacja,Oferta kulturalna,Maksymalizacja zieleni
19,48_2,2,6,1,1,0,Rezydencjalny,Tereny przemysłowe,Rewitalizacja,Oferta kulturalna,Maksymalizacja zieleni
19,51_2,2,6,1,1,0,Rezydencjalny,Tereny przemysłowe,Rewitalizacja,Oferta kulturalna,Maksymalizacja zieleni
19,55_2,2,6,1,1,0,Rezydencjalny,Tereny przemysłowe,Rewitalizacja,Oferta kulturalna,Maksymalizacja zieleni
19,56_2,2,6,1,0,0,Rezydencjalny,Tereny przemysłowe,Rewitalizacja,Oferta kulturalna,Maksymalizacja zieleni
19,63_2,2,6,1,0,0,Rezydencjalny,Tereny przemysłowe,Rewitalizacja,Oferta kulturalna,Maksymalizacja zieleni
19,67_2,2,6,1,1,0,Rezydencjalny,Tereny przemysłowe,Rewitalizacja,Oferta kulturalna,Maksymalizacja zieleni
19,70_2,2,6,1,1,0,Rezydencjalny,Tereny przemysłowe,Rewitalizacja,Oferta kulturalna,Maksymalizacja zieleni
19,74_2,2,6,1,0,0,Rezydencjalny,Tereny przemysłowe,Rewitalizacja,Oferta kulturalna,Maksymalizacja zieleni
19,3_3,3,7,1,1,0,Rezydencjalny,Tereny przemysłowe,Rewitalizacja,Oferta kulturalna,Maksymalizacja zieleni
19,6_3,3,7,1,0,0,Rezydencjalny,Tereny przemysłowe,Rewitalizacja,Oferta kulturalna,Maksymalizacja zieleni
19,8_3,3,7,1,1,0,Rezydencjalny,Tereny przemysłowe,Rewitalizacja,Oferta kulturalna,Maksymalizacja zieleni
19,12_3,3,7,1,0,0,Rezydencjalny,Tereny przemysłowe,Rewitalizacja,Oferta kulturalna,Maksymalizacja zieleni
19,16_3,3,7,1,1,0,Rezydencjalny,Tereny przemysłowe,Rewitalizacja,Oferta kulturalna,Maksymalizacja zieleni
19,20_3,3,7,1,1,0,Rezydencjalny,Tereny przemysłowe,Rewitalizacja,Oferta kulturalna,Maksymalizacja zieleni
19,25_3,3,7,1,0,0,Rezydencjalny,Tereny przemysłowe,Rewitalizacja,Oferta kulturalna,Maksymalizacja zieleni
19,29_3,3,7,1,0,0,Rezydencjalny,Tereny przemysłowe,Rewitalizacja,Oferta kulturalna,Maksymalizacja zieleni
19,32_3,3,7,1,1,0,Rezydencjalny,Tereny przemysłowe,Rewitalizacja,Oferta kulturalna,Maksymalizacja zieleni
19,36_3,3,7,1,0,0,Rezydencjalny,Tereny przemysłowe,Rewitalizacja,Oferta kulturalna,Maksymalizacja zieleni
19,43_3,3,7,1,0,0,Rezydencjalny,Tereny przemysłowe,Rewitalizacja,Oferta kulturalna,Maksymalizacja zieleni
19,47_3,3,7,1,1,0,Rezydencjalny,Tereny przemysłowe,Rewitalizacja,Oferta kulturalna,Maksymalizacja zieleni
19,50_3,3,7,1,1,0,Rezydencjalny,Tereny przemysłowe,Rewitalizacja,Oferta kulturalna,Maksymalizacja zieleni
19,54_3,3,7,1,0,0,Rezydencjalny,Tereny przemysłowe,Rewitalizacja,Oferta kulturalna,Maksymalizacja zieleni
19,59_3,3,7,1,0,0,Rezydencjalny,Tereny przemysłowe,Rewitalizacja,Oferta kulturalna,Maksymalizacja zieleni
19,62_3,3,7,1,1,0,Rezydencjalny,Tereny przemysłowe,Rewitalizacja,Oferta kulturalna,Maksymalizacja zieleni
19,66_3,3,7,1,0,0,Rezydencjalny,Tereny przemysłowe,Rewitalizacja,Oferta kulturalna,Maksymalizacja zieleni
19,73_3,3,7,1,0,0,Rezydencjalny,Tereny przemysłowe,Rewitalizacja,Oferta kulturalna,Maksymalizacja zieleni
19,1_4,4,8,2,0,0,Rezydencjalny,Tereny przemysłowe,Rewitalizacja,Oferta kulturalna,Maksymalizacja zieleni
19,4_4,4,8,2,0,0,Rezydencjalny,Tereny przemysłowe,Rewitalizacja,Oferta kulturalna,Maksymalizacja zieleni
19,11_4,4,8,2,1,0,Rezydencjalny,Tereny przemysłowe,Rewitalizacja,Oferta kulturalna,Maksymalizacja zieleni
19,15_4,4,8,2,1,0,Rezydencjalny,Tereny przemysłowe,Rewitalizacja,Oferta kulturalna,Maksymalizacja zieleni
19,19_4,4,8,2,0,0,Rezydencjalny,Tereny przemysłowe,Rewitalizacja,Oferta kulturalna,Maksymalizacja zieleni
19,24_4,4,8,2,1,0,Rezydencjalny,Tereny przemysłowe,Rewitalizacja,Oferta kulturalna,Maksymalizacja zieleni
19,28_4,4,8,2,0,0,Rezydencjalny,Tereny przemysłowe,Rewitalizacja,Oferta kulturalna,Maksymalizacja zieleni
19,31_4,4,8,2,1,0,Rezydencjalny,Tereny przemysłowe,Rewitalizacja,Oferta kulturalna,Maksymalizacja zieleni
19,35_4,4,8,2,1,0,Rezydencjalny,Tereny przemysłowe,Rewitalizacja,Oferta kulturalna,Maksymalizacja zieleni
19,39_4,4,8,2,1,0,Rezydencjalny,Tereny przemysłowe,Rewitalizacja,Oferta kulturalna,Maksymalizacja zieleni
19,42_4,4,8,2,1,0,Rezydencjalny,Tereny przemysłowe,Rewitalizacja,Oferta kulturalna,Maksymalizacja zieleni
19,46_4,4,8,2,0,0,Rezydencjalny,Tereny przemysłowe,Rewitalizacja,Oferta kulturalna,Maksymalizacja zieleni
19,53_4,4,8,2,1,0,Rezydencjalny,Tereny przemysłowe,Rewitalizacja,Oferta kulturalna,Maksymalizacja zieleni
19,58_4,4,8,2,0,0,Rezydencjalny,Tereny przemysłowe,Rewitalizacja,Oferta kulturalna,Maksymalizacja zieleni
19,61_4,4,8,2,0,0,Rezydencjalny,Tereny przemysłowe,Rewitalizacja,Oferta kulturalna,Maksymalizacja zieleni
19,65_4,4,8,2,1,0,Rezydencjalny,Tereny przemysłowe,Rewitalizacja,Oferta kulturalna,Maksymalizacja zieleni
19,69_4,4,8,2,1,0,Rezydencjalny,Tereny przemysłowe,Rewitalizacja,Oferta kulturalna,Maksymalizacja zieleni
19,72_4,4,8,2,0,0,Rezydencjalny,Tereny przemysłowe,Rewitalizacja,Oferta kulturalna,Maksymalizacja zieleni
19,76_4,4,8,2,1,0,Rezydencjalny,Tereny przemysłowe,Rewitalizacja,Oferta kulturalna,Maksymalizacja zieleni
19,7_5,5,3,1,0,0,Rezydencjalny,Tereny przemysłowe,Rewitalizacja,Oferta kulturalna,Maksymalizacja zieleni
19,10_5,5,3,1,0,0,Rezydencjalny,Tereny przemysłowe,Rewitalizacja,Oferta kulturalna,Maksymalizacja zieleni
19,14_5,5,3,1,1,0,Rezydencjalny,Tereny przemysłowe,Rewitalizacja,Oferta kulturalna,Maksymalizacja zieleni
19,18_5,5,3,1,0,0,Rezydencjalny,Tereny przemysłowe,Rewitalizacja,Oferta kulturalna,Maksymalizacja zieleni
19,23_5,5,3,1,1,0,Rezydencjalny,Tereny przemysłowe,Rewitalizacja,Oferta kulturalna,Maksymalizacja zieleni
19,27_5,5,3,1,0,0,Rezydencjalny,Tereny przemysłowe,Rewitalizacja,Oferta kulturalna,Maksymalizacja zieleni
19,30_5,5,3,1,0,0,Rezydencjalny,Tereny przemysłowe,Rewitalizacja,Oferta kulturalna,Maksymalizacja zieleni
19,34_5,5,3,1,0,0,Rezydencjalny,Tereny przemysłowe,Rewitalizacja,Oferta kulturalna,Maksymalizacja zieleni
19,38_5,5,3,1,1,0,Rezydencjalny,Tereny przemysłowe,Rewitalizacja,Oferta kulturalna,Maksymalizacja zieleni
19,41_5,5,3,1,1,0,Rezydencjalny,Tereny przemysłowe,Rewitalizacja,Oferta kulturalna,Maksymalizacja zieleni
19,45_5,5,3,1,1,0,Rezydencjalny,Tereny przemysłowe,Rewitalizacja,Oferta kulturalna,Maksymalizacja zieleni
19,49_5,5,3,1,0,0,Rezydencjalny,Tereny przemysłowe,Rewitalizacja,Oferta kulturalna,Maksymalizacja zieleni
19,52_5,5,3,1,0,0,Rezydencjalny,Tereny przemysłowe,Rewitalizacja,Oferta kulturalna,Maksymalizacja zieleni
19,57_5,5,3,1,1,0,Rezydencjalny,Tereny przemysłowe,Rewitalizacja,Oferta kulturalna,Maksymalizacja zieleni
19,60_5,5,3,1,0,0,Rezydencjalny,Tereny przemysłowe,Rewitalizacja,Oferta kulturalna,Maksymalizacja zieleni
19,64_5,5,3,1,0,0,Rezydencjalny,Tereny przemysłowe,Rewitalizacja,Oferta kulturalna,Maksymalizacja zieleni
19,68_5,5,3,1,0,0,Rezydencjalny,Tereny przemysłowe,Rewitalizacja,Oferta kulturalna,Maksymalizacja zieleni
19,71_5,5,3,1,0,0,Rezydencjalny,Tereny przemysłowe,Rewitalizacja,Oferta kulturalna,Maksymalizacja zieleni
19,75_5,5,3,1,0,0,Rezydencjalny,Tereny przemysłowe,Rewitalizacja,Oferta kulturalna,Maksymalizacja zieleni
20,7_1,1,5,1,1,0,Usługowy,Obiekty usługowe,Domy jednorodzinne,Partycypacja społeczna,Zrównoważone podejście
20,10_1,1,5,1,0,0,Usługowy,Obiekty usługowe,Domy jednorodzinne,Partycypacja społeczna,Zrównoważone podejście
20,14_1,1,5,1,0,0,Usługowy,Obiekty usługowe,Domy jednorodzinne,Partycypacja społeczna,Zrównoważone podejście
20,18_1,1,5,1,0,0,Usługowy,Obiekty usługowe,Domy jednorodzinne,Partycypacja społeczna,Zrównoważone podejście
20,22_1,1,5,1,1,0,Usługowy,Obiekty usługowe,Domy jednorodzinne,Partycypacja społeczna,Zrównoważone podejście
20,23_1,1,5,1,1,0,Usługowy,Obiekty usługowe,Domy jednorodzinne,Partycypacja społeczna,Zrównoważone podejście
20,27_1,1,5,1,1,0,Usługowy,Obiekty usługowe,Domy jednorodzinne,Partycypacja społeczna,Zrównoważone podejście
20,30_1,1,5,1,1,0,Usługowy,Obiekty usługowe,Domy jednorodzinne,Partycypacja społeczna,Zrównoważone podejście
20,34_1,1,5,1,1,0,Usługowy,Obiekty usługowe,Domy jednorodzinne,Partycypacja społeczna,Zrównoważone podejście
20,38_1,1,5,1,1,0,Usługowy,Obiekty usługowe,Domy jednorodzinne,Partycypacja społeczna,Zrównoważone podejście
20,41_1,1,5,1,1,0,Usługowy,Obiekty usługowe,Domy jednorodzinne,Partycypacja społeczna,Zrównoważone podejście
20,45_1,1,5,1,0,0,Usługowy,Obiekty usługowe,Domy jednorodzinne,Partycypacja społeczna,Zrównoważone podejście
20,49_1,1,5,1,1,0,Usługowy,Obiekty usługowe,Domy jednorodzinne,Partycypacja społeczna,Zrównoważone podejście
20,52_1,1,5,1,1,0,Usługowy,Obiekty usługowe,Domy jednorodzinne,Partycypacja społeczna,Zrównoważone podejście
20,57_1,1,5,1,0,0,Usługowy,Obiekty usługowe,Domy jednorodzinne,Partycypacja społeczna,Zrównoważone podejście
20,60_1,1,5,1,0,0,Usługowy,Obiekty usługowe,Domy jednorodzinne,Partycypacja społeczna,Zrównoważone podejście
20,64_1,1,5,1,0,0,Usługowy,Obiekty usługowe,Domy jednorodzinne,Partycypacja społeczna,Zrównoważone podejście
20,68_1,1,5,1,1,0,Usługowy,Obiekty usługowe,Domy jednorodzinne,Partycypacja społeczna,Zrównoważone podejście
20,71_1,1,5,1,1,0,Usługowy,Obiekty usługowe,Domy jednorodzinne,Partycypacja społeczna,Zrównoważone podejście
20,75_1,1,5,1,1,0,Usługowy,Obiekty usługowe,Domy jednorodzinne,Partycypacja społeczna,Zrównoważone podejście
20,78_1,1,5,1,1,0,Usługowy,Obiekty usługowe,Domy jednorodzinne,Partycypacja społeczna,Zrównoważone podejście
20,2_2,2,1,1,1,0,Usługowy,Obiekty usługowe,Domy jednorodzinne,Partycypacja społeczna,Zrównoważone podejście
20,5_2,2,1,1,1,0,Usługowy,Obiekty usługowe,Domy jednorodzinne,Partycypacja społeczna,Zrównoważone podejście
20,9_2,2,1,1,1,0,Usługowy,Obiekty usługowe,Domy jednorodzinne,Partycypacja społeczna,Zrównoważone podejście
20,13_2,2,1,1,1,0,Usługowy,Obiekty usługowe,Domy jednorodzinne,Partycypacja społeczna,Zrównoważone podejście
20,17_2,2,1,1,0,0,Usługowy,Obiekty usługowe,Domy jednorodzinne,Partycypacja społeczna,Zrównoważone podejście
20,21_2,2,1,1,1,0,Usługowy,Obiekty usługowe,Domy jednorodzinne,Partycypacja społeczna,Zrównoważone podejście
20,26_2,2,1,1,0,0,Usługowy,Obiekty usługowe,Domy jednorodzinne,Partycypacja społeczna,Zrównoważone podejście
20,33_2,2,1,1,0,0,Usługowy,Obiekty usługowe,Domy jednorodzinne,Partycypacja społeczna,Zrównoważone podejście
20,37_2,2,1,1,1,0,Usługowy,Obiekty usługowe,Domy jednorodzinne,Partycypacja społeczna,Zrównoważone podejście
20,40_2,2,1,1,0,0,Usługowy,Obiekty usługowe,Domy jednorodzinne,Partycypacja społeczna,Zrównoważone podejście
20,44_2,2,1,1,1,0,Usługowy,Obiekty usługowe,Domy jednorodzinne,Partycypacja społeczna,Zrównoważone podejście
20,48_2,2,1,1,1,0,Usługowy,Obiekty usługowe,Domy jednorodzinne,Partycypacja społeczna,Zrównoważone podejście
20,51_2,2,1,1,1,0,Usługowy,Obiekty usługowe,Domy jednorodzinne,Partycypacja społeczna,Zrównoważone podejście
20,55_2,2,1,1,1,0,Usługowy,Obiekty usługowe,Domy jednorodzinne,Partycypacja społeczna,Zrównoważone podejście
20,56_2,2,1,1,0,0,Usługowy,Obiekty usługowe,Domy jednorodzinne,Partycypacja społeczna,Zrównoważone podejście
20,63_2,2,1,1,1,0,Usługowy,Obiekty usługowe,Domy jednorodzinne,Partycypacja społeczna,Zrównoważone podejście
20,67_2,2,1,1,1,0,Usługowy,Obiekty usługowe,Domy jednorodzinne,Partycypacja społeczna,Zrównoważone podejście
20,70_2,2,1,1,0,0,Usługowy,Obiekty usługowe,Domy jednorodzinne,Partycypacja społeczna,Zrównoważone podejście
20,74_2,2,1,1,1,0,Usługowy,Obiekty usługowe,Domy jednorodzinne,Partycypacja społeczna,Zrównoważone podejście
20,3_3,3,5,2,1,0,Usługowy,Obiekty usługowe,Domy jednorodzinne,Partycypacja społeczna,Zrównoważone podejście
20,6_3,3,5,2,0,0,Usługowy,Obiekty usługowe,Domy jednorodzinne,Partycypacja społeczna,Zrównoważone podejście
20,8_3,3,5,2,0,0,Usługowy,Obiekty usługowe,Domy jednorodzinne,Partycypacja społeczna,Zrównoważone podejście
20,12_3,3,5,2,0,0,Usługowy,Obiekty usługowe,Domy jednorodzinne,Partycypacja społeczna,Zrównoważone podejście
20,16_3,3,5,2,1,0,Usługowy,Obiekty usługowe,Domy jednorodzinne,Partycypacja społeczna,Zrównoważone podejście
20,20_3,3,5,2,1,0,Usługowy,Obiekty usługowe,Domy jednorodzinne,Partycypacja społeczna,Zrównoważone podejście
20,25_3,3,5,2,0,0,Usługowy,Obiekty usługowe,Domy jednorodzinne,Partycypacja społeczna,Zrównoważone podejście
20,29_3,3,5,2,0,0,Usługowy,Obiekty usługowe,Domy jednorodzinne,Partycypacja społeczna,Zrównoważone podejście
20,32_3,3,5,2,1,0,Usługowy,Obiekty usługowe,Domy jednorodzinne,Partycypacja społeczna,Zrównoważone podejście
20,36_3,3,5,2,1,0,Usługowy,Obiekty usługowe,Domy jednorodzinne,Partycypacja społeczna,Zrównoważone podejście
20,43_3,3,5,2,1,0,Usługowy,Obiekty usługowe,Domy jednorodzinne,Partycypacja społeczna,Zrównoważone podejście
20,47_3,3,5,2,1,0,Usługowy,Obiekty usługowe,Domy jednorodzinne,Partycypacja społeczna,Zrównoważone podejście
20,50_3,3,5,2,1,0,Usługowy,Obiekty usługowe,Domy jednorodzinne,Partycypacja społeczna,Zrównoważone podejście
20,54_3,3,5,2,1,0,Usługowy,Obiekty usługowe,Domy jednorodzinne,Partycypacja społeczna,Zrównoważone podejście
20,59_3,3,5,2,0,0,Usługowy,Obiekty usługowe,Domy jednorodzinne,Partycypacja społeczna,Zrównoważone podejście
20,62_3,3,5,2,1,0,Usługowy,Obiekty usługowe,Domy jednorodzinne,Partycypacja społeczna,Zrównoważone podejście
20,66_3,3,5,2,1,0,Usługowy,Obiekty usługowe,Domy jednorodzinne,Partycypacja społeczna,Zrównoważone podejście
20,73_3,3,5,2,0,0,Usługowy,Obiekty usługowe,Domy jednorodzinne,Partycypacja społeczna,Zrównoważone podejście
20,1_4,4,4,2,0,0,Usługowy,Obiekty usługowe,Domy jednorodzinne,Partycypacja społeczna,Zrównoważone podejście
20,4_4,4,4,2,0,0,Usługowy,Obiekty usługowe,Domy jednorodzinne,Partycypacja społeczna,Zrównoważone podejście
20,11_4,4,4,2,1,0,Usługowy,Obiekty usługowe,Domy jednorodzinne,Partycypacja społeczna,Zrównoważone podejście
20,15_4,4,4,2,1,0,Usługowy,Obiekty usługowe,Domy jednorodzinne,Partycypacja społeczna,Zrównoważone podejście
20,19_4,4,4,2,1,0,Usługowy,Obiekty usługowe,Domy jednorodzinne,Partycypacja społeczna,Zrównoważone podejście
20,24_4,4,4,2,1,0,Usługowy,Obiekty usługowe,Domy jednorodzinne,Partycypacja społeczna,Zrównoważone podejście
20,28_4,4,4,2,0,0,Usługowy,Obiekty usługowe,Domy jednorodzinne,Partycypacja społeczna,Zrównoważone podejście
20,31_4,4,4,2,1,0,Usługowy,Obiekty usługowe,Domy jednorodzinne,Partycypacja społeczna,Zrównoważone podejście
20,35_4,4,4,2,1,0,Usługowy,Obiekty usługowe,Domy jednorodzinne,Partycypacja społeczna,Zrównoważone podejście
20,39_4,4,4,2,1,0,Usługowy,Obiekty usługowe,Domy jednorodzinne,Partycypacja społeczna,Zrównoważone podejście
20,42_4,4,4,2,0,0,Usługowy,Obiekty usługowe,Domy jednorodzinne,Partycypacja społeczna,Zrównoważone podejście
20,46_4,4,4,2,0,0,Usługowy,Obiekty usługowe,Domy jednorodzinne,Partycypacja społeczna,Zrównoważone podejście
20,53_4,4,4,2,0,0,Usługowy,Obiekty usługowe,Domy jednorodzinne,Partycypacja społeczna,Zrównoważone podejście
20,58_4,4,4,2,1,0,Usługowy,Obiekty usługowe,Domy jednorodzinne,Partycypacja społeczna,Zrównoważone podejście
20,61_4,4,4,2,0,0,Usługowy,Obiekty usługowe,Domy jednorodzinne,Partycypacja społeczna,Zrównoważone podejście
20,65_4,4,4,2,1,0,Usługowy,Obiekty usługowe,Domy jednorodzinne,Partycypacja społeczna,Zrównoważone podejście
20,69_4,4,4,2,1,0,Usługowy,Obiekty usługowe,Domy jednorodzinne,Partycypacja społeczna,Zrównoważone podejście
20,72_4,4,4,2,1,0,Usługowy,Obiekty usługowe,Domy jednorodzinne,Partycypacja społeczna,Zrównoważone podejście
20,76_4,4,4,2,1,0,Usługowy,Obiekty usługowe,Domy jednorodzinne,Partycypacja społeczna,Zrównoważone podejście
20,7_5,5,10,1,0,0,Usługowy,Obiekty usługowe,Domy jednorodzinne,Partycypacja społeczna,Zrównoważone podejście
20,10_5,5,10,1,1,0,Usługowy,Obiekty usługowe,Domy jednorodzinne,Partycypacja społeczna,Zrównoważone podejście
20,14_5,5,10,1,1,0,Usługowy,Obiekty usługowe,Domy jednorodzinne,Partycypacja społeczna,Zrównoważone podejście
20,18_5,5,10,1,1,0,Usługowy,Obiekty usługowe,Domy jednorodzinne,Partycypacja społeczna,Zrównoważone podejście
20,23_5,5,10,1,0,0,Usługowy,Obiekty usługowe,Domy jednorodzinne,Partycypacja społeczna,Zrównoważone podejście
20,27_5,5,10,1,1,0,Usługowy,Obiekty usługowe,Domy jednorodzinne,Partycypacja społeczna,Zrównoważone podejście
20,30_5,5,10,1,1,0,Usługowy,Obiekty usługowe,Domy jednorodzinne,Partycypacja społeczna,Zrównoważone podejście
20,34_5,5,10,1,1,0,Usługowy,Obiekty usługowe,Domy jednorodzinne,Partycypacja społeczna,Zrównoważone podejście
20,38_5,5,10,1,1,0,Usługowy,Obiekty usługowe,Domy jednorodzinne,Partycypacja społeczna,Zrównoważone podejście
20,41_5,5,10,1,0,0,Usługowy,Obiekty usługowe,Domy jednorodzinne,Partycypacja społeczna,Zrównoważone podejście
20,45_5,5,10,1,1,0,Usługowy,Obiekty usługowe,Domy jednorodzinne,Partycypacja społeczna,Zrównoważone podejście
20,49_5,5,10,1,1,0,Usługowy,Obiekty usługowe,Domy jednorodzinne,Partycypacja społeczna,Zrównoważone podejście
20,52_5,5,10,1,1,0,Usługowy,Obiekty usługowe,Domy jednorodzinne,Partycypacja społeczna,Zrównoważone podejście
20,57_5,5,10,1,1,0,Usługowy,Obiekty usługowe,Domy jednorodzinne,Partycypacja społeczna,Zrównoważone podejście
20,60_5,5,10,1,0,0,Usługowy,Obiekty usługowe,Domy jednorodzinne,Partycypacja społeczna,Zrównoważone podejście
20,64_5,5,10,1,0,0,Usługowy,Obiekty usługowe,Domy jednorodzinne,Partycypacja społeczna,Zrównoważone podejście
20,68_5,5,10,1,1,0,Usługowy,Obiekty usługowe,Domy jednorodzinne,Partycypacja społeczna,Zrównoważone podejście
20,71_5,5,10,1,1,0,Usługowy,Obiekty usługowe,Domy jednorodzinne,Partycypacja społeczna,Zrównoważone podejście
20,75_5,5,10,1,1,0,Usługowy,Obiekty usługowe,Domy jednorodzinne,Partycypacja społeczna,Zrównoważone podejście
21,7_1,1,10,2,1,0,Przemysłowy,Przestrzenie publiczne,Zabudowa zwarta,Usługi zdrowotne,Rekultywacja terenów
21,10_1,1,10,2,0,0,Przemysłowy,Przestrzenie publiczne,Zabudowa zwarta,Usługi zdrowotne,Rekultywacja terenów
21,14_1,1,10,2,0,0,Przemysłowy,Przestrzenie publiczne,Zabudowa zwarta,Usługi zdrowotne,Rekultywacja terenów
21,18_1,1,10,2,1,0,Przemysłowy,Przestrzenie publiczne,Zabudowa zwarta,Usługi zdrowotne,Rekultywacja terenów
21,22_1,1,10,2,1,0,Przemysłowy,Przestrzenie publiczne,Zabudowa zwarta,Usługi zdrowotne,Rekultywacja terenów
21,23_1,1,10,2,0,0,Przemysłowy,Przestrzenie publiczne,Zabudowa zwarta,Usługi zdrowotne,Rekultywacja terenów
21,27_1,1,10,2,0,0,Przemysłowy,Przestrzenie publiczne,Zabudowa zwarta,Usługi zdrowotne,Rekultywacja terenów
21,30_1,1,10,2,0,0,Przemysłowy,Przestrzenie publiczne,Zabudowa zwarta,Usługi zdrowotne,Rekultywacja terenów
21,34_1,1,10,2,0,0,Przemysłowy,Przestrzenie publiczne,Zabudowa zwarta,Usługi zdrowotne,Rekultywacja terenów
21,38_1,1,10,2,1,0,Przemysłowy,Przestrzenie publiczne,Zabudowa zwarta,Usługi zdrowotne,Rekultywacja terenów
21,41_1,1,10,2,0,0,Przemysłowy,Przestrzenie publiczne,Zabudowa zwarta,Usługi zdrowotne,Rekultywacja terenów
21,45_1,1,10,2,0,0,Przemysłowy,Przestrzenie publiczne,Zabudowa zwarta,Usługi zdrowotne,Rekultywacja terenów
21,49_1,1,10,2,0,0,Przemysłowy,Przestrzenie publiczne,Zabudowa zwarta,Usługi zdrowotne,Rekultywacja terenów
21,52_1,1,10,2,0,0,Przemysłowy,Przestrzenie publiczne,Zabudowa zwarta,Usługi zdrowotne,Rekultywacja terenów
21,57_1,1,10,2,0,0,Przemysłowy,Przestrzenie publiczne,Zabudowa zwarta,Usługi zdrowotne,Rekultywacja terenów
21,60_1,1,10,2,0,0,Przemysłowy,Przestrzenie publiczne,Zabudowa zwarta,Usługi zdrowotne,Rekultywacja terenów
21,64_1,1,10,2,0,0,Przemysłowy,Przestrzenie publiczne,Zabudowa zwarta,Usługi zdrowotne,Rekultywacja terenów
21,68_1,1,10,2,1,0,Przemysłowy,Przestrzenie publiczne,Zabudowa zwarta,Usługi zdrowotne,Rekultywacja terenów
21,71_1,1,10,2,0,0,Przemysłowy,Przestrzenie publiczne,Zabudowa zwarta,Usługi zdrowotne,Rekultywacja terenów
21,75_1,1,10,2,1,0,Przemysłowy,Przestrzenie publiczne,Zabudowa zwarta,Usługi zdrowotne,Rekultywacja terenów
21,78_1,1,10,2,0,0,Przemysłowy,Przestrzenie publiczne,Zabudowa zwarta,Usługi zdrowotne,Rekultywacja terenów
21,2_2,2,10,2,1,0,Przemysłowy,Przestrzenie publiczne,Zabudowa zwarta,Usługi zdrowotne,Rekultywacja terenów
21,5_2,2,10,2,1,0,Przemysłowy,Przestrzenie publiczne,Zabudowa zwarta,Usługi zdrowotne,Rekultywacja terenów
21,9_2,2,10,2,1,0,Przemysłowy,Przestrzenie publiczne,Zabudowa zwarta,Usługi zdrowotne,Rekultywacja terenów
21,13_2,2,10,2,0,0,Przemysłowy,Przestrzenie publiczne,Zabudowa zwarta,Usługi zdrowotne,Rekultywacja terenów
21,17_2,2,10,2,1,0,Przemysłowy,Przestrzenie publiczne,Zabudowa zwarta,Usługi zdrowotne,Rekultywacja terenów
21,21_2,2,10,2,1,0,Przemysłowy,Przestrzenie publiczne,Zabudowa zwarta,Usługi zdrowotne,Rekultywacja terenów
21,26_2,2,10,2,1,0,Przemysłowy,Przestrzenie publiczne,Zabudowa zwarta,Usługi zdrowotne,Rekultywacja terenów
21,33_2,2,10,2,1,0,Przemysłowy,Przestrzenie publiczne,Zabudowa zwarta,Usługi zdrowotne,Rekultywacja terenów
21,37_2,2,10,2,1,0,Przemysłowy,Przestrzenie publiczne,Zabudowa zwarta,Usługi zdrowotne,Rekultywacja terenów
21,40_2,2,10,2,0,0,Przemysłowy,Przestrzenie publiczne,Zabudowa zwarta,Usługi zdrowotne,Rekultywacja terenów
21,44_2,2,10,2,0,0,Przemysłowy,Przestrzenie publiczne,Zabudowa zwarta,Usługi zdrowotne,Rekultywacja terenów
21,48_2,2,10,2,0,0,Przemysłowy,Przestrzenie publiczne,Zabudowa zwarta,Usługi zdrowotne,Rekultywacja terenów
21,51_2,2,10,2,0,0,Przemysłowy,Przestrzenie publiczne,Zabudowa zwarta,Usługi zdrowotne,Rekultywacja terenów
21,55_2,2,10,2,0,0,Przemysłowy,Przestrzenie publiczne,Zabudowa zwarta,Usługi zdrowotne,Rekultywacja terenów
21,56_2,2,10,2,1,0,Przemysłowy,Przestrzenie publiczne,Zabudowa zwarta,Usługi zdrowotne,Rekultywacja terenów
21,63_2,2,10,2,1,0,Przemysłowy,Przestrzenie publiczne,Zabudowa zwarta,Usługi zdrowotne,Rekultywacja terenów
21,67_2,2,10,2,0,0,Przemysłowy,Przestrzenie publiczne,Zabudowa zwarta,Usługi zdrowotne,Rekultywacja terenów
21,70_2,2,10,2,0,0,Przemysłowy,Przestrzenie publiczne,Zabudowa zwarta,Usługi zdrowotne,Rekultywacja terenów
21,74_2,2,10,2,1,0,Przemysłowy,Przestrzenie publiczne,Zabudowa zwarta,Usługi zdrowotne,Rekultywacja terenów
21,3_3,3,10,1,1,0,Przemysłowy,Przestrzenie publiczne,Zabudowa zwarta,Usługi zdrowotne,Rekultywacja terenów
21,6_3,3,10,1,1,0,Przemysłowy,Przestrzenie publiczne,Zabudowa zwarta,Usługi zdrowotne,Rekultywacja terenów
21,8_3,3,10,1,0,0,Przemysłowy,Przestrzenie publiczne,Zabudowa zwarta,Usługi zdrowotne,Rekultywacja terenów
21,12_3,3,10,1,0,0,Przemysłowy,Przestrzenie publiczne,Zabudowa zwarta,Usługi zdrowotne,Rekultywacja terenów
21,16_3,3,10,1,0,0,Przemysłowy,Przestrzenie publiczne,Zabudowa zwarta,Usługi zdrowotne,Rekultywacja terenów
21,20_3,3,10,1,1,0,Przemysłowy,Przestrzenie publiczne,Zabudowa zwarta,Usługi zdrowotne,Rekultywacja terenów
21,25_3,3,10,1,1,0,Przemysłowy,Przestrzenie publiczne,Zabudowa zwarta,Usługi zdrowotne,Rekultywacja terenów
21,29_3,3,10,1,1,0,Przemysłowy,Przestrzenie publiczne,Zabudowa zwarta,Usługi zdrowotne,Rekultywacja terenów
21,32_3,3,10,1,0,0,Przemysłowy,Przestrzenie publiczne,Zabudowa zwarta,Usługi zdrowotne,Rekultywacja terenów
21,36_3,3,10,1,0,0,Przemysłowy,Przestrzenie publiczne,Zabudowa zwarta,Usługi zdrowotne,Rekultywacja terenów
21,43_3,3,10,1,0,0,Przemysłowy,Przestrzenie publiczne,Zabudowa zwarta,Usługi zdrowotne,Rekultywacja terenów
21,47_3,3,10,1,0,0,Przemysłowy,Przestrzenie publiczne,Zabudowa zwarta,Usługi zdrowotne,Rekultywacja terenów
21,50_3,3,10,1,0,0,Przemysłowy,Przestrzenie publiczne,Zabudowa zwarta,Usługi zdrowotne,Rekultywacja terenów
21,54_3,3,10,1,1,0,Przemysłowy,Przestrzenie publiczne,Zabudowa zwarta,Usługi zdrowotne,Rekultywacja terenów
21,59_3,3,10,1,0,0,Przemysłowy,Przestrzenie publiczne,Zabudowa zwarta,Usługi zdrowotne,Rekultywacja terenów
21,62_3,3,10,1,0,0,Przemysłowy,Przestrzenie publiczne,Zabudowa zwarta,Usługi zdrowotne,Rekultywacja terenów
21,66_3,3,10,1,0,0,Przemysłowy,Przestrzenie publiczne,Zabudowa zwarta,Usługi zdrowotne,Rekultywacja terenów
21,73_3,3,10,1,0,0,Przemysłowy,Przestrzenie publiczne,Zabudowa zwarta,Usługi zdrowotne,Rekultywacja terenów
21,1_4,4,11,2,1,0,Przemysłowy,Przestrzenie publiczne,Zabudowa zwarta,Usługi zdrowotne,Rekultywacja terenów
21,4_4,4,11,2,0,0,Przemysłowy,Przestrzenie publiczne,Zabudowa zwarta,Usługi zdrowotne,Rekultywacja terenów
21,11_4,4,11,2,0,0,Przemysłowy,Przestrzenie publiczne,Zabudowa zwarta,Usługi zdrowotne,Rekultywacja terenów
21,15_4,4,11,2,1,0,Przemysłowy,Przestrzenie publiczne,Zabudowa zwarta,Usługi zdrowotne,Rekultywacja terenów
21,19_4,4,11,2,0,0,Przemysłowy,Przestrzenie publiczne,Zabudowa zwarta,Usługi zdrowotne,Rekultywacja terenów
21,24_4,4,11,2,1,0,Przemysłowy,Przestrzenie publiczne,Zabudowa zwarta,Usługi zdrowotne,Rekultywacja terenów
21,28_4,4,11,2,0,0,Przemysłowy,Przestrzenie publiczne,Zabudowa zwarta,Usługi zdrowotne,Rekultywacja terenów
21,31_4,4,11,2,0,0,Przemysłowy,Przestrzenie publiczne,Zabudowa zwarta,Usługi zdrowotne,Rekultywacja terenów
21,35_4,4,11,2,1,0,Przemysłowy,Przestrzenie publiczne,Zabudowa zwarta,Usługi zdrowotne,Rekultywacja terenów
21,39_4,4,11,2,1,0,Przemysłowy,Przestrzenie publiczne,Zabudowa zwarta,Usługi zdrowotne,Rekultywacja terenów
21,42_4,4,11,2,1,0,Przemysłowy,Przestrzenie publiczne,Zabudowa zwarta,Usługi zdrowotne,Rekultywacja terenów
21,46_4,4,11,2,0,0,Przemysłowy,Przestrzenie publiczne,Zabudowa zwarta,Usługi zdrowotne,Rekultywacja terenów
21,53_4,4,11,2,0,0,Przemysłowy,Przestrzenie publiczne,Zabudowa zwarta,Usługi zdrowotne,Rekultywacja terenów
21,58_4,4,11,2,1,0,Przemysłowy,Przestrzenie publiczne,Zabudowa zwarta,Usługi zdrowotne,Rekultywacja terenów
21,61_4,4,11,2,0,0,Przemysłowy,Przestrzenie publiczne,Zabudowa zwarta,Usługi zdrowotne,Rekultywacja terenów
21,65_4,4,11,2,0,0,Przemysłowy,Przestrzenie publiczne,Zabudowa zwarta,Usługi zdrowotne,Rekultywacja terenów
21,69_4,4,11,2,0,0,Przemysłowy,Przestrzenie publiczne,Zabudowa zwarta,Usługi zdrowotne,Rekultywacja terenów
21,72_4,4,11,2,1,0,Przemysłowy,Przestrzenie publiczne,Zabudowa zwarta,Usługi zdrowotne,Rekultywacja terenów
21,76_4,4,11,2,1,0,Przemysłowy,Przestrzenie publiczne,Zabudowa zwarta,Usługi zdrowotne,Rekultywacja terenów
21,7_5,5,6,1,1,0,Przemysłowy,Przestrzenie publiczne,Zabudowa zwarta,Usługi zdrowotne,Rekultywacja terenów
21,10_5,5,6,1,0,0,Przemysłowy,Przestrzenie publiczne,Zabudowa zwarta,Usługi zdrowotne,Rekultywacja terenów
21,14_5,5,6,1,1,0,Przemysłowy,Przestrzenie publiczne,Zabudowa zwarta,Usługi zdrowotne,Rekultywacja terenów
21,18_5,5,6,1,0,0,Przemysłowy,Przestrzenie publiczne,Zabudowa zwarta,Usługi zdrowotne,Rekultywacja terenów
21,23_5,5,6,1,0,0,Przemysłowy,Przestrzenie publiczne,Zabudowa zwarta,Usługi zdrowotne,Rekultywacja terenów
21,27_5,5,6,1,1,0,Przemysłowy,Przestrzenie publiczne,Zabudowa zwarta,Usługi zdrowotne,Rekultywacja terenów
21,30_5,5,6,1,1,0,Przemysłowy,Przestrzenie publiczne,Zabudowa zwarta,Usługi zdrowotne,Rekultywacja terenów
21,34_5,5,6,1,1,0,Przemysłowy,Przestrzenie publiczne,Zabudowa zwarta,Usługi zdrowotne,Rekultywacja terenów
21,38_5,5,6,1,0,0,Przemysłowy,Przestrzenie publiczne,Zabudowa zwarta,Usługi zdrowotne,Rekultywacja terenów
21,41_5,5,6,1,0,0,Przemysłowy,Przestrzenie publiczne,Zabudowa zwarta,Usługi zdrowotne,Rekultywacja terenów
21,45_5,5,6,1,1,0,Przemysłowy,Przestrzenie publiczne,Zabudowa zwarta,Usługi zdrowotne,Rekultywacja terenów
21,49_5,5,6,1,1,0,Przemysłowy,Przestrzenie publiczne,Zabudowa zwarta,Usługi zdrowotne,Rekultywacja terenów
21,52_5,5,6,1,1,0,Przemysłowy,Przestrzenie publiczne,Zabudowa zwarta,Usługi zdrowotne,Rekultywacja terenów
21,57_5,5,6,1,0,0,Przemysłowy,Przestrzenie publiczne,Zabudowa zwarta,Usługi zdrowotne,Rekultywacja terenów
21,60_5,5,6,1,0,0,Przemysłowy,Przestrzenie publiczne,Zabudowa zwarta,Usługi zdrowotne,Rekultywacja terenów
21,64_5,5,6,1,1,0,Przemysłowy,Przestrzenie publiczne,Zabudowa zwarta,Usługi zdrowotne,Rekultywacja terenów
21,68_5,5,6,1,0,0,Przemysłowy,Przestrzenie publiczne,Zabudowa zwarta,Usługi zdrowotne,Rekultywacja terenów
21,71_5,5,6,1,1,0,Przemysłowy,Przestrzenie publiczne,Zabudowa zwarta,Usługi zdrowotne,Rekultywacja terenów
21,75_5,5,6,1,0,0,Przemysłowy,Przestrzenie publiczne,Zabudowa zwarta,Usługi zdrowotne,Rekultywacja terenów
22,7_1,1,2,1,0,0,Lokalny,Połączenia z Wrocławiem,Budynki wielorodzinne,Oferta kulturalna,Maksymalizacja zieleni
22,10_1,1,2,1,0,0,Lokalny,Połączenia z Wrocławiem,Budynki wielorodzinne,Oferta kulturalna,Maksymalizacja zieleni
22,14_1,1,2,1,0,0,Lokalny,Połączenia z Wrocławiem,Budynki wielorodzinne,Oferta kulturalna,Maksymalizacja zieleni
22,18_1,1,2,1,0,0,Lokalny,Połączenia z Wrocławiem,Budynki wielorodzinne,Oferta kulturalna,Maksymalizacja zieleni
22,22_1,1,2,1,0,0,Lokalny,Połączenia z Wrocławiem,Budynki wielorodzinne,Oferta kulturalna,Maksymalizacja zieleni
22,23_1,1,2,1,0,0,Lokalny,Połączenia z Wrocławiem,Budynki wielorodzinne,Oferta kulturalna,Maksymalizacja zieleni
22,27_1,1,2,1,0,0,Lokalny,Połączenia z Wrocławiem,Budynki wielorodzinne,Oferta kulturalna,Maksymalizacja zieleni
22,30_1,1,2,1,0,0,Lokalny,Połączenia z Wrocławiem,Budynki wielorodzinne,Oferta kulturalna,Maksymalizacja zieleni
22,34_1,1,2,1,1,0,Lokalny,Połączenia z Wrocławiem,Budynki wielorodzinne,Oferta kulturalna,Maksymalizacja zieleni
22,38_1,1,2,1,0,0,Lokalny,Połączenia z Wrocławiem,Budynki wielorodzinne,Oferta kulturalna,Maksymalizacja zieleni
22,41_1,1,2,1,0,0,Lokalny,Połączenia z Wrocławiem,Budynki wielorodzinne,Oferta kulturalna,Maksymalizacja zieleni
22,45_1,1,2,1,0,0,Lokalny,Połączenia z Wrocławiem,Budynki wielorodzinne,Oferta kulturalna,Maksymalizacja zieleni
22,49_1,1,2,1,1,0,Lokalny,Połączenia z Wrocławiem,Budynki wielorodzinne,Oferta kulturalna,Maksymalizacja zieleni
22,52_1,1,2,1,1,0,Lokalny,Połączenia z Wrocławiem,Budynki wielorodzinne,Oferta kulturalna,Maksymalizacja zieleni
22,57_1,1,2,1,0,0,Lokalny,Połączenia z Wrocławiem,Budynki wielorodzinne,Oferta kulturalna,Maksymalizacja zieleni
22,60_1,1,2,1,1,0,Lokalny,Połączenia z Wrocławiem,Budynki wielorodzinne,Oferta kulturalna,Maksymalizacja zieleni
22,64_1,1,2,1,0,0,Lokalny,Połączenia z Wrocławiem,Budynki wielorodzinne,Oferta kulturalna,Maksymalizacja zieleni
22,68_1,1,2,1,1,0,Lokalny,Połączenia z Wrocławiem,Budynki wielorodzinne,Oferta kulturalna,Maksymalizacja zieleni
22,71_1,1,2,1,0,0,Lokalny,Połączenia z Wrocławiem,Budynki wielorodzinne,Oferta kulturalna,Maksymalizacja zieleni
22,75_1,1,2,1,0,0,Lokalny,Połączenia z Wrocławiem,Budynki wielorodzinne,Oferta kulturalna,Maksymalizacja zieleni
22,78_1,1,2,1,1,0,Lokalny,Połączenia z Wrocławiem,Budynki wielorodzinne,Oferta kulturalna,Maksymalizacja zieleni
22,2_2,2,7,2,0,0,Lokalny,Połączenia z Wrocławiem,Budynki wielorodzinne,Oferta kulturalna,Maksymalizacja zieleni
22,5_2,2,7,2,0,0,Lokalny,Połączenia z Wrocławiem,Budynki wielorodzinne,Oferta kulturalna,Maksymalizacja zieleni
22,9_2,2,7,2,1,0,Lokalny,Połączenia z Wrocławiem,Budynki wielorodzinne,Oferta kulturalna,Maksymalizacja zieleni
22,13_2,2,7,2,0,0,Lokalny,Połączenia z Wrocławiem,Budynki wielorodzinne,Oferta kulturalna,Maksymalizacja zieleni
22,17_2,2,7,2,0,0,Lokalny,Połączenia z Wrocławiem,Budynki wielorodzinne,Oferta kulturalna,Maksymalizacja zieleni
22,21_2,2,7,2,0,0,Lokalny,Połączenia z Wrocławiem,Budynki wielorodzinne,Oferta kulturalna,Maksymalizacja zieleni
22,26_2,2,7,2,0,0,Lokalny,Połączenia z Wrocławiem,Budynki wielorodzinne,Oferta kulturalna,Maksymalizacja zieleni
22,33_2,2,7,2,1,0,Lokalny,Połączenia z Wrocławiem,Budynki wielorodzinne,Oferta kulturalna,Maksymalizacja zieleni
22,37_2,2,7,2,0,0,Lokalny,Połączenia z Wrocławiem,Budynki wielorodzinne,Oferta kulturalna,Maksymalizacja zieleni
22,40_2,2,7,2,1,0,Lokalny,Połączenia z Wrocławiem,Budynki wielorodzinne,Oferta kulturalna,Maksymalizacja zieleni
22,44_2,2,7,2,1,0,Lokalny,Połączenia z Wrocławiem,Budynki wielorodzinne,Oferta kulturalna,Maksymalizacja zieleni
22,48_2,2,7,2,1,0,Lokalny,Połączenia z Wrocławiem,Budynki wielorodzinne,Oferta kulturalna,Maksymalizacja zieleni
22,51_2,2,7,2,1,0,Lokalny,Połączenia z Wrocławiem,Budynki wielorodzinne,Oferta kulturalna,Maksymalizacja zieleni
22,55_2,2,7,2,1,0,Lokalny,Połączenia z Wrocławiem,Budynki wielorodzinne,Oferta kulturalna,Maksymalizacja zieleni
22,56_2,2,7,2,1,0,Lokalny,Połączenia z Wrocławiem,Budynki wielorodzinne,Oferta kulturalna,Maksymalizacja zieleni
22,63_2,2,7,2,0,0,Lokalny,Połączenia z Wrocławiem,Budynki wielorodzinne,Oferta kulturalna,Maksymalizacja zieleni
22,67_2,2,7,2,1,0,Lokalny,Połączenia z Wrocławiem,Budynki wielorodzinne,Oferta kulturalna,Maksymalizacja zieleni
22,70_2,2,7,2,0,0,Lokalny,Połączenia z Wrocławiem,Budynki wielorodzinne,Oferta kulturalna,Maksymalizacja zieleni
22,74_2,2,7,2,0,0,Lokalny,Połączenia z Wrocławiem,Budynki wielorodzinne,Oferta kulturalna,Maksymalizacja zieleni
22,3_3,3,4,1,0,0,Lokalny,Połączenia z Wrocławiem,Budynki wielorodzinne,Oferta kulturalna,Maksymalizacja zieleni
22,6_3,3,4,1,0,0,Lokalny,Połączenia z Wrocławiem,Budynki wielorodzinne,Oferta kulturalna,Maksymalizacja zieleni
22,8_3,3,4,1,1,0,Lokalny,Połączenia z Wrocławiem,Budynki wielorodzinne,Oferta kulturalna,Maksymalizacja zieleni
22,12_3,3,4,1,0,0,Lokalny,Połączenia z Wrocławiem,Budynki wielorodzinne,Oferta kulturalna,Maksymalizacja zieleni
22,16_3,3,4,1,1,0,Lokalny,Połączenia z Wrocławiem,Budynki wielorodzinne,Oferta kulturalna,Maksymalizacja zieleni
22,20_3,3,4,1,1,0,Lokalny,Połączenia z Wrocławiem,Budynki wielorodzinne,Oferta kulturalna,Maksymalizacja zieleni
22,25_3,3,4,1,1,0,Lokalny,Połączenia z Wrocławiem,Budynki wielorodzinne,Oferta kulturalna,Maksymalizacja zieleni
22,29_3,3,4,1,1,0,Lokalny,Połączenia z Wrocławiem,Budynki wielorodzinne,Oferta kulturalna,Maksymalizacja zieleni
22,32_3,3,4,1,1,0,Lokalny,Połączenia z Wrocławiem,Budynki wielorodzinne,Oferta kulturalna,Maksymalizacja zieleni
22,36_3,3,4,1,0,0,Lokalny,Połączenia z Wrocławiem,Budynki wielorodzinne,Oferta kulturalna,Maksymalizacja zieleni
22,43_3,3,4,1,0,0,Lokalny,Połączenia z Wrocławiem,Budynki wielorodzinne,Oferta kulturalna,Maksymalizacja zieleni
22,47_3,3,4,1,1,0,Lokalny,Połączenia z Wrocławiem,Budynki wielorodzinne,Oferta kulturalna,Maksymalizacja zieleni
22,50_3,3,4,1,1,0,Lokalny,Połączenia z Wrocławiem,Budynki wielorodzinne,Oferta kulturalna,Maksymalizacja zieleni
22,54_3,3,4,1,0,0,Lokalny,Połączenia z Wrocławiem,Budynki wielorodzinne,Oferta kulturalna,Maksymalizacja zieleni
22,59_3,3,4,1,0,0,Lokalny,Połączenia z Wrocławiem,Budynki wielorodzinne,Oferta kulturalna,Maksymalizacja zieleni
22,62_3,3,4,1,1,0,Lokalny,Połączenia z Wrocławiem,Budynki wielorodzinne,Oferta kulturalna,Maksymalizacja zieleni
22,66_3,3,4,1,0,0,Lokalny,Połączenia z Wrocławiem,Budynki wielorodzinne,Oferta kulturalna,Maksymalizacja zieleni
22,73_3,3,4,1,0,0,Lokalny,Połączenia z Wrocławiem,Budynki wielorodzinne,Oferta kulturalna,Maksymalizacja zieleni
22,1_4,4,9,1,0,0,Lokalny,Połączenia z Wrocławiem,Budynki wielorodzinne,Oferta kulturalna,Maksymalizacja zieleni
22,4_4,4,9,1,1,0,Lokalny,Połączenia z Wrocławiem,Budynki wielorodzinne,Oferta kulturalna,Maksymalizacja zieleni
22,11_4,4,9,1,0,0,Lokalny,Połączenia z Wrocławiem,Budynki wielorodzinne,Oferta kulturalna,Maksymalizacja zieleni
22,15_4,4,9,1,1,0,Lokalny,Połączenia z Wrocławiem,Budynki wielorodzinne,Oferta kulturalna,Maksymalizacja zieleni
22,19_4,4,9,1,1,0,Lokalny,Połączenia z Wrocławiem,Budynki wielorodzinne,Oferta kulturalna,Maksymalizacja zieleni
22,24_4,4,9,1,0,0,Lokalny,Połączenia z Wrocławiem,Budynki wielorodzinne,Oferta kulturalna,Maksymalizacja zieleni
22,28_4,4,9,1,0,0,Lokalny,Połączenia z Wrocławiem,Budynki wielorodzinne,Oferta kulturalna,Maksymalizacja zieleni
22,31_4,4,9,1,1,0,Lokalny,Połączenia z Wrocławiem,Budynki wielorodzinne,Oferta kulturalna,Maksymalizacja zieleni
22,35_4,4,9,1,1,0,Lokalny,Połączenia z Wrocławiem,Budynki wielorodzinne,Oferta kulturalna,Maksymalizacja zieleni
22,39_4,4,9,1,1,0,Lokalny,Połączenia z Wrocławiem,Budynki wielorodzinne,Oferta kulturalna,Maksymalizacja zieleni
22,42_4,4,9,1,1,0,Lokalny,Połączenia z Wrocławiem,Budynki wielorodzinne,Oferta kulturalna,Maksymalizacja zieleni
22,46_4,4,9,1,0,0,Lokalny,Połączenia z Wrocławiem,Budynki wielorodzinne,Oferta kulturalna,Maksymalizacja zieleni
22,53_4,4,9,1,0,0,Lokalny,Połączenia z Wrocławiem,Budynki wielorodzinne,Oferta kulturalna,Maksymalizacja zieleni
22,58_4,4,9,1,0,0,Lokalny,Połączenia z Wrocławiem,Budynki wielorodzinne,Oferta kulturalna,Maksymalizacja zieleni
22,61_4,4,9,1,1,0,Lokalny,Połączenia z Wrocławiem,Budynki wielorodzinne,Oferta kulturalna,Maksymalizacja zieleni
22,65_4,4,9,1,0,0,Lokalny,Połączenia z Wrocławiem,Budynki wielorodzinne,Oferta kulturalna,Maksymalizacja zieleni
22,69_4,4,9,1,1,0,Lokalny,Połączenia z Wrocławiem,Budynki wielorodzinne,Oferta kulturalna,Maksymalizacja zieleni
22,72_4,4,9,1,0,0,Lokalny,Połączenia z Wrocławiem,Budynki wielorodzinne,Oferta kulturalna,Maksymalizacja zieleni
22,76_4,4,9,1,0,0,Lokalny,Połączenia z Wrocławiem,Budynki wielorodzinne,Oferta kulturalna,Maksymalizacja zieleni
22,7_5,5,1,2,0,0,Lokalny,Połączenia z Wrocławiem,Budynki wielorodzinne,Oferta kulturalna,Maksymalizacja zieleni
22,10_5,5,1,2,1,0,Lokalny,Połączenia z Wrocławiem,Budynki wielorodzinne,Oferta kulturalna,Maksymalizacja zieleni
22,14_5,5,1,2,0,0,Lokalny,Połączenia z Wrocławiem,Budynki wielorodzinne,Oferta kulturalna,Maksymalizacja zieleni
22,18_5,5,1,2,0,0,Lokalny,Połączenia z Wrocławiem,Budynki wielorodzinne,Oferta kulturalna,Maksymalizacja zieleni
22,23_5,5,1,2,0,0,Lokalny,Połączenia z Wrocławiem,Budynki wielorodzinne,Oferta kulturalna,Maksymalizacja zieleni
22,27_5,5,1,2,0,0,Lokalny,Połączenia z Wrocławiem,Budynki wielorodzinne,Oferta kulturalna,Maksymalizacja zieleni
22,30_5,5,1,2,1,0,Lokalny,Połączenia z Wrocławiem,Budynki wielorodzinne,Oferta kulturalna,Maksymalizacja zieleni
22,34_5,5,1,2,1,0,Lokalny,Połączenia z Wrocławiem,Budynki wielorodzinne,Oferta kulturalna,Maksymalizacja zieleni
22,38_5,5,1,2,1,0,Lokalny,Połączenia z Wrocławiem,Budynki wielorodzinne,Oferta kulturalna,Maksymalizacja zieleni
22,41_5,5,1,2,1,0,Lokalny,Połączenia z Wrocławiem,Budynki wielorodzinne,Oferta kulturalna,Maksymalizacja zieleni
22,45_5,5,1,2,1,0,Lokalny,Połączenia z Wrocławiem,Budynki wielorodzinne,Oferta kulturalna,Maksymalizacja zieleni
22,49_5,5,1,2,1,0,Lokalny,Połączenia z Wrocławiem,Budynki wielorodzinne,Oferta kulturalna,Maksymalizacja zieleni
22,52_5,5,1,2,1,0,Lokalny,Połączenia z Wrocławiem,Budynki wielorodzinne,Oferta kulturalna,Maksymalizacja zieleni
22,57_5,5,1,2,0,0,Lokalny,Połączenia z Wrocławiem,Budynki wielorodzinne,Oferta kulturalna,Maksymalizacja zieleni
22,60_5,5,1,2,0,0,Lokalny,Połączenia z Wrocławiem,Budynki wielorodzinne,Oferta kulturalna,Maksymalizacja zieleni
22,64_5,5,1,2,0,0,Lokalny,Połączenia z Wrocławiem,Budynki wielorodzinne,Oferta kulturalna,Maksymalizacja zieleni
22,68_5,5,1,2,0,0,Lokalny,Połączenia z Wrocławiem,Budynki wielorodzinne,Oferta kulturalna,Maksymalizacja zieleni
22,71_5,5,1,2,1,0,Lokalny,Połączenia z Wrocławiem,Budynki wielorodzinne,Oferta kulturalna,Maksymalizacja zieleni
22,75_5,5,1,2,1,0,Lokalny,Połączenia z Wrocławiem,Budynki wielorodzinne,Oferta kulturalna,Maksymalizacja zieleni
23,7_1,1,6,2,0,0,Specjalistyczny,Tereny przemysłowe,Rewitalizacja,Partycypacja społeczna,Zrównoważone podejście
23,10_1,1,6,2,0,0,Specjalistyczny,Tereny przemysłowe,Rewitalizacja,Partycypacja społeczna,Zrównoważone podejście
23,14_1,1,6,2,0,0,Specjalistyczny,Tereny przemysłowe,Rewitalizacja,Partycypacja społeczna,Zrównoważone podejście
23,18_1,1,6,2,0,0,Specjalistyczny,Tereny przemysłowe,Rewitalizacja,Partycypacja społeczna,Zrównoważone podejście
23,22_1,1,6,2,1,0,Specjalistyczny,Tereny przemysłowe,Rewitalizacja,Partycypacja społeczna,Zrównoważone podejście
23,23_1,1,6,2,0,0,Specjalistyczny,Tereny przemysłowe,Rewitalizacja,Partycypacja społeczna,Zrównoważone podejście
23,27_1,1,6,2,1,0,Specjalistyczny,Tereny przemysłowe,Rewitalizacja,Partycypacja społeczna,Zrównoważone podejście
23,30_1,1,6,2,1,0,Specjalistyczny,Tereny przemysłowe,Rewitalizacja,Partycypacja społeczna,Zrównoważone podejście
23,34_1,1,6,2,1,0,Specjalistyczny,Tereny przemysłowe,Rewitalizacja,Partycypacja społeczna,Zrównoważone podejście
23,38_1,1,6,2,1,0,Specjalistyczny,Tereny przemysłowe,Rewitalizacja,Partycypacja społeczna,Zrównoważone podejście
23,41_1,1,6,2,1,0,Specjalistyczny,Tereny przemysłowe,Rewitalizacja,Partycypacja społeczna,Zrównoważone podejście
23,45_1,1,6,2,1,0,Specjalistyczny,Tereny przemysłowe,Rewitalizacja,Partycypacja społeczna,Zrównoważone podejście
23,49_1,1,6,2,0,0,Specjalistyczny,Tereny przemysłowe,Rewitalizacja,Partycypacja społeczna,Zrównoważone podejście
23,52_1,1,6,2,1,0,Specjalistyczny,Tereny przemysłowe,Rewitalizacja,Partycypacja społeczna,Zrównoważone podejście
23,57_1,1,6,2,0,0,Specjalistyczny,Tereny przemysłowe,Rewitalizacja,Partycypacja społeczna,Zrównoważone podejście
23,60_1,1,6,2,1,0,Specjalistyczny,Tereny przemysłowe,Rewitalizacja,Partycypacja społeczna,Zrównoważone podejście
23,64_1,1,6,2,0,0,Specjalistyczny,Tereny przemysłowe,Rewitalizacja,Partycypacja społeczna,Zrównoważone podejście
23,68_1,1,6,2,0,0,Specjalistyczny,Tereny przemysłowe,Rewitalizacja,Partycypacja społeczna,Zrównoważone podejście
23,71_1,1,6,2,0,0,Specjalistyczny,Tereny przemysłowe,Rewitalizacja,Partycypacja społeczna,Zrównoważone podejście
23,75_1,1,6,2,1,0,Specjalistyczny,Tereny przemysłowe,Rewitalizacja,Partycypacja społeczna,Zrównoważone podejście
23,78_1,1,6,2,0,0,Specjalistyczny,Tereny przemysłowe,Rewitalizacja,Partycypacja społeczna,Zrównoważone podejście
23,2_2,2,5,1,1,0,Specjalistyczny,Tereny przemysłowe,Rewitalizacja,Partycypacja społeczna,Zrównoważone podejście
23,5_2,2,5,1,0,0,Specjalistyczny,Tereny przemysłowe,Rewitalizacja,Partycypacja społeczna,Zrównoważone podejście
23,9_2,2,5,1,0,0,Specjalistyczny,Tereny przemysłowe,Rewitalizacja,Partycypacja społeczna,Zrównoważone podejście
23,13_2,2,5,1,0,0,Specjalistyczny,Tereny przemysłowe,Rewitalizacja,Partycypacja społeczna,Zrównoważone podejście
23,17_2,2,5,1,0,0,Specjalistyczny,Tereny przemysłowe,Rewitalizacja,Partycypacja społeczna,Zrównoważone podejście
23,21_2,2,5,1,0,0,Specjalistyczny,Tereny przemysłowe,Rewitalizacja,Partycypacja społeczna,Zrównoważone podejście
23,26_2,2,5,1,1,0,Specjalistyczny,Tereny przemysłowe,Rewitalizacja,Partycypacja społeczna,Zrównoważone podejście
23,33_2,2,5,1,0,0,Specjalistyczny,Tereny przemysłowe,Rewitalizacja,Partycypacja społeczna,Zrównoważone podejście
23,37_2,2,5,1,1,0,Specjalistyczny,Tereny przemysłowe,Rewitalizacja,Partycypacja społeczna,Zrównoważone podejście
23,40_2,2,5,1,0,0,Specjalistyczny,Tereny przemysłowe,Rewitalizacja,Partycypacja społeczna,Zrównoważone podejście
23,44_2,2,5,1,0,0,Specjalistyczny,Tereny przemysłowe,Rewitalizacja,Partycypacja społeczna,Zrównoważone podejście
23,48_2,2,5,1,1,0,Specjalistyczny,Tereny przemysłowe,Rewitalizacja,Partycypacja społeczna,Zrównoważone podejście
23,51_2,2,5,1,1,0,Specjalistyczny,Tereny przemysłowe,Rewitalizacja,Partycypacja społeczna,Zrównoważone podejście
23,55_2,2,5,1,0,0,Specjalistyczny,Tereny przemysłowe,Rewitalizacja,Partycypacja społeczna,Zrównoważone podejście
23,56_2,2,5,1,0,0,Specjalistyczny,Tereny przemysłowe,Rewitalizacja,Partycypacja społeczna,Zrównoważone podejście
23,63_2,2,5,1,1,0,Specjalistyczny,Tereny przemysłowe,Rewitalizacja,Partycypacja społeczna,Zrównoważone podejście
23,67_2,2,5,1,0,0,Specjalistyczny,Tereny przemysłowe,Rewitalizacja,Partycypacja społeczna,Zrównoważone podejście
23,70_2,2,5,1,1,0,Specjalistyczny,Tereny przemysłowe,Rewitalizacja,Partycypacja społeczna,Zrównoważone podejście
23,74_2,2,5,1,1,0,Specjalistyczny,Tereny przemysłowe,Rewitalizacja,Partycypacja społeczna,Zrównoważone podejście
23,3_3,3,7,2,0,0,Specjalistyczny,Tereny przemysłowe,Rewitalizacja,Partycypacja społeczna,Zrównoważone podejście
23,6_3,3,7,2,1,0,Specjalistyczny,Tereny przemysłowe,Rewitalizacja,Partycypacja społeczna,Zrównoważone podejście
23,8_3,3,7,2,0,0,Specjalistyczny,Tereny przemysłowe,Rewitalizacja,Partycypacja społeczna,Zrównoważone podejście
23,12_3,3,7,2,1,0,Specjalistyczny,Tereny przemysłowe,Rewitalizacja,Partycypacja społeczna,Zrównoważone podejście
23,16_3,3,7,2,0,0,Specjalistyczny,Tereny przemysłowe,Rewitalizacja,Partycypacja społeczna,Zrównoważone podejście
23,20_3,3,7,2,0,0,Specjalistyczny,Tereny przemysłowe,Rewitalizacja,Partycypacja społeczna,Zrównoważone podejście
23,25_3,3,7,2,1,0,Specjalistyczny,Tereny przemysłowe,Rewitalizacja,Partycypacja społeczna,Zrównoważone podejście
23,29_3,3,7,2,1,0,Specjalistyczny,Tereny przemysłowe,Rewitalizacja,Partycypacja społeczna,Zrównoważone podejście
23,32_3,3,7,2,0,0,Specjalistyczny,Tereny przemysłowe,Rewitalizacja,Partycypacja społeczna,Zrównoważone podejście
23,36_3,3,7,2,1,0,Specjalistyczny,Tereny przemysłowe,Rewitalizacja,Partycypacja społeczna,Zrównoważone podejście
23,43_3,3,7,2,1,0,Specjalistyczny,Tereny przemysłowe,Rewitalizacja,Partycypacja społeczna,Zrównoważone podejście
23,47_3,3,7,2,0,0,Specjalistyczny,Tereny przemysłowe,Rewitalizacja,Partycypacja społeczna,Zrównoważone podejście
23,50_3,3,7,2,0,0,Specjalistyczny,Tereny przemysłowe,Rewitalizacja,Partycypacja społeczna,Zrównoważone podejście
23,54_3,3,7,2,0,0,Specjalistyczny,Tereny przemysłowe,Rewitalizacja,Partycypacja społeczna,Zrównoważone podejście
23,59_3,3,7,2,1,0,Specjalistyczny,Tereny przemysłowe,Rewitalizacja,Partycypacja społeczna,Zrównoważone podejście
23,62_3,3,7,2,0,0,Specjalistyczny,Tereny przemysłowe,Rewitalizacja,Partycypacja społeczna,Zrównoważone podejście
23,66_3,3,7,2,1,0,Specjalistyczny,Tereny przemysłowe,Rewitalizacja,Partycypacja społeczna,Zrównoważone podejście
23,73_3,3,7,2,0,0,Specjalistyczny,Tereny przemysłowe,Rewitalizacja,Partycypacja społeczna,Zrównoważone podejście
23,1_4,4,1,1,0,0,Specjalistyczny,Tereny przemysłowe,Rewitalizacja,Partycypacja społeczna,Zrównoważone podejście
23,4_4,4,1,1,1,0,Specjalistyczny,Tereny przemysłowe,Rewitalizacja,Partycypacja społeczna,Zrównoważone podejście
23,11_4,4,1,1,0,0,Specjalistyczny,Tereny przemysłowe,Rewitalizacja,Partycypacja społeczna,Zrównoważone podejście
23,15_4,4,1,1,1,0,Specjalistyczny,Tereny przemysłowe,Rewitalizacja,Partycypacja społeczna,Zrównoważone podejście
23,19_4,4,1,1,0,0,Specjalistyczny,Tereny przemysłowe,Rewitalizacja,Partycypacja społeczna,Zrównoważone podejście
23,24_4,4,1,1,0,0,Specjalistyczny,Tereny przemysłowe,Rewitalizacja,Partycypacja społeczna,Zrównoważone podejście
23,28_4,4,1,1,1,0,Specjalistyczny,Tereny przemysłowe,Rewitalizacja,Partycypacja społeczna,Zrównoważone podejście
23,31_4,4,1,1,0,0,Specjalistyczny,Tereny przemysłowe,Rewitalizacja,Partycypacja społeczna,Zrównoważone podejście
23,35_4,4,1,1,1,0,Specjalistyczny,Tereny przemysłowe,Rewitalizacja,Partycypacja społeczna,Zrównoważone podejście
23,39_4,4,1,1,0,0,Specjalistyczny,Tereny przemysłowe,Rewitalizacja,Partycypacja społeczna,Zrównoważone podejście
23,42_4,4,1,1,0,0,Specjalistyczny,Tereny przemysłowe,Rewitalizacja,Partycypacja społeczna,Zrównoważone podejście
23,46_4,4,1,1,1,0,Specjalistyczny,Tereny przemysłowe,Rewitalizacja,Partycypacja społeczna,Zrównoważone podejście
23,53_4,4,1,1,0,0,Specjalistyczny,Tereny przemysłowe,Rewitalizacja,Partycypacja społeczna,Zrównoważone podejście
23,58_4,4,1,1,1,0,Specjalistyczny,Tereny przemysłowe,Rewitalizacja,Partycypacja społeczna,Zrównoważone podejście
23,61_4,4,1,1,0,0,Specjalistyczny,Tereny przemysłowe,Rewitalizacja,Partycypacja społeczna,Zrównoważone podejście
23,65_4,4,1,1,0,0,Specjalistyczny,Tereny przemysłowe,Rewitalizacja,Partycypacja społeczna,Zrównoważone podejście
23,69_4,4,1,1,1,0,Specjalistyczny,Tereny przemysłowe,Rewitalizacja,Partycypacja społeczna,Zrównoważone podejście
23,72_4,4,1,1,1,0,Specjalistyczny,Tereny przemysłowe,Rewitalizacja,Partycypacja społeczna,Zrównoważone podejście
23,76_4,4,1,1,0,0,Specjalistyczny,Tereny przemysłowe,Rewitalizacja,Partycypacja społeczna,Zrównoważone podejście
23,7_5,5,9,2,0,0,Specjalistyczny,Tereny przemysłowe,Rewitalizacja,Partycypacja społeczna,Zrównoważone podejście
23,10_5,5,9,2,1,0,Specjalistyczny,Tereny przemysłowe,Rewitalizacja,Partycypacja społeczna,Zrównoważone podejście
23,14_5,5,9,2,0,0,Specjalistyczny,Tereny przemysłowe,Rewitalizacja,Partycypacja społeczna,Zrównoważone podejście
23,18_5,5,9,2,0,0,Specjalistyczny,Tereny przemysłowe,Rewitalizacja,Partycypacja społeczna,Zrównoważone podejście
23,23_5,5,9,2,0,0,Specjalistyczny,Tereny przemysłowe,Rewitalizacja,Partycypacja społeczna,Zrównoważone podejście
23,27_5,5,9,2,0,0,Specjalistyczny,Tereny przemysłowe,Rewitalizacja,Partycypacja społeczna,Zrównoważone podejście
23,30_5,5,9,2,1,0,Specjalistyczny,Tereny przemysłowe,Rewitalizacja,Partycypacja społeczna,Zrównoważone podejście
23,34_5,5,9,2,1,0,Specjalistyczny,Tereny przemysłowe,Rewitalizacja,Partycypacja społeczna,Zrównoważone podejście
23,38_5,5,9,2,0,0,Specjalistyczny,Tereny przemysłowe,Rewitalizacja,Partycypacja społeczna,Zrównoważone podejście
23,41_5,5,9,2,1,0,Specjalistyczny,Tereny przemysłowe,Rewitalizacja,Partycypacja społeczna,Zrównoważone podejście
23,45_5,5,9,2,1,0,Specjalistyczny,Tereny przemysłowe,Rewitalizacja,Partycypacja społeczna,Zrównoważone podejście
23,49_5,5,9,2,1,0,Specjalistyczny,Tereny przemysłowe,Rewitalizacja,Partycypacja społeczna,Zrównoważone podejście
23,52_5,5,9,2,1,0,Specjalistyczny,Tereny przemysłowe,Rewitalizacja,Partycypacja społeczna,Zrównoważone podejście
23,57_5,5,9,2,1,0,Specjalistyczny,Tereny przemysłowe,Rewitalizacja,Partycypacja społeczna,Zrównoważone podejście
23,60_5,5,9,2,0,0,Specjalistyczny,Tereny przemysłowe,Rewitalizacja,Partycypacja społeczna,Zrównoważone podejście
23,64_5,5,9,2,0,0,Specjalistyczny,Tereny przemysłowe,Rewitalizacja,Partycypacja społeczna,Zrównoważone podejście
23,68_5,5,9,2,0,0,Specjalistyczny,Tereny przemysłowe,Rewitalizacja,Partycypacja społeczna,Zrównoważone podejście
23,71_5,5,9,2,1,0,Specjalistyczny,Tereny przemysłowe,Rewitalizacja,Partycypacja społeczna,Zrównoważone podejście
23,75_5,5,9,2,0,0,Specjalistyczny,Tereny przemysłowe,Rewitalizacja,Partycypacja społeczna,Zrównoważone podejście
24,7_1,1,8,1,1,0,Rezydencjalny,Obiekty usługowe,Zabudowa zwarta,Młode rodziny,Priorytet gospodarczy
24,10_1,1,8,1,0,0,Rezydencjalny,Obiekty usługowe,Zabudowa zwarta,Młode rodziny,Priorytet gospodarczy
24,14_1,1,8,1,1,0,Rezydencjalny,Obiekty usługowe,Zabudowa zwarta,Młode rodziny,Priorytet gospodarczy
24,18_1,1,8,1,0,0,Rezydencjalny,Obiekty usługowe,Zabudowa zwarta,Młode rodziny,Priorytet gospodarczy
24,22_1,1,8,1,1,0,Rezydencjalny,Obiekty usługowe,Zabudowa zwarta,Młode rodziny,Priorytet gospodarczy
24,23_1,1,8,1,0,0,Rezydencjalny,Obiekty usługowe,Zabudowa zwarta,Młode rodziny,Priorytet gospodarczy
24,27_1,1,8,1,1,0,Rezydencjalny,Obiekty usługowe,Zabudowa zwarta,Młode rodziny,Priorytet gospodarczy
24,30_1,1,8,1,0,0,Rezydencjalny,Obiekty usługowe,Zabudowa zwarta,Młode rodziny,Priorytet gospodarczy
24,34_1,1,8,1,0,0,Rezydencjalny,Obiekty usługowe,Zabudowa zwarta,Młode rodziny,Priorytet gospodarczy
24,38_1,1,8,1,1,0,Rezydencjalny,Obiekty usługowe,Zabudowa zwarta,Młode rodziny,Priorytet gospodarczy
24,41_1,1,8,1,1,0,Rezydencjalny,Obiekty usługowe,Zabudowa zwarta,Młode rodziny,Priorytet gospodarczy
24,45_1,1,8,1,0,0,Rezydencjalny,Obiekty usługowe,Zabudowa zwarta,Młode rodziny,Priorytet gospodarczy
24,49_1,1,8,1,0,0,Rezydencjalny,Obiekty usługowe,Zabudowa zwarta,Młode rodziny,Priorytet gospodarczy
24,52_1,1,8,1,1,0,Rezydencjalny,Obiekty usługowe,Zabudowa zwarta,Młode rodziny,Priorytet gospodarczy
24,57_1,1,8,1,0,0,Rezydencjalny,Obiekty usługowe,Zabudowa zwarta,Młode rodziny,Priorytet gospodarczy
24,60_1,1,8,1,0,0,Rezydencjalny,Obiekty usługowe,Zabudowa zwarta,Młode rodziny,Priorytet gospodarczy
24,64_1,1,8,1,0,0,Rezydencjalny,Obiekty usługowe,Zabudowa zwarta,Młode rodziny,Priorytet gospodarczy
24,68_1,1,8,1,0,0,Rezydencjalny,Obiekty usługowe,Zabudowa zwarta,Młode rodziny,Priorytet gospodarczy
24,71_1,1,8,1,0,0,Rezydencjalny,Obiekty usługowe,Zabudowa zwarta,Młode rodziny,Priorytet gospodarczy
24,75_1,1,8,1,0,0,Rezydencjalny,Obiekty usługowe,Zabudowa zwarta,Młode rodziny,Priorytet gospodarczy
24,78_1,1,8,1,1,0,Rezydencjalny,Obiekty usługowe,Zabudowa zwarta,Młode rodziny,Priorytet gospodarczy
24,2_2,2,3,2,0,0,Rezydencjalny,Obiekty usługowe,Zabudowa zwarta,Młode rodziny,Priorytet gospodarczy
24,5_2,2,3,2,1,0,Rezydencjalny,Obiekty usługowe,Zabudowa zwarta,Młode rodziny,Priorytet gospodarczy
24,9_2,2,3,2,1,0,Rezydencjalny,Obiekty usługowe,Zabudowa zwarta,Młode rodziny,Priorytet gospodarczy
24,13_2,2,3,2,0,0,Rezydencjalny,Obiekty usługowe,Zabudowa zwarta,Młode rodziny,Priorytet gospodarczy
24,17_2,2,3,2,0,0,Rezydencjalny,Obiekty usługowe,Zabudowa zwarta,Młode rodziny,Priorytet gospodarczy
24,21_2,2,3,2,1,0,Rezydencjalny,Obiekty usługowe,Zabudowa zwarta,Młode rodziny,Priorytet gospodarczy
24,26_2,2,3,2,0,0,Rezydencjalny,Obiekty usługowe,Zabudowa zwarta,Młode rodziny,Priorytet gospodarczy
24,33_2,2,3,2,1,0,Rezydencjalny,Obiekty usługowe,Zabudowa zwarta,Młode rodziny,Priorytet gospodarczy
24,37_2,2,3,2,0,0,Rezydencjalny,Obiekty usługowe,Zabudowa zwarta,Młode rodziny,Priorytet gospodarczy
24,40_2,2,3,2,1,0,Rezydencjalny,Obiekty usługowe,Zabudowa zwarta,Młode rodziny,Priorytet gospodarczy
24,44_2,2,3,2,1,0,Rezydencjalny,Obiekty usługowe,Zabudowa zwarta,Młode rodziny,Priorytet gospodarczy
24,48_2,2,3,2,1,0,Rezydencjalny,Obiekty usługowe,Zabudowa zwarta,Młode rodziny,Priorytet gospodarczy
24,51_2,2,3,2,0,0,Rezydencjalny,Obiekty usługowe,Zabudowa zwarta,Młode rodziny,Priorytet gospodarczy
24,55_2,2,3,2,1,0,Rezydencjalny,Obiekty usługowe,Zabudowa zwarta,Młode rodziny,Priorytet gospodarczy
24,56_2,2,3,2,1,0,Rezydencjalny,Obiekty usługowe,Zabudowa zwarta,Młode rodziny,Priorytet gospodarczy
24,63_2,2,3,2,0,0,Rezydencjalny,Obiekty usługowe,Zabudowa zwarta,Młode rodziny,Priorytet gospodarczy
24,67_2,2,3,2,1,0,Rezydencjalny,Obiekty usługowe,Zabudowa zwarta,Młode rodziny,Priorytet gospodarczy
24,70_2,2,3,2,0,0,Rezydencjalny,Obiekty usługowe,Zabudowa zwarta,Młode rodziny,Priorytet gospodarczy
24,74_2,2,3,2,1,0,Rezydencjalny,Obiekty usługowe,Zabudowa zwarta,Młode rodziny,Priorytet gospodarczy
24,3_3,3,2,1,1,0,Rezydencjalny,Obiekty usługowe,Zabudowa zwarta,Młode rodziny,Priorytet gospodarczy
24,6_3,3,2,1,0,0,Rezydencjalny,Obiekty usługowe,Zabudowa zwarta,Młode rodziny,Priorytet gospodarczy
24,8_3,3,2,1,0,0,Rezydencjalny,Obiekty usługowe,Zabudowa zwarta,Młode rodziny,Priorytet gospodarczy
24,12_3,3,2,1,1,0,Rezydencjalny,Obiekty usługowe,Zabudowa zwarta,Młode rodziny,Priorytet gospodarczy
24,16_3,3,2,1,1,0,Rezydencjalny,Obiekty usługowe,Zabudowa zwarta,Młode rodziny,Priorytet gospodarczy
24,20_3,3,2,1,0,0,Rezydencjalny,Obiekty usługowe,Zabudowa zwarta,Młode rodziny,Priorytet gospodarczy
24,25_3,3,2,1,0,0,Rezydencjalny,Obiekty usługowe,Zabudowa zwarta,Młode rodziny,Priorytet gospodarczy
24,29_3,3,2,1,1,0,Rezydencjalny,Obiekty usługowe,Zabudowa zwarta,Młode rodziny,Priorytet gospodarczy
24,32_3,3,2,1,0,0,Rezydencjalny,Obiekty usługowe,Zabudowa zwarta,Młode rodziny,Priorytet gospodarczy
24,36_3,3,2,1,0,0,Rezydencjalny,Obiekty usługowe,Zabudowa zwarta,Młode rodziny,Priorytet gospodarczy
24,43_3,3,2,1,0,0,Rezydencjalny,Obiekty usługowe,Zabudowa zwarta,Młode rodziny,Priorytet gospodarczy
24,47_3,3,2,1,0,0,Rezydencjalny,Obiekty usługowe,Zabudowa zwarta,Młode rodziny,Priorytet gospodarczy
24,50_3,3,2,1,1,0,Rezydencjalny,Obiekty usługowe,Zabudowa zwarta,Młode rodziny,Priorytet gospodarczy
24,54_3,3,2,1,1,0,Rezydencjalny,Obiekty usługowe,Zabudowa zwarta,Młode rodziny,Priorytet gospodarczy
24,59_3,3,2,1,0,0,Rezydencjalny,Obiekty usługowe,Zabudowa zwarta,Młode rodziny,Priorytet gospodarczy
24,62_3,3,2,1,1,0,Rezydencjalny,Obiekty usługowe,Zabudowa zwarta,Młode rodziny,Priorytet gospodarczy
24,66_3,3,2,1,0,0,Rezydencjalny,Obiekty usługowe,Zabudowa zwarta,Młode rodziny,Priorytet gospodarczy
24,73_3,3,2,1,0,0,Rezydencjalny,Obiekty usługowe,Zabudowa zwarta,Młode rodziny,Priorytet gospodarczy
24,1_4,4,6,1,1,0,Rezydencjalny,Obiekty usługowe,Zabudowa zwarta,Młode rodziny,Priorytet gospodarczy
24,4_4,4,6,1,1,0,Rezydencjalny,Obiekty usługowe,Zabudowa zwarta,Młode rodziny,Priorytet gospodarczy
24,11_4,4,6,1,1,0,Rezydencjalny,Obiekty usługowe,Zabudowa zwarta,Młode rodziny,Priorytet gospodarczy
24,15_4,4,6,1,0,0,Rezydencjalny,Obiekty usługowe,Zabudowa zwarta,Młode rodziny,Priorytet gospodarczy
24,19_4,4,6,1,0,0,Rezydencjalny,Obiekty usługowe,Zabudowa zwarta,Młode rodziny,Priorytet gospodarczy
24,24_4,4,6,1,1,0,Rezydencjalny,Obiekty usługowe,Zabudowa zwarta,Młode rodziny,Priorytet gospodarczy
24,28_4,4,6,1,1,0,Rezydencjalny,Obiekty usługowe,Zabudowa zwarta,Młode rodziny,Priorytet gospodarczy
24,31_4,4,6,1,0,0,Rezydencjalny,Obiekty usługowe,Zabudowa zwarta,Młode rodziny,Priorytet gospodarczy
24,35_4,4,6,1,0,0,Rezydencjalny,Obiekty usługowe,Zabudowa zwarta,Młode rodziny,Priorytet gospodarczy
24,39_4,4,6,1,0,0,Rezydencjalny,Obiekty usługowe,Zabudowa zwarta,Młode rodziny,Priorytet gospodarczy
24,42_4,4,6,1,0,0,Rezydencjalny,Obiekty usługowe,Zabudowa zwarta,Młode rodziny,Priorytet gospodarczy
24,46_4,4,6,1,1,0,Rezydencjalny,Obiekty usługowe,Zabudowa zwarta,Młode rodziny,Priorytet gospodarczy
24,53_4,4,6,1,0,0,Rezydencjalny,Obiekty usługowe,Zabudowa zwarta,Młode rodziny,Priorytet gospodarczy
24,58_4,4,6,1,1,0,Rezydencjalny,Obiekty usługowe,Zabudowa zwarta,Młode rodziny,Priorytet gospodarczy
24,61_4,4,6,1,0,0,Rezydencjalny,Obiekty usługowe,Zabudowa zwarta,Młode rodziny,Priorytet gospodarczy
24,65_4,4,6,1,1,0,Rezydencjalny,Obiekty usługowe,Zabudowa zwarta,Młode rodziny,Priorytet gospodarczy
24,69_4,4,6,1,0,0,Rezydencjalny,Obiekty usługowe,Zabudowa zwarta,Młode rodziny,Priorytet gospodarczy
24,72_4,4,6,1,1,0,Rezydencjalny,Obiekty usługowe,Zabudowa zwarta,Młode rodziny,Priorytet gospodarczy
24,76_4,4,6,1,1,0,Rezydencjalny,Obiekty usługowe,Zabudowa zwarta,Młode rodziny,Priorytet gospodarczy
24,7_5,5,4,2,0,0,Rezydencjalny,Obiekty usługowe,Zabudowa zwarta,Młode rodziny,Priorytet gospodarczy
24,10_5,5,4,2,0,0,Rezydencjalny,Obiekty usługowe,Zabudowa zwarta,Młode rodziny,Priorytet gospodarczy
24,14_5,5,4,2,0,0,Rezydencjalny,Obiekty usługowe,Zabudowa zwarta,Młode rodziny,Priorytet gospodarczy
24,18_5,5,4,2,0,0,Rezydencjalny,Obiekty usługowe,Zabudowa zwarta,Młode rodziny,Priorytet gospodarczy
24,23_5,5,4,2,0,0,Rezydencjalny,Obiekty usługowe,Zabudowa zwarta,Młode rodziny,Priorytet gospodarczy
24,27_5,5,4,2,1,0,Rezydencjalny,Obiekty usługowe,Zabudowa zwarta,Młode rodziny,Priorytet gospodarczy
24,30_5,5,4,2,0,0,Rezydencjalny,Obiekty usługowe,Zabudowa zwarta,Młode rodziny,Priorytet gospodarczy
24,34_5,5,4,2,1,0,Rezydencjalny,Obiekty usługowe,Zabudowa zwarta,Młode rodziny,Priorytet gospodarczy
24,38_5,5,4,2,1,0,Rezydencjalny,Obiekty usługowe,Zabudowa zwarta,Młode rodziny,Priorytet gospodarczy
24,41_5,5,4,2,1,0,Rezydencjalny,Obiekty usługowe,Zabudowa zwarta,Młode rodziny,Priorytet gospodarczy
24,45_5,5,4,2,1,0,Rezydencjalny,Obiekty usługowe,Zabudowa zwarta,Młode rodziny,Priorytet gospodarczy
24,49_5,5,4,2,0,0,Rezydencjalny,Obiekty usługowe,Zabudowa zwarta,Młode rodziny,Priorytet gospodarczy
24,52_5,5,4,2,1,0,Rezydencjalny,Obiekty usługowe,Zabudowa zwarta,Młode rodziny,Priorytet gospodarczy
24,57_5,5,4,2,0,0,Rezydencjalny,Obiekty usługowe,Zabudowa zwarta,Młode rodziny,Priorytet gospodarczy
24,60_5,5,4,2,0,0,Rezydencjalny,Obiekty usługowe,Zabudowa zwarta,Młode rodziny,Priorytet gospodarczy
24,64_5,5,4,2,0,0,Rezydencjalny,Obiekty usługowe,Zabudowa zwarta,Młode rodziny,Priorytet gospodarczy
24,68_5,5,4,2,0,0,Rezydencjalny,Obiekty usługowe,Zabudowa zwarta,Młode rodziny,Priorytet gospodarczy
24,71_5,5,4,2,0,0,Rezydencjalny,Obiekty usługowe,Zabudowa zwarta,Młode rodziny,Priorytet gospodarczy
24,75_5,5,4,2,0,0,Rezydencjalny,Obiekty usługowe,Zabudowa zwarta,Młode rodziny,Priorytet gospodarczy
